Name,ID,Value,Value last updated,DOB,Age,Height (m),Nationality,Citizenship,Position,Other positions,Team,Last club,Since,Joined,Contract expiration,Market value history,Transfer history
Christian Nørgaard,148367,€5.00m,"Jun 3, 2026","Mar 10, 1994",32,1.88,Denmark,[],Defensive Midfield,,Everton,,,"Aug 5, 2026","Jun 30, 2028",,"Empty DataFrame
Columns: [Season, Date, Left, Joined, MV, Fee]
Index: []"
Emiliano Marcondes,232964,€600k,"May 28, 2026","Mar 9, 1995",31,1.83,Denmark,[],Attacking Midfield,,Melbourne City,,,"Aug 20, 2026","Jun 30, 2027",,"Empty DataFrame
Columns: [Season, Date, Left, Joined, MV, Fee]
Index: []"
Gavin Kilkenny,469064,€350k,"May 15, 2026","Feb 1, 2000",26,1.75,Ireland,[],Defensive Midfield,,Swindon Town,,,"Aug 29, 2024","Jun 30, 2028",,"Empty DataFrame
Columns: [Season, Date, Left, Joined, MV, Fee]
Index: []"
Davinson Sánchez,341429,€16.00m,"May 21, 2026","Jun 12, 1996",30,1.88,Colombia,[],Centre-Back,,Galatasaray,,,"Sep 4, 2023","Jun 30, 2029",,"Empty DataFrame
Columns: [Season, Date, Left, Joined, MV, Fee]
Index: []"
Alex Iwobi,242631,€20.00m,"Jun 3, 2026","May 3, 1996",30,1.83,Nigeria,[],Defensive Midfield,,Fulham,,,"Sep 1, 2023","Jun 30, 2028",,"Empty DataFrame
Columns: [Season, Date, Left, Joined, MV, Fee]
Index: []"
Gabriel Martinelli,655488,€45.00m,"Jun 3, 2026","Jun 18, 2001",25,1.78,Brazil,[],Left Winger,,Al-Hilal,,,"Sep 3, 2026","Jun 30, 2030",,"Empty DataFrame
Columns: [Season, Date, Left, Joined, MV, Fee]
Index: []"
Paulo Gazzaniga,195488,€1.80m,"Jun 5, 2026","Jan 2, 1992",34,1.96,Argentina,[],Goalkeeper,,Girona,,,"Jul 1, 2023","Jun 30, 2027",,"Empty DataFrame
Columns: [Season, Date, Left, Joined, MV, Fee]
Index: []"
Wilfred Ndidi,274839,€8.00m,"May 21, 2026","Dec 16, 1996",29,1.8,Nigeria,"['England', 'Nigeria']",Defensive Midfield,"                  0
0  Central Midfield",Besiktas,,,"Aug 7, 2025","Jun 30, 2028",,"Empty DataFrame
Columns: [Season, Date, Left, Joined, MV, Fee]
Index: []"
Moussa Niakhaté,291200,€15.00m,"Jun 1, 2026","Mar 8, 1996",30,1.91,Senegal,"['Senegal', 'France']",Centre-Back,"           0
0  Left-Back",Lyon,,,"Jul 4, 2024","Jun 30, 2028",,"Empty DataFrame
Columns: [Season, Date, Left, Joined, MV, Fee]
Index: []"
Rasmus Nissen Kristensen,369684,€10.00m,"May 27, 2026","Jul 11, 1997",29,1.88,Denmark,['Denmark'],Right-Back,"                0
0  Right Midfield
1     Centre-Back",Midtjylland,,,"Jul 1, 2026","Jun 30, 2031",,"Empty DataFrame
Columns: [Season, Date, Left, Joined, MV, Fee]
Index: []"
Luka Milivojevic,74300,€600k,"May 26, 2026","Apr 7, 1991",35,1.83,Serbia,[],Defensive Midfield,,Without Club,Al-Nasr,"Jul 1, 2026",,,,"Empty DataFrame
Columns: [Season, Date, Left, Joined, MV, Fee]
Index: []"
Joel Ward,92572,€200k,"May 28, 2026","Oct 29, 1989",36,1.85,England,[],Right-Back,,Without Club,Swansea,"Jul 1, 2026",,,,"Empty DataFrame
Columns: [Season, Date, Left, Joined, MV, Fee]
Index: []"
Amad Diallo,536835,€45.00m,"Jun 3, 2026","Jul 11, 2002",24,1.73,Cote d'Ivoire,[],Right Winger,,Man Utd,,,"Jan 2, 2021","Jun 30, 2030",,"Empty DataFrame
Columns: [Season, Date, Left, Joined, MV, Fee]
Index: []"
Loïc Badé,730581,€20.00m,"May 27, 2026","Apr 11, 2000",26,1.91,France,"[""Cote d'Ivoire"", 'France']",Centre-Back,,Leverkusen,,,"Aug 21, 2025","Jun 30, 2030",,"Empty DataFrame
Columns: [Season, Date, Left, Joined, MV, Fee]
Index: []"
Ben Pearson,183302,€700k,"May 28, 2026","Jan 4, 1995",31,1.75,England,['England'],Defensive Midfield,"                  0
0  Central Midfield",Stoke City,,,"Jul 8, 2023","Jun 30, 2027",,"Empty DataFrame
Columns: [Season, Date, Left, Joined, MV, Fee]
Index: []"
Kurt Zouma,157509,€3.00m,"May 26, 2026","Oct 27, 1994",31,1.91,France,[],Centre-Back,,Palm City,,,"Jul 13, 2026",-,,"Empty DataFrame
Columns: [Season, Date, Left, Joined, MV, Fee]
Index: []"
Ederson,238223,€10.00m,"May 21, 2026","Aug 17, 1993",33,1.88,Brazil,"['Portugal', 'Brazil']",Goalkeeper,,Fenerbahçe,,,"Sep 2, 2025","Jun 30, 2028",,"Empty DataFrame
Columns: [Season, Date, Left, Joined, MV, Fee]
Index: []"
Luke Chambers,670861,€1.00m,"May 28, 2026","Jun 24, 2004",22,1.8,England,[],Left-Back,,Liverpool U21,,,"Jul 1, 2022","Jun 30, 2027",,"Empty DataFrame
Columns: [Season, Date, Left, Joined, MV, Fee]
Index: []"
César Azpilicueta,57500,,,"Aug 28, 1989",37,1.78,Spain,[],Right-Back,,Retired,Sevilla FC,"Jul 1, 2026",,,,"Empty DataFrame
Columns: [Season, Date, Left, Joined, MV, Fee]
Index: []"
Matheus Nunes,601883,€50.00m,"Jun 3, 2026","Aug 27, 1998",28,1.83,Portugal,"['Portugal', 'Brazil']",Right-Back,"                  0
0  Central Midfield",Man City,,,"Sep 1, 2023","Jun 30, 2028",,"Empty DataFrame
Columns: [Season, Date, Left, Joined, MV, Fee]
Index: []"
Marc Cucurella,284857,€60.00m,"Jul 22, 2026","Jul 22, 1998",28,1.73,Spain,['Spain'],Left-Back,"               0
0  Left Midfield",Real Madrid,,,"Jul 1, 2026","Jun 30, 2032",,"Empty DataFrame
Columns: [Season, Date, Left, Joined, MV, Fee]
Index: []"
Rodri,357565,€55.00m,"Jul 22, 2026","Jun 22, 1996",30,1.91,Spain,['Spain'],Defensive Midfield,"                  0
0  Central Midfield",Barcelona,,,"Aug 18, 2026","Jun 30, 2030",,"Empty DataFrame
Columns: [Season, Date, Left, Joined, MV, Fee]
Index: []"
Yoane Wissa,388165,€25.00m,"Jun 3, 2026","Sep 3, 1996",30,1.75,DR Congo,"['DR Congo', 'France']",Centre-Forward,"              0
0   Left Winger
1  Right Winger",Newcastle,,,"Sep 1, 2025","Jun 30, 2029",,"Empty DataFrame
Columns: [Season, Date, Left, Joined, MV, Fee]
Index: []"
Jack Stacey,249356,€1.80m,"May 28, 2026","Apr 6, 1996",30,1.8,England,[],Right-Back,,Norwich,,,"Jul 1, 2023","Jun 30, 2027",,"Empty DataFrame
Columns: [Season, Date, Left, Joined, MV, Fee]
Index: []"
Jaden Philogene,665390,€20.00m,"May 28, 2026","Feb 8, 2002",24,1.8,England,"['England', 'Dominica']",Left Winger,"              0
0  Right Winger",Ipswich,,,"Jan 15, 2025","Jun 30, 2029",,"Empty DataFrame
Columns: [Season, Date, Left, Joined, MV, Fee]
Index: []"
Rayan Aït-Nouri,578391,€40.00m,"Jun 3, 2026","Jun 6, 2001",25,1.8,Algeria,[],Left-Back,,Man City,,,"Jun 9, 2025","Jun 30, 2030",,"Empty DataFrame
Columns: [Season, Date, Left, Joined, MV, Fee]
Index: []"
Flynn Downes,506189,€10.00m,"May 28, 2026","Jan 20, 1999",27,1.78,England,[],Defensive Midfield,,Southampton,,,"Jul 16, 2024","Jun 30, 2028",,"Empty DataFrame
Columns: [Season, Date, Left, Joined, MV, Fee]
Index: []"
Aymeric Laporte,176553,€8.00m,"Jun 5, 2026","May 27, 1994",32,1.91,Spain,[],Centre-Back,,Athletic Club,,,"Sep 1, 2025","Jun 30, 2028",,"Empty DataFrame
Columns: [Season, Date, Left, Joined, MV, Fee]
Index: []"
Nathan Aké,177476,€12.00m,"Jun 3, 2026","Feb 18, 1995",31,1.8,Netherlands,"[""Cote d'Ivoire"", 'Netherlands']",Centre-Back,"                    0
0           Left-Back
1  Defensive Midfield",Fenerbahçe,,,"Jul 4, 2026","Jun 30, 2029",,"Empty DataFrame
Columns: [Season, Date, Left, Joined, MV, Fee]
Index: []"
Marc Roca,336869,€4.00m,"Jun 5, 2026","Nov 26, 1996",29,1.83,Spain,[],Defensive Midfield,,Real Betis,,,"Jul 1, 2024","Jun 30, 2029",,"Empty DataFrame
Columns: [Season, Date, Left, Joined, MV, Fee]
Index: []"
James Ward-Prowse,181579,€5.00m,"Jun 3, 2026","Nov 1, 1994",31,1.78,England,[],Central Midfield,,Southampton,,,"Aug 28, 2026","Jun 30, 2028",,"Empty DataFrame
Columns: [Season, Date, Left, Joined, MV, Fee]
Index: []"
Hugo Bueno,698678,€12.00m,"Jun 3, 2026","Sep 18, 2002",23,1.8,Spain,[],Left-Back,,Wolves,,,"Jul 1, 2022","Jun 30, 2028",,"Empty DataFrame
Columns: [Season, Date, Left, Joined, MV, Fee]
Index: []"
Billy Gilmour,423744,€20.00m,"May 29, 2026","Jun 11, 2001",25,1.7,Scotland,[],Defensive Midfield,,Napoli,,,"Aug 30, 2024","Jun 30, 2029",,"Empty DataFrame
Columns: [Season, Date, Left, Joined, MV, Fee]
Index: []"
Tetê,371256,€9.00m,"May 26, 2026","Feb 15, 2000",26,1.75,Brazil,['Brazil'],Right Winger,"                    0
0         Left Winger
1  Attacking Midfield",Grêmio,,,"Jan 11, 2026","Dec 31, 2029",,"Empty DataFrame
Columns: [Season, Date, Left, Joined, MV, Fee]
Index: []"
Marcel Sabitzer,106987,€6.00m,"May 27, 2026","Mar 17, 1994",32,1.78,Austria,['Austria'],Central Midfield,"                    0
0  Attacking Midfield
1       Left Midfield",Dortmund,,,"Jul 24, 2023","Jun 30, 2027",,"Empty DataFrame
Columns: [Season, Date, Left, Joined, MV, Fee]
Index: []"
Adam Webster,212847,€3.00m,"Jun 3, 2026","Jan 4, 1995",31,1.91,England,['England'],Centre-Back,"            0
0  Right-Back",Without Club,Brighton,"Jul 1, 2026",,,,"Empty DataFrame
Columns: [Season, Date, Left, Joined, MV, Fee]
Index: []"
Josh Wilson-Esbrand,576121,€2.50m,"Jun 4, 2026","Dec 26, 2002",23,1.75,England,"['England', 'Jamaica']",Left-Back,"               0
0  Left Midfield",Man City,,,"Jan 1, 2023","Jun 30, 2027",,"Empty DataFrame
Columns: [Season, Date, Left, Joined, MV, Fee]
Index: []"
Marvelous Nakamba,324882,€700k,"May 28, 2026","Jan 19, 1994",32,1.78,Zimbabwe,['Zimbabwe'],Defensive Midfield,"                  0
0  Central Midfield",Panetolikos,,,"Aug 7, 2026","Jun 30, 2027",,"Empty DataFrame
Columns: [Season, Date, Left, Joined, MV, Fee]
Index: []"
Jack Harrison,417346,€6.50m,"May 29, 2026","Nov 20, 1996",29,1.75,England,['England'],Left Winger,"              0
0  Right Winger",New England,,,"Jul 26, 2026","Jun 30, 2030",,"Empty DataFrame
Columns: [Season, Date, Left, Joined, MV, Fee]
Index: []"
Michael Olakigbe,734425,€500k,"May 15, 2026","Apr 25, 2004",22,1.8,England,"['England', 'Nigeria']",Left Winger,"                    0
0  Attacking Midfield
1        Right Winger",WSG Tirol,,,"Jul 1, 2026","Jun 30, 2027",,"Empty DataFrame
Columns: [Season, Date, Left, Joined, MV, Fee]
Index: []"
Zach Abbott,933017,€4.00m,"Jun 3, 2026","May 13, 2006",20,1.88,England,['England'],Centre-Back,"            0
0  Right-Back
1   Left-Back",Southampton,,,"Sep 1, 2026","Jun 30, 2027",,"Empty DataFrame
Columns: [Season, Date, Left, Joined, MV, Fee]
Index: []"
Bernd Leno,72476,€6.00m,"Jun 3, 2026","Mar 4, 1992",34,1.91,Germany,['Germany'],Goalkeeper,,Fulham,,,"Aug 2, 2022","Jun 30, 2027",,"Empty DataFrame
Columns: [Season, Date, Left, Joined, MV, Fee]
Index: []"
João Félix,462250,€28.00m,"Jun 4, 2026","Nov 10, 1999",26,1.78,Portugal,[],Second Striker,,Al-Nassr,,,"Jul 29, 2025","Jun 30, 2027",,"Empty DataFrame
Columns: [Season, Date, Left, Joined, MV, Fee]
Index: []"
Timothy Castagne,262226,€8.00m,"Jun 3, 2026","Dec 5, 1995",30,1.85,Belgium,[],Right-Back,,Fulham,,,"Aug 29, 2023","Jun 30, 2027",,"Empty DataFrame
Columns: [Season, Date, Left, Joined, MV, Fee]
Index: []"
Brandon Austin,428016,€500k,"Jun 3, 2026","Jan 8, 1999",27,1.88,England,[],Goalkeeper,,Tottenham,,,"Aug 1, 2021","Jun 30, 2029",,"Empty DataFrame
Columns: [Season, Date, Left, Joined, MV, Fee]
Index: []"
Joe Rothwell,183293,€600k,"May 28, 2026","Jan 11, 1995",31,1.85,England,"['England', 'Scotland']",Central Midfield,"                    0
0  Defensive Midfield
1       Left Midfield",Sheff Utd,,,"Feb 2, 2026","Jun 30, 2027",,"Empty DataFrame
Columns: [Season, Date, Left, Joined, MV, Fee]
Index: []"
Ivan Toney,251664,€20.00m,"Jun 4, 2026","Mar 16, 1996",30,1.85,England,[],Centre-Forward,,Al-Ahli,,,"Aug 31, 2024","Jun 30, 2028",,"Empty DataFrame
Columns: [Season, Date, Left, Joined, MV, Fee]
Index: []"
Manuel Lanzini,135853,€900k,"May 22, 2026","Feb 15, 1993",33,1.7,Argentina,[],Attacking Midfield,,Vélez Sarsfield,,,"Aug 21, 2025","Dec 31, 2026",,"Empty DataFrame
Columns: [Season, Date, Left, Joined, MV, Fee]
Index: []"
Pontus Jansson,125314,€650k,"Jun 29, 2026","Feb 13, 1991",35,1.96,Sweden,[],Centre-Back,,Malmö,,,"Jul 20, 2023","Dec 31, 2027",,"Empty DataFrame
Columns: [Season, Date, Left, Joined, MV, Fee]
Index: []"
Mason Greenwood,532826,€55.00m,"Jun 1, 2026","Oct 1, 2001",24,1.8,England,"['England', 'Jamaica']",Right Winger,"                0
0  Centre-Forward
1  Second Striker",Fenerbahçe,,,"Jul 14, 2026","Jun 30, 2030",,"Empty DataFrame
Columns: [Season, Date, Left, Joined, MV, Fee]
Index: []"
Alex Gilbert,542884,€1.00m,"May 28, 2026","Dec 28, 2001",24,1.83,Ireland,"['England', 'Ireland']",Attacking Midfield,"             0
0  Left Winger",Leyton Orient,,,"Sep 3, 2026","Jun 30, 2029",,"Empty DataFrame
Columns: [Season, Date, Left, Joined, MV, Fee]
Index: []"
Josh Bowler,506470,€600k,"May 12, 2026","Mar 5, 1999",27,1.83,England,[],Right Winger,,Blackpool,,,"Sep 1, 2025","Jun 30, 2027",,"Empty DataFrame
Columns: [Season, Date, Left, Joined, MV, Fee]
Index: []"
Toti,606718,€18.00m,"Jun 3, 2026","Jan 16, 1999",27,1.88,Portugal,"['Portugal', 'Guinea-Bissau']",Centre-Back,"           0
0  Left-Back",Wolves,,,"Sep 2, 2020","Jun 30, 2029",,"Empty DataFrame
Columns: [Season, Date, Left, Joined, MV, Fee]
Index: []"
Carlos Vinícius,525287,€7.00m,"May 26, 2026","Mar 25, 1995",31,1.91,Brazil,[],Centre-Forward,,Grêmio,,,"Jul 23, 2025","Dec 31, 2026",,"Empty DataFrame
Columns: [Season, Date, Left, Joined, MV, Fee]
Index: []"
Manuel Akanji,284730,€17.00m,"May 29, 2026","Jul 19, 1995",31,1.88,Switzerland,"['Nigeria', 'Switzerland']",Centre-Back,"            0
0  Right-Back
1   Left-Back",Inter,,,"Jul 1, 2026","Jun 30, 2028",,"Empty DataFrame
Columns: [Season, Date, Left, Joined, MV, Fee]
Index: []"
Rúben Neves,225161,€25.00m,"Jun 4, 2026","Mar 13, 1997",29,1.83,Portugal,[],Defensive Midfield,,Al-Hilal,,,"Jul 1, 2023","Jun 30, 2029",,"Empty DataFrame
Columns: [Season, Date, Left, Joined, MV, Fee]
Index: []"
Jonny Evans,42412,,,"Jan 3, 1988",38,1.88,Northern Ireland,[],Centre-Back,,Retired,Man Utd,"Jul 1, 2025",,,,"Empty DataFrame
Columns: [Season, Date, Left, Joined, MV, Fee]
Index: []"
Dale Taylor,624267,€600k,"May 12, 2026","Dec 12, 2003",22,1.85,Northern Ireland,['Northern Ireland'],Centre-Forward,"              0
0   Left Winger
1  Right Winger",Blackpool,,,"Aug 7, 2025","Jun 30, 2029",,"Empty DataFrame
Columns: [Season, Date, Left, Joined, MV, Fee]
Index: []"
Marvelous Nakamba,324882,€700k,"May 28, 2026","Jan 19, 1994",32,1.78,Zimbabwe,[],Defensive Midfield,,Panetolikos,,,"Aug 7, 2026","Jun 30, 2027",,"Empty DataFrame
Columns: [Season, Date, Left, Joined, MV, Fee]
Index: []"
Enzo Fernández,648195,€100.00m,"Jul 22, 2026","Jan 17, 2001",25,1.78,Argentina,['Argentina'],Central Midfield,"                    0
0  Defensive Midfield
1  Attacking Midfield",Man City,,,"Sep 1, 2026","Jun 30, 2031",,"Empty DataFrame
Columns: [Season, Date, Left, Joined, MV, Fee]
Index: []"
Cristian Romero,355915,€50.00m,"Jul 22, 2026","Apr 27, 1998",28,1.85,Argentina,['Argentina'],Centre-Back,,Atlético,,,"Aug 15, 2026","Jun 30, 2031",,"Empty DataFrame
Columns: [Season, Date, Left, Joined, MV, Fee]
Index: []"
Oliwier Zych,555074,€2.00m,"Jun 4, 2026","Jun 28, 2004",22,1.93,Poland,[],Goalkeeper,,Vit. Guimarães,,,"Jul 15, 2026","Jun 30, 2027",,"Empty DataFrame
Columns: [Season, Date, Left, Joined, MV, Fee]
Index: []"
Thilo Kehrer,228948,€12.00m,"Jun 1, 2026","Sep 21, 1996",29,1.85,Germany,[],Centre-Back,,Ajax,,,"Sep 2, 2026","Jun 30, 2027",,"Empty DataFrame
Columns: [Season, Date, Left, Joined, MV, Fee]
Index: []"
Aaron Hickey,591949,€16.00m,"Jun 3, 2026","Jun 10, 2002",24,1.85,Scotland,['Scotland'],Right-Back,"               0
0      Left-Back
1  Left Midfield",Brentford,,,"Jul 9, 2022","Jun 30, 2028",,"Empty DataFrame
Columns: [Season, Date, Left, Joined, MV, Fee]
Index: []"
Ricardo Pereira,215876,€1.50m,"May 28, 2026","Oct 6, 1993",32,1.75,Portugal,"['Cape Verde', 'Portugal']",Right-Back,"              0
0     Left-Back
1  Right Winger",Without Club,Leicester,"Jul 1, 2026",,,,"Empty DataFrame
Columns: [Season, Date, Left, Joined, MV, Fee]
Index: []"
Kurt Zouma,157509,€3.00m,"May 26, 2026","Oct 27, 1994",31,1.91,France,"['France', 'Central African Republic']",Centre-Back,"            0
0  Right-Back",Palm City,,,"Jul 13, 2026",-,,"Empty DataFrame
Columns: [Season, Date, Left, Joined, MV, Fee]
Index: []"
Joël Matip,82105,,,N/A (35),35,1.96,Cameroon,"['Germany', 'Cameroon']",Centre-Back,"                    0
0  Defensive Midfield",Retired,Liverpool,"Jul 1, 2024",,,,"Empty DataFrame
Columns: [Season, Date, Left, Joined, MV, Fee]
Index: []"
Calvin Ramsay,633652,€1.50m,"Jun 3, 2026","Jul 31, 2003",23,1.85,Scotland,[],Right-Back,,St. Mirren,,,"Aug 25, 2026","May 31, 2027",,"Empty DataFrame
Columns: [Season, Date, Left, Joined, MV, Fee]
Index: []"
Noni Madueke,503987,€50.00m,"Jun 3, 2026","Mar 10, 2002",24,1.83,England,"['England', 'Nigeria']",Right Winger,"             0
0  Left Winger",Arsenal,,,"Jul 18, 2025","Jun 30, 2030",,"Empty DataFrame
Columns: [Season, Date, Left, Joined, MV, Fee]
Index: []"
Amadou Onana,485706,€45.00m,"Jun 3, 2026","Aug 16, 2001",25,1.96,Belgium,"['Senegal', 'Belgium']",Defensive Midfield,"                  0
0  Central Midfield",Aston Villa,,,"Jul 22, 2024","Jun 30, 2029",,"Empty DataFrame
Columns: [Season, Date, Left, Joined, MV, Fee]
Index: []"
Demarai Gray,292417,€3.50m,"May 28, 2026","Jun 28, 1996",30,1.83,Jamaica,"['England', 'Jamaica']",Left Winger,"                    0
0        Right Winger
1  Attacking Midfield",Birmingham,,,"Jul 3, 2025","Jun 30, 2028",,"Empty DataFrame
Columns: [Season, Date, Left, Joined, MV, Fee]
Index: []"
Pierre Ekwah,538994,€2.00m,"May 28, 2026","Jan 15, 2002",24,1.88,France,[],Defensive Midfield,,AJ Auxerre,,,"Aug 26, 2026","Jun 30, 2027",,"Empty DataFrame
Columns: [Season, Date, Left, Joined, MV, Fee]
Index: []"
George Shelvey,565684,,,"Apr 22, 2001",25,1.88,England,['England'],Goalkeeper,,Without Club,Gateshead,"Jul 1, 2026",,,,"Empty DataFrame
Columns: [Season, Date, Left, Joined, MV, Fee]
Index: []"
Dominic Solanke,258889,€28.00m,"Jun 3, 2026","Sep 14, 1997",28,1.85,England,[],Centre-Forward,,Tottenham,,,"Aug 10, 2024","Jun 30, 2030",,"Empty DataFrame
Columns: [Season, Date, Left, Joined, MV, Fee]
Index: []"
Jaïro Riedewald,241481,€1.80m,"May 28, 2026","Sep 9, 1996",30,1.83,Netherlands,[],Defensive Midfield,,Sheff Utd,,,"Oct 17, 2025","Jun 30, 2027",,"Empty DataFrame
Columns: [Season, Date, Left, Joined, MV, Fee]
Index: []"
Claudio Gomes,395239,€1.50m,"Jun 4, 2026","Jul 23, 2000",26,1.7,France,"['Guinea-Bissau', 'France']",Defensive Midfield,"                  0
0        Right-Back
1  Central Midfield",Palermo,,,"Sep 1, 2022","Jun 30, 2027",,"Empty DataFrame
Columns: [Season, Date, Left, Joined, MV, Fee]
Index: []"
Luke Cundle,532541,€3.20m,"May 28, 2026","Apr 26, 2002",24,1.7,England,['England'],Central Midfield,"                    0
0  Attacking Midfield
1  Defensive Midfield",Millwall,,,"Jan 31, 2025",-,,"Empty DataFrame
Columns: [Season, Date, Left, Joined, MV, Fee]
Index: []"
Daniel Podence,256977,€4.00m,"Jun 4, 2026","Oct 21, 1995",30,1.7,Portugal,[],Left Winger,,Al-Shabab,,,"Sep 2, 2024",-,,"Empty DataFrame
Columns: [Season, Date, Left, Joined, MV, Fee]
Index: []"
Lloyd Kelly,480116,€23.00m,"May 29, 2026","Oct 6, 1998",27,1.88,England,"['England', 'Jamaica']",Centre-Back,"           0
0  Left-Back",Juventus,,,"Jul 1, 2025","Jun 30, 2029",,"Empty DataFrame
Columns: [Season, Date, Left, Joined, MV, Fee]
Index: []"
Yerson Mosquera,716276,€12.00m,"Jun 3, 2026","May 2, 2001",25,1.88,Colombia,['Colombia'],Centre-Back,"            0
0  Right-Back",Wolves,,,"Jul 1, 2021","Jun 30, 2030",,"Empty DataFrame
Columns: [Season, Date, Left, Joined, MV, Fee]
Index: []"
Issa Diop,272622,€8.00m,"Jun 3, 2026","Jan 9, 1997",29,1.93,Morocco,"['Morocco', 'France']",Centre-Back,,Ipswich,,,"Jul 22, 2026","Jun 30, 2030",,"Empty DataFrame
Columns: [Season, Date, Left, Joined, MV, Fee]
Index: []"
Jack Grealish,203460,€20.00m,"Jun 3, 2026","Sep 10, 1995",31,1.8,England,"['England', 'Ireland']",Left Winger,"                    0
0  Attacking Midfield
1       Left Midfield",Everton,,,"Sep 1, 2026","Jun 30, 2027",,"Empty DataFrame
Columns: [Season, Date, Left, Joined, MV, Fee]
Index: []"
Leandro Trossard,144028,€18.00m,"Jun 3, 2026","Dec 4, 1994",31,1.73,Belgium,[],Left Winger,,Besiktas,,,"Jul 15, 2026","Jun 30, 2029",,"Empty DataFrame
Columns: [Season, Date, Left, Joined, MV, Fee]
Index: []"
Yan Valery,406008,€1.50m,"Jun 2, 2026","Feb 22, 1999",27,1.85,Tunisia,"['Tunisia', 'France']",Right-Back,"                0
0  Right Midfield
1     Centre-Back",Sheff Wed,,,"Jul 1, 2024","Jun 30, 2027",,"Empty DataFrame
Columns: [Season, Date, Left, Joined, MV, Fee]
Index: []"
Armando Broja,571743,€5.00m,"Jun 3, 2026","Sep 10, 2001",25,1.91,Albania,"['Albania', 'England']",Centre-Forward,,Burnley,,,"Aug 8, 2025","Jun 30, 2030",,"Empty DataFrame
Columns: [Season, Date, Left, Joined, MV, Fee]
Index: []"
Emil Krafth,184528,€750k,"Jun 3, 2026","Aug 2, 1994",32,1.83,Sweden,['Sweden'],Right-Back,"             0
0  Centre-Back",Without Club,Newcastle,"Jul 1, 2026",,,,"Empty DataFrame
Columns: [Season, Date, Left, Joined, MV, Fee]
Index: []"
Aaron Ramsdale,427568,€12.00m,"Jun 3, 2026","May 14, 1998",28,1.91,England,[],Goalkeeper,,Southampton,,,"Aug 30, 2024","Jun 30, 2028",,"Empty DataFrame
Columns: [Season, Date, Left, Joined, MV, Fee]
Index: []"
Willy Boly,142310,€300k,"Jun 3, 2026","Feb 3, 1991",35,1.96,Cote d'Ivoire,[],Centre-Back,,Without Club,Nott'm Forest,"Jul 1, 2026",,,,"Empty DataFrame
Columns: [Season, Date, Left, Joined, MV, Fee]
Index: []"
Tayo Adaramola,724529,€800k,"May 28, 2026","Nov 14, 2003",22,1.78,Ireland,[],Left-Back,,Cercle Brugge,,,"Aug 17, 2026","Jun 30, 2030",,"Empty DataFrame
Columns: [Season, Date, Left, Joined, MV, Fee]
Index: []"
Odsonne Édouard,344152,€12.00m,"Jun 1, 2026","Jan 16, 1998",28,1.88,France,[],Centre-Forward,,Lens,,,"Sep 1, 2025","Jun 30, 2028",,"Empty DataFrame
Columns: [Season, Date, Left, Joined, MV, Fee]
Index: []"
Sean Longstaff,346707,€15.00m,"Jun 3, 2026","Oct 30, 1997",28,1.88,England,[],Central Midfield,,Leeds,,,"Jul 18, 2025","Jun 30, 2029",,"Empty DataFrame
Columns: [Season, Date, Left, Joined, MV, Fee]
Index: []"
James Garner,505219,€45.00m,"Jun 3, 2026","Mar 13, 2001",25,1.83,England,['England'],Defensive Midfield,"                  0
0  Central Midfield
1    Right Midfield",Everton,,,"Sep 1, 2022","Jun 30, 2030",,"Empty DataFrame
Columns: [Season, Date, Left, Joined, MV, Fee]
Index: []"
Ibrahima Konaté,357119,€45.00m,"Jun 3, 2026","May 25, 1999",27,1.93,France,[],Centre-Back,,Real Madrid,,,"Jul 1, 2026","Jun 30, 2030",,"Empty DataFrame
Columns: [Season, Date, Left, Joined, MV, Fee]
Index: []"
Richarlison,378710,€25.00m,"Jun 3, 2026","May 10, 1997",29,1.83,Brazil,['Brazil'],Centre-Forward,"              0
0   Left Winger
1  Right Winger",Tottenham,,,"Jul 1, 2022","Jun 30, 2027",,"Empty DataFrame
Columns: [Season, Date, Left, Joined, MV, Fee]
Index: []"
Nathaniel Clyne,85177,€300k,"Jun 3, 2026","Apr 5, 1991",35,1.75,England,[],Right-Back,,Without Club,Crystal Palace,"Jul 1, 2026",,,,"Empty DataFrame
Columns: [Season, Date, Left, Joined, MV, Fee]
Index: []"
Adama Traoré,204103,€6.00m,"Jun 3, 2026","Jan 25, 1996",30,1.78,Spain,"['Spain', 'Mali']",Right Winger,"                0
0  Centre-Forward
1     Left Winger",Dep. A Coruña,,,"Aug 26, 2026","Jun 30, 2028",,"Empty DataFrame
Columns: [Season, Date, Left, Joined, MV, Fee]
Index: []"
Lucas Digne,126664,€6.00m,"Jun 3, 2026","Jul 20, 1993",33,1.78,France,['France'],Left-Back,"               0
0  Left Midfield",PSG,,,"Aug 9, 2026","Jun 30, 2029",,"Empty DataFrame
Columns: [Season, Date, Left, Joined, MV, Fee]
Index: []"
Willian,52769,€400k,"May 26, 2026","Aug 9, 1988",38,1.75,Brazil,[],Left Winger,,Without Club,Grêmio,"Aug 29, 2026",,,,"Empty DataFrame
Columns: [Season, Date, Left, Joined, MV, Fee]
Index: []"
Omar Richards,424881,€2.00m,"May 28, 2026","Feb 15, 1998",28,1.75,England,[],Left-Back,,Aris Saloniki,,,"Aug 21, 2026","Jun 30, 2030",,"Empty DataFrame
Columns: [Season, Date, Left, Joined, MV, Fee]
Index: []"
Melkamu Frauendorf,594721,€125k,"Jun 17, 2026","Jan 12, 2004",22,1.8,Germany,"['Germany', 'Ethiopia']",Right Winger,"                    0
0  Attacking Midfield
1         Left Winger",Stuttg. Kickers,,,"Jul 16, 2025","Jun 30, 2027",,"Empty DataFrame
Columns: [Season, Date, Left, Joined, MV, Fee]
Index: []"
Emil Krafth,184528,€750k,"Jun 3, 2026","Aug 2, 1994",32,1.83,Sweden,[],Right-Back,,Without Club,Newcastle,"Jul 1, 2026",,,,"Empty DataFrame
Columns: [Season, Date, Left, Joined, MV, Fee]
Index: []"
Shane Duffy,119269,€350k,"May 28, 2026","Jan 1, 1992",34,1.93,Ireland,"['Ireland', 'Northern Ireland']",Centre-Back,,Without Club,Norwich,"Jul 1, 2026",,,,"Empty DataFrame
Columns: [Season, Date, Left, Joined, MV, Fee]
Index: []"
Andreas Pereira,203394,€14.00m,"May 26, 2026","Jan 1, 1996",30,1.78,Brazil,"['Belgium', 'Brazil']",Central Midfield,"                    0
0  Defensive Midfield
1  Attacking Midfield",Palmeiras,,,"Aug 29, 2025","Dec 31, 2028",,"Empty DataFrame
Columns: [Season, Date, Left, Joined, MV, Fee]
Index: []"
Ben Chilwell,316125,€10.00m,"Jun 1, 2026","Dec 21, 1996",29,1.8,England,[],Left-Back,,Crystal Palace,,,"Sep 1, 2026",-,,"Empty DataFrame
Columns: [Season, Date, Left, Joined, MV, Fee]
Index: []"
Sergio Gómez,366930,€15.00m,"Jun 5, 2026","Sep 4, 2000",26,1.73,Spain,[],Left-Back,,Real Sociedad,,,"Jul 12, 2024","Jun 30, 2030",,"Empty DataFrame
Columns: [Season, Date, Left, Joined, MV, Fee]
Index: []"
Arnaut Danjuma,355861,€3.00m,"Jun 5, 2026","Jan 31, 1997",29,1.78,Netherlands,[],Left Winger,,Valencia,,,"Aug 10, 2025","Jun 30, 2028",,"Empty DataFrame
Columns: [Season, Date, Left, Joined, MV, Fee]
Index: []"
Nicolas Pépé,343052,€6.00m,"Jun 5, 2026","May 29, 1995",31,1.83,Cote d'Ivoire,[],Right Winger,,Villarreal,,,"Aug 4, 2024","Jun 30, 2028",,"Empty DataFrame
Columns: [Season, Date, Left, Joined, MV, Fee]
Index: []"
Georginio Rutter,538977,€30.00m,"Jun 3, 2026","Apr 20, 2002",24,1.83,France,[],Centre-Forward,,Brighton,,,"Aug 19, 2024","Jun 30, 2028",,"Empty DataFrame
Columns: [Season, Date, Left, Joined, MV, Fee]
Index: []"
Paulo Gazzaniga,195488,€1.80m,"Jun 5, 2026","Jan 2, 1992",34,1.96,Argentina,"['Argentina', 'Italy']",Goalkeeper,,Girona,,,"Jul 1, 2023","Jun 30, 2027",,"Empty DataFrame
Columns: [Season, Date, Left, Joined, MV, Fee]
Index: []"
Andrew Moran,724537,€1.50m,"May 28, 2026","Oct 15, 2003",22,1.78,Ireland,[],Attacking Midfield,,Preston,,,"Feb 2, 2026","Jun 30, 2029",,"Empty DataFrame
Columns: [Season, Date, Left, Joined, MV, Fee]
Index: []"
Matty Cash,425334,€22.00m,"Jun 3, 2026","Aug 7, 1997",29,1.85,Poland,[],Right-Back,,Aston Villa,,,"Sep 3, 2020","Jun 30, 2029",,"Empty DataFrame
Columns: [Season, Date, Left, Joined, MV, Fee]
Index: []"
Matija Sarkic,293257,,,"Jul 23, 1997",1997,,Montenegro,"['England', 'Montenegro']",Goalkeeper,,,,,,,,"Empty DataFrame
Columns: [Season, Date, Left, Joined, MV, Fee]
Index: []"
Dele Alli,207929,€1.00m,"Apr 9, 2026","Apr 11, 1996",30,1.88,England,"['England', 'Nigeria']",Attacking Midfield,"                  0
0  Central Midfield
1     Left Midfield",Without Club,Como,"Sep 1, 2025",,,,"Empty DataFrame
Columns: [Season, Date, Left, Joined, MV, Fee]
Index: []"
Andy Lonergan,14044,,,"Oct 19, 1983",42,1.93,England,[],Goalkeeper,,Retired,Wigan,"Aug 20, 2025",,,,"Empty DataFrame
Columns: [Season, Date, Left, Joined, MV, Fee]
Index: []"
Tom Cannon,669366,€7.00m,"May 28, 2026","Dec 28, 2002",23,1.8,Ireland,[],Centre-Forward,,Sheff Utd,,,"Jan 23, 2025","Jun 30, 2029",,"Empty DataFrame
Columns: [Season, Date, Left, Joined, MV, Fee]
Index: []"
Lyanco,379807,€4.50m,"May 26, 2026","Feb 1, 1997",29,1.88,Brazil,[],Centre-Back,,Atlético-MG,,,"Jul 10, 2024","Dec 31, 2029",,"Empty DataFrame
Columns: [Season, Date, Left, Joined, MV, Fee]
Index: []"
Gonçalo Guedes,225122,€6.00m,"Jun 5, 2026","Nov 29, 1996",29,1.78,Portugal,['Portugal'],Left Winger,"                0
0    Right Winger
1  Centre-Forward",Real Sociedad,,,"Aug 4, 2025","Jun 30, 2028",,"Empty DataFrame
Columns: [Season, Date, Left, Joined, MV, Fee]
Index: []"
Moussa Djenepo,485424,€900k,"May 21, 2026","Jun 15, 1998",28,1.78,Mali,[],Left Winger,,Panetolikos,,,"Aug 7, 2026","Jun 30, 2028",,"Empty DataFrame
Columns: [Season, Date, Left, Joined, MV, Fee]
Index: []"
Kristoffer Ajer,328658,€22.00m,"Jul 22, 2026","Apr 17, 1998",28,1.98,Norway,['Norway'],Centre-Back,"            0
0  Right-Back
1   Left-Back",Brentford,,,"Jul 21, 2021","Jun 30, 2030",,"Empty DataFrame
Columns: [Season, Date, Left, Joined, MV, Fee]
Index: []"
Jack Wadham,733434,,,"Feb 25, 2003",23,1.83,England,['England'],Central Midfield,,Worthing,,,"Jul 20, 2026",-,,"Empty DataFrame
Columns: [Season, Date, Left, Joined, MV, Fee]
Index: []"
Kobbie Mainoo,820374,€70.00m,"Jun 3, 2026","Apr 19, 2005",21,1.83,England,"['England', 'Ghana']",Central Midfield,"                    0
0  Defensive Midfield
1  Attacking Midfield",Man Utd,,,"Jul 1, 2023","Jun 30, 2031",,"Empty DataFrame
Columns: [Season, Date, Left, Joined, MV, Fee]
Index: []"
Mathias Jensen,319859,€10.00m,"Jun 3, 2026","Jan 1, 1996",30,1.8,Denmark,['Denmark'],Central Midfield,,Brentford,,,"Jul 10, 2019","Jun 30, 2027",,"Empty DataFrame
Columns: [Season, Date, Left, Joined, MV, Fee]
Index: []"
André Gomes,221025,€3.00m,"Jun 2, 2026","Jul 30, 1993",33,1.91,Portugal,[],Central Midfield,,Columbus,,,"Feb 19, 2026","Jun 30, 2027",,"Empty DataFrame
Columns: [Season, Date, Left, Joined, MV, Fee]
Index: []"
David Boateng,634706,,,"May 8, 2001",25,1.75,England,[],Right-Back,,Without Club,AFC Croydon,"Jul 1, 2026",,,,"Empty DataFrame
Columns: [Season, Date, Left, Joined, MV, Fee]
Index: []"
Bukayo Saka,433177,€110.00m,"Jun 3, 2026","Sep 5, 2001",25,1.78,England,[],Right Winger,,Arsenal,,,"Jul 1, 2019","Jun 30, 2030",,"Empty DataFrame
Columns: [Season, Date, Left, Joined, MV, Fee]
Index: []"
David Raya,262749,€30.00m,"Jun 3, 2026","Sep 15, 1995",30,1.85,Spain,[],Goalkeeper,,Arsenal,,,"Jul 4, 2024","Jun 30, 2028",,"Empty DataFrame
Columns: [Season, Date, Left, Joined, MV, Fee]
Index: []"
Tino Livramento,503981,€45.00m,"Jun 3, 2026","Nov 12, 2002",23,1.83,England,"['England', 'Scotland']",Right-Back,"                0
0       Left-Back
1  Right Midfield",Newcastle,,,"Aug 8, 2023","Jun 30, 2028",,"Empty DataFrame
Columns: [Season, Date, Left, Joined, MV, Fee]
Index: []"
Diamond Edwards,614261,,,"Sep 18, 2003",22,1.75,England,[],Attacking Midfield,,Hungerford,,,"Oct 10, 2025",-,,"Empty DataFrame
Columns: [Season, Date, Left, Joined, MV, Fee]
Index: []"
Mario Lemina,170934,€4.50m,"May 21, 2026","Sep 1, 1993",33,1.83,Gabon,[],Defensive Midfield,,Galatasaray,,,"Feb 5, 2025","Jun 30, 2028",,"Empty DataFrame
Columns: [Season, Date, Left, Joined, MV, Fee]
Index: []"
Jason Steele,73564,€500k,"Jun 3, 2026","Aug 18, 1990",36,1.88,England,"['England', 'Scotland']",Goalkeeper,,Brighton,,,"Jul 1, 2018","Jun 30, 2027",,"Empty DataFrame
Columns: [Season, Date, Left, Joined, MV, Fee]
Index: []"
Emiliano Martínez,111873,€12.00m,"Jun 3, 2026","Sep 2, 1992",34,1.96,Argentina,"['Argentina', 'Spain']",Goalkeeper,,Chelsea,,,"Aug 30, 2026","Jun 30, 2029",,"Empty DataFrame
Columns: [Season, Date, Left, Joined, MV, Fee]
Index: []"
Luke Ayling,67420,€350k,"May 28, 2026","Aug 25, 1991",35,1.83,England,[],Centre-Back,,Middlesbrough,,,"Jul 1, 2024","Jun 30, 2027",,"Empty DataFrame
Columns: [Season, Date, Left, Joined, MV, Fee]
Index: []"
Josh Feeney,875929,€650k,"May 12, 2026","May 6, 2005",21,1.96,England,"['England', 'Scotland']",Centre-Back,"                    0
0  Defensive Midfield",Peterborough,,,"Aug 31, 2026","Jun 30, 2027",,"Empty DataFrame
Columns: [Season, Date, Left, Joined, MV, Fee]
Index: []"
Owen Goodman,814848,€550k,"May 12, 2026","Nov 27, 2003",22,1.93,Canada,"['Canada', 'England']",Goalkeeper,,Dundee FC,,,"Jul 25, 2026","Jun 30, 2027",,"Empty DataFrame
Columns: [Season, Date, Left, Joined, MV, Fee]
Index: []"
Joe Willock,340329,€14.00m,"Jun 3, 2026","Aug 20, 1999",27,1.78,England,"['England', 'Montserrat']",Central Midfield,"                    0
0  Attacking Midfield
1      Right Midfield",Newcastle,,,"Aug 13, 2021","Jun 30, 2027",,"Empty DataFrame
Columns: [Season, Date, Left, Joined, MV, Fee]
Index: []"
Duje Caleta-Car,238266,€2.80m,"Jun 5, 2026","Sep 17, 1996",29,1.93,Croatia,[],Centre-Back,,Sassuolo,,,"Sep 1, 2026","Jun 30, 2028",,"Empty DataFrame
Columns: [Season, Date, Left, Joined, MV, Fee]
Index: []"
Neal Maupay,217115,€4.00m,"Jun 5, 2026","Aug 14, 1996",30,1.7,France,[],Centre-Forward,,Marseille,,,"Jul 1, 2025","Jun 30, 2028",,"Empty DataFrame
Columns: [Season, Date, Left, Joined, MV, Fee]
Index: []"
Kieffer Moore,275590,€1.30m,"May 28, 2026","Aug 8, 1992",34,1.96,Wales,"['England', 'Wales']",Centre-Forward,"             0
0  Centre-Back",Wrexham,,,"Aug 5, 2025","Jun 30, 2028",,"Empty DataFrame
Columns: [Season, Date, Left, Joined, MV, Fee]
Index: []"
Marc Albrighton,61560,,,"Nov 18, 1989",36,1.75,England,['England'],Right Midfield,"               0
0  Left Midfield",Retired,Leicester,"Aug 29, 2024",,,,"Empty DataFrame
Columns: [Season, Date, Left, Joined, MV, Fee]
Index: []"
Nélson Semedo,231572,€6.00m,"May 21, 2026","Nov 16, 1993",32,1.78,Portugal,"['Cape Verde', 'Portugal']",Right-Back,"                0
0  Right Midfield
1       Left-Back",Fenerbahçe,,,"Jul 30, 2025","Jun 30, 2027",,"Empty DataFrame
Columns: [Season, Date, Left, Joined, MV, Fee]
Index: []"
Charlie Cresswell,597659,€25.00m,"Jun 1, 2026","Aug 17, 2002",24,1.91,England,[],Centre-Back,,Stade Rennais,,,"Aug 4, 2026","Jun 30, 2027",,"Empty DataFrame
Columns: [Season, Date, Left, Joined, MV, Fee]
Index: []"
Odsonne Édouard,344152,€12.00m,"Jun 1, 2026","Jan 16, 1998",28,1.88,France,"['Haiti', 'France', 'French Guiana']",Centre-Forward,,Lens,,,"Sep 1, 2025","Jun 30, 2028",,"Empty DataFrame
Columns: [Season, Date, Left, Joined, MV, Fee]
Index: []"
Bruno Guimarães,520624,€70.00m,"Jun 3, 2026","Nov 16, 1997",28,1.83,Brazil,[],Central Midfield,,Arsenal,,,"Aug 8, 2026","Jun 30, 2030",,"Empty DataFrame
Columns: [Season, Date, Left, Joined, MV, Fee]
Index: []"
Marcus Tavernier,399434,€25.00m,"Jun 3, 2026","Mar 22, 1999",27,1.78,England,[],Attacking Midfield,,Bournemouth,,,"Aug 1, 2022","Jun 30, 2029",,"Empty DataFrame
Columns: [Season, Date, Left, Joined, MV, Fee]
Index: []"
Tommi O'Reilly,818237,€450k,"May 15, 2026","Dec 15, 2003",22,1.7,England,['England'],Attacking Midfield,"                  0
0  Central Midfield",Doncaster,,,"Aug 26, 2026","Jun 30, 2027",,"Empty DataFrame
Columns: [Season, Date, Left, Joined, MV, Fee]
Index: []"
Michael Dacosta,854722,,,"Mar 5, 2005",21,1.85,Spain,"['Spain', 'Equatorial Guinea']",Right Winger,"             0
0  Left Winger",Moreirense,,,"Jul 1, 2026","Jun 30, 2029",,"Empty DataFrame
Columns: [Season, Date, Left, Joined, MV, Fee]
Index: []"
Patrick Bamford,183334,€1.00m,"May 28, 2026","Sep 5, 1993",33,1.85,England,[],Centre-Forward,,Sheff Utd,,,"Nov 13, 2025","Jun 30, 2027",,"Empty DataFrame
Columns: [Season, Date, Left, Joined, MV, Fee]
Index: []"
Conor Gallagher,488362,€32.00m,"Jun 3, 2026","Feb 6, 2000",26,1.83,England,[],Central Midfield,,Tottenham,,,"Jan 14, 2026","Jun 30, 2031",,"Empty DataFrame
Columns: [Season, Date, Left, Joined, MV, Fee]
Index: []"
Jack Wadham,733434,,,"Feb 25, 2003",23,1.83,England,[],Central Midfield,,Worthing,,,"Jul 20, 2026",-,,"Empty DataFrame
Columns: [Season, Date, Left, Joined, MV, Fee]
Index: []"
Joe Hodge,503975,€700k,"May 28, 2026","Sep 14, 2002",23,1.73,Ireland,[],Defensive Midfield,,Motherwell FC,,,"Aug 12, 2026","May 31, 2028",,"Empty DataFrame
Columns: [Season, Date, Left, Joined, MV, Fee]
Index: []"
Leo Hjelde,661208,€1.50m,"May 28, 2026","Aug 26, 2003",23,1.91,Norway,[],Centre-Back,,KV Mechelen,,,"Aug 11, 2026","Jun 30, 2029",,"Empty DataFrame
Columns: [Season, Date, Left, Joined, MV, Fee]
Index: []"
Adrián San Miguel,71271,,,"Jan 3, 1987",39,1.91,Spain,[],Goalkeeper,,Retired,Real Betis,"Jul 1, 2026",,,,"Empty DataFrame
Columns: [Season, Date, Left, Joined, MV, Fee]
Index: []"
Yasin Ayari,667287,€40.00m,"Jul 22, 2026","Oct 6, 2003",22,1.73,Sweden,[],Central Midfield,,Brighton,,,"Jan 30, 2023","Jun 30, 2027",,"Empty DataFrame
Columns: [Season, Date, Left, Joined, MV, Fee]
Index: []"
Jan Paul van Hecke,576314,€60.00m,"Jul 22, 2026","Jun 8, 2000",26,1.88,Netherlands,['Netherlands'],Centre-Back,,Tottenham,,,"Jul 1, 2026",-,,"Empty DataFrame
Columns: [Season, Date, Left, Joined, MV, Fee]
Index: []"
Riyad Mahrez,171424,€5.00m,"Jun 4, 2026","Feb 21, 1991",35,1.78,Algeria,[],Right Winger,,Without Club,Al-Ahli,"Jul 4, 2026",,,,"Empty DataFrame
Columns: [Season, Date, Left, Joined, MV, Fee]
Index: []"
Harrison Ashby,559130,€1.20m,"May 12, 2026","Nov 14, 2001",24,1.78,Scotland,"['England', 'Scotland']",Right-Back,"                0
0  Right Midfield",Luton,,,"Jul 9, 2026","May 31, 2027",,"Empty DataFrame
Columns: [Season, Date, Left, Joined, MV, Fee]
Index: []"
Jarell Quansah,632349,€45.00m,"May 27, 2026","Jan 29, 2003",23,1.91,England,[],Centre-Back,,Leverkusen,,,"Jul 2, 2025","Jun 30, 2030",,"Empty DataFrame
Columns: [Season, Date, Left, Joined, MV, Fee]
Index: []"
Fred,191614,€4.50m,"May 21, 2026","Mar 5, 1993",33,1.7,Brazil,['Brazil'],Central Midfield,"                    0
0  Attacking Midfield
1  Defensive Midfield",Atlético-MG,,,"Aug 14, 2026","Dec 31, 2029",,"Empty DataFrame
Columns: [Season, Date, Left, Joined, MV, Fee]
Index: []"
Divin Mubama,670848,€6.00m,"May 28, 2026","Oct 25, 2004",21,1.83,England,[],Centre-Forward,,Southampton,,,"Aug 11, 2026","Jun 30, 2027",,"Empty DataFrame
Columns: [Season, Date, Left, Joined, MV, Fee]
Index: []"
Cody Gakpo,434675,€60.00m,"Jun 3, 2026","May 7, 1999",27,1.93,Netherlands,[],Left Winger,,Liverpool,,,"Jan 1, 2023","Jun 30, 2030",,"Empty DataFrame
Columns: [Season, Date, Left, Joined, MV, Fee]
Index: []"
Pierre-Emerick Aubameyang,58864,€2.50m,"Jun 1, 2026","Jun 18, 1989",37,1.88,Gabon,[],Centre-Forward,,Dep. A Coruña,,,"Jul 17, 2026","Jun 30, 2028",,"Empty DataFrame
Columns: [Season, Date, Left, Joined, MV, Fee]
Index: []"
Diego Costa,44779,,,"Oct 7, 1988",37,1.85,Spain,"['Spain', 'Brazil']",Centre-Forward,,Retired,Grêmio,"Jan 1, 2026",,,,"Empty DataFrame
Columns: [Season, Date, Left, Joined, MV, Fee]
Index: []"
Tyler Adams,332705,€25.00m,"Jun 3, 2026","Feb 14, 1999",27,1.75,United States,['United States'],Defensive Midfield,"                0
0  Right Midfield
1      Right-Back",Bournemouth,,,"Aug 20, 2023","Jun 30, 2028",,"Empty DataFrame
Columns: [Season, Date, Left, Joined, MV, Fee]
Index: []"
Morgan Sanson,174094,€3.50m,"Jun 1, 2026","Aug 18, 1994",32,1.8,France,[],Central Midfield,,Nice,,,"Jul 1, 2024","Jun 30, 2027",,"Empty DataFrame
Columns: [Season, Date, Left, Joined, MV, Fee]
Index: []"
İlkay Gündoğan,53622,€2.00m,"May 21, 2026","Oct 24, 1990",35,1.8,Germany,[],Central Midfield,,Galatasaray,,,"Sep 2, 2025","Jun 30, 2027",,"Empty DataFrame
Columns: [Season, Date, Left, Joined, MV, Fee]
Index: []"
Cameron Archer,533662,€7.00m,"May 28, 2026","Dec 9, 2001",24,1.75,England,[],Centre-Forward,,AJ Auxerre,,,"Sep 1, 2026","Jun 30, 2027",,"Empty DataFrame
Columns: [Season, Date, Left, Joined, MV, Fee]
Index: []"
James Milner,3333,,,"Jan 4, 1986",40,1.75,England,['England'],Central Midfield,"            0
0  Right-Back
1   Left-Back",Retired,Brighton,"Jul 1, 2026",,,,"Empty DataFrame
Columns: [Season, Date, Left, Joined, MV, Fee]
Index: []"
Ed Turns,580809,€450k,"May 12, 2026","Oct 18, 2002",23,1.85,Wales,[],Centre-Back,,Exeter City,,,"Feb 3, 2025","Jun 30, 2027",,"Empty DataFrame
Columns: [Season, Date, Left, Joined, MV, Fee]
Index: []"
André Ayew,45403,€250k,"May 28, 2026","Dec 17, 1989",36,1.75,Ghana,[],Centre-Forward,,Without Club,NAC Breda,"Jul 1, 2026",,,,"Empty DataFrame
Columns: [Season, Date, Left, Joined, MV, Fee]
Index: []"
Joachim Andersen,260827,€20.00m,"Jun 3, 2026","May 31, 1996",30,1.93,Denmark,['Denmark'],Centre-Back,,Fulham,,,"Aug 23, 2024","Jun 30, 2029",,"Empty DataFrame
Columns: [Season, Date, Left, Joined, MV, Fee]
Index: []"
Felipe,156501,,,"May 16, 1989",37,1.91,Brazil,[],Centre-Back,,Retired,Nott'm Forest,"Jul 1, 2024",,,,"Empty DataFrame
Columns: [Season, Date, Left, Joined, MV, Fee]
Index: []"
Albert Sambi Lokonga,381967,€12.00m,"May 27, 2026","Oct 22, 1999",26,1.83,Belgium,"['DR Congo', 'Belgium']",Central Midfield,"                    0
0  Defensive Midfield",Hamburg,,,"Sep 1, 2025","Jun 30, 2028",,"Empty DataFrame
Columns: [Season, Date, Left, Joined, MV, Fee]
Index: []"
Gonçalo Guedes,225122,€6.00m,"Jun 5, 2026","Nov 29, 1996",29,1.78,Portugal,[],Left Winger,,Real Sociedad,,,"Aug 4, 2025","Jun 30, 2028",,"Empty DataFrame
Columns: [Season, Date, Left, Joined, MV, Fee]
Index: []"
Jack Colback,61644,,,"Oct 24, 1989",36,1.78,England,[],Defensive Midfield,,Retired,Anstey Nomads,"Mar 9, 2026",,,,"Empty DataFrame
Columns: [Season, Date, Left, Joined, MV, Fee]
Index: []"
Stuart Armstrong,130765,€200k,"May 20, 2026","Mar 30, 1992",34,1.83,Scotland,[],Central Midfield,,Aberdeen FC,,,"Sep 2, 2025","May 31, 2027",,"Empty DataFrame
Columns: [Season, Date, Left, Joined, MV, Fee]
Index: []"
Jaidon Anthony,684210,€20.00m,"Jun 3, 2026","Dec 1, 1999",26,1.83,England,"['England', 'Jamaica']",Left Winger,"               0
0   Right Winger
1  Left Midfield",Brentford,,,"Jul 7, 2026","Jun 30, 2030",,"Empty DataFrame
Columns: [Season, Date, Left, Joined, MV, Fee]
Index: []"
Luke Plange,586986,€1.20m,"Jun 2, 2026","Nov 4, 2002",23,1.88,England,['England'],Centre-Forward,,Grasshoppers,,,"Jul 17, 2025","Jun 30, 2028",,"Empty DataFrame
Columns: [Season, Date, Left, Joined, MV, Fee]
Index: []"
Raheem Sterling,134425,€3.00m,"May 28, 2026","Dec 8, 1994",31,1.73,England,[],Right Winger,,Without Club,Feyenoord,"Jul 1, 2026",,,,"Empty DataFrame
Columns: [Season, Date, Left, Joined, MV, Fee]
Index: []"
Abdul Rahman Baba,224884,€2.00m,"Jun 4, 2026","Jul 2, 1994",32,1.78,Ghana,[],Left-Back,,PAOK,,,"Jul 10, 2023","Jun 30, 2027",,"Empty DataFrame
Columns: [Season, Date, Left, Joined, MV, Fee]
Index: []"
Jordan Henderson,61651,€1.20m,"Jun 3, 2026","Jun 17, 1990",36,1.83,England,['England'],Central Midfield,"                    0
0  Defensive Midfield
1      Right Midfield",Chelsea,,,"Aug 3, 2026","Jun 30, 2028",,"Empty DataFrame
Columns: [Season, Date, Left, Joined, MV, Fee]
Index: []"
Eldin Jakupović,2857,,,"Oct 2, 1984",41,1.91,Switzerland,"['Jugoslawien (SFR)', 'Bosnia-Herzegovina', 'Switzerland']",Goalkeeper,,Chattanooga FC,,,"Nov 14, 2024","Dec 31, 2026",,"Empty DataFrame
Columns: [Season, Date, Left, Joined, MV, Fee]
Index: []"
Lucas Paquetá,444523,€32.00m,"May 26, 2026","Aug 27, 1997",29,1.83,Brazil,[],Attacking Midfield,,Flamengo,,,"Jan 28, 2026","Dec 31, 2030",,"Empty DataFrame
Columns: [Season, Date, Left, Joined, MV, Fee]
Index: []"
Ryan Trevitt,874538,€275k,"May 12, 2026","Mar 12, 2003",23,1.7,England,[],Central Midfield,,Wigan,,,"Jul 21, 2026","Jun 30, 2028",,"Empty DataFrame
Columns: [Season, Date, Left, Joined, MV, Fee]
Index: []"
Jack Colback,61644,,,"Oct 24, 1989",36,1.78,England,['England'],Defensive Midfield,"                  0
0  Central Midfield
1         Left-Back",Retired,Anstey Nomads,"Mar 9, 2026",,,,"Empty DataFrame
Columns: [Season, Date, Left, Joined, MV, Fee]
Index: []"
Amario Cozier-Duberry,878150,€5.00m,"May 12, 2026","May 29, 2005",21,1.7,England,"['England', 'Montserrat']",Right Winger,"                0
0     Left Winger
1  Right Midfield",Middlesbrough,,,"Sep 1, 2026","May 31, 2027",,"Empty DataFrame
Columns: [Season, Date, Left, Joined, MV, Fee]
Index: []"
Bobby De Cordova-Reid,186186,€700k,"May 28, 2026","Feb 2, 1993",33,1.7,Jamaica,[],Attacking Midfield,,Leicester,,,"Jul 6, 2024","Jun 30, 2027",,"Empty DataFrame
Columns: [Season, Date, Left, Joined, MV, Fee]
Index: []"
Nampalys Mendy,111051,€700k,"May 28, 2026","Jun 23, 1992",34,1.68,Senegal,"['Senegal', 'France']",Defensive Midfield,"                  0
0  Central Midfield",FC Metz,,,"Jul 31, 2026","Jun 30, 2027",,"Empty DataFrame
Columns: [Season, Date, Left, Joined, MV, Fee]
Index: []"
Ryan Yates,425902,€7.00m,"Jun 3, 2026","Nov 21, 1997",28,1.91,England,[],Central Midfield,,Nott'm Forest,,,"Jul 1, 2016","Jun 30, 2028",,"Empty DataFrame
Columns: [Season, Date, Left, Joined, MV, Fee]
Index: []"
Nathan Patterson,424015,€10.00m,"Jun 3, 2026","Oct 16, 2001",24,1.83,Scotland,['Scotland'],Right-Back,"                0
0  Right Midfield
1       Left-Back",Torino,,,"Sep 1, 2026","Jun 30, 2029",,"Empty DataFrame
Columns: [Season, Date, Left, Joined, MV, Fee]
Index: []"
Dom Ballard,864496,€2.00m,"May 12, 2026","Apr 1, 2005",21,1.78,England,['England'],Centre-Forward,,Bristol City,,,"Aug 4, 2026","Jun 30, 2030",,"Empty DataFrame
Columns: [Season, Date, Left, Joined, MV, Fee]
Index: []"
Louie Moulden,444641,,,"Jan 6, 2002",24,1.91,England,['England'],Goalkeeper,,Accrington,,,"Jul 1, 2026","May 31, 2027",,"Empty DataFrame
Columns: [Season, Date, Left, Joined, MV, Fee]
Index: []"
Rayan Aït-Nouri,578391,€40.00m,"Jun 3, 2026","Jun 6, 2001",25,1.8,Algeria,"['Algeria', 'France']",Left-Back,"               0
0  Left Midfield",Man City,,,"Jun 9, 2025","Jun 30, 2030",,"Empty DataFrame
Columns: [Season, Date, Left, Joined, MV, Fee]
Index: []"
Dennis Praet,129588,€1.50m,"Jun 4, 2026","May 14, 1994",32,1.8,Belgium,['Belgium'],Central Midfield,"                    0
0  Attacking Midfield
1       Left Midfield",KV Mechelen,,,"Jul 16, 2026","Jun 30, 2028",,"Empty DataFrame
Columns: [Season, Date, Left, Joined, MV, Fee]
Index: []"
Allan Saint-Maximin,272642,€10.00m,"Jun 1, 2026","Mar 12, 1997",29,1.73,France,"['Guadeloupe', 'France']",Left Winger,"                0
0  Second Striker
1    Right Winger",Charlotte,,,"Jul 13, 2026","Jun 30, 2029",,"Empty DataFrame
Columns: [Season, Date, Left, Joined, MV, Fee]
Index: []"
Kyle Walker-Peters,341051,€12.00m,"Jun 3, 2026","Apr 13, 1997",29,1.73,England,[],Right-Back,,West Ham,,,"Jul 20, 2025","Jun 30, 2028",,"Empty DataFrame
Columns: [Season, Date, Left, Joined, MV, Fee]
Index: []"
Tyrese Francois,528888,€300k,"May 12, 2026","Jul 16, 2000",26,1.73,Australia,[],Central Midfield,,Brisbane Roar,,,"Aug 28, 2026",-,,"Empty DataFrame
Columns: [Season, Date, Left, Joined, MV, Fee]
Index: []"
Tyrick Mitchell,730893,€25.00m,"Jun 3, 2026","Sep 1, 1999",27,1.8,England,[],Left-Back,,Crystal Palace,,,"Jul 1, 2020","Jun 30, 2027",,"Empty DataFrame
Columns: [Season, Date, Left, Joined, MV, Fee]
Index: []"
Dominic Calvert-Lewin,306024,€22.00m,"Jun 3, 2026","Mar 16, 1997",29,1.88,England,['England'],Centre-Forward,"                0
0  Second Striker
1     Left Winger",Leeds,,,"Aug 15, 2025","Jun 30, 2028",,"Empty DataFrame
Columns: [Season, Date, Left, Joined, MV, Fee]
Index: []"
Hugo Lloris,17965,€1.00m,"Jun 2, 2026","Dec 26, 1986",39,1.88,France,[],Goalkeeper,,LAFC,,,"Jan 31, 2024","Dec 31, 2026",,"Empty DataFrame
Columns: [Season, Date, Left, Joined, MV, Fee]
Index: []"
Freddie Potts,698164,€10.00m,"Jun 3, 2026","Sep 12, 2003",22,1.83,England,['England'],Defensive Midfield,"                  0
0  Central Midfield
1       Centre-Back",Club Brugge,,,"Aug 4, 2026","Jun 30, 2030",,"Empty DataFrame
Columns: [Season, Date, Left, Joined, MV, Fee]
Index: []"
Ryan Finnigan,807318,€150k,"May 12, 2026","Sep 23, 2003",22,1.85,England,[],Central Midfield,,Dundee FC,,,"Jul 1, 2026",-,,"Empty DataFrame
Columns: [Season, Date, Left, Joined, MV, Fee]
Index: []"
Khayon Edwards,741650,€400k,"May 28, 2026","Sep 12, 2003",22,1.8,Jamaica,"['England', 'Jamaica']",Centre-Forward,,Without Club,Estoril,"Sep 10, 2026",,,,"Empty DataFrame
Columns: [Season, Date, Left, Joined, MV, Fee]
Index: []"
Ki-Jana Hoever,485583,€3.50m,"May 28, 2026","Jan 18, 2002",24,1.83,Netherlands,[],Right-Back,,Sparta Prague,,,"Aug 25, 2026",-,,"Empty DataFrame
Columns: [Season, Date, Left, Joined, MV, Fee]
Index: []"
Aaron Connolly,434207,€1.80m,"May 12, 2026","Jan 28, 2000",26,1.75,Ireland,[],Centre-Forward,,Leyton Orient,,,"Jul 7, 2025","Jun 30, 2027",,"Empty DataFrame
Columns: [Season, Date, Left, Joined, MV, Fee]
Index: []"
Ryan Christie,188077,€8.00m,"Jun 3, 2026","Feb 22, 1995",31,1.78,Scotland,[],Central Midfield,,Bournemouth,,,"Aug 31, 2021","Jun 30, 2029",,"Empty DataFrame
Columns: [Season, Date, Left, Joined, MV, Fee]
Index: []"
James Justin,413220,€12.00m,"Jun 3, 2026","Feb 23, 1998",28,1.83,England,[],Right-Back,,Leeds,,,"Aug 25, 2025","Jun 30, 2029",,"Empty DataFrame
Columns: [Season, Date, Left, Joined, MV, Fee]
Index: []"
Douglas Luiz,447661,€18.00m,"Jun 3, 2026","May 9, 1998",28,1.78,Brazil,['Brazil'],Central Midfield,"                    0
0  Defensive Midfield",Juventus,,,"Jul 1, 2024","Jun 30, 2029",,"Empty DataFrame
Columns: [Season, Date, Left, Joined, MV, Fee]
Index: []"
Michael Keane,118534,€3.00m,"Jun 3, 2026","Jan 11, 1993",33,1.88,England,[],Centre-Back,,Everton,,,"Jul 3, 2017","Jun 30, 2027",,"Empty DataFrame
Columns: [Season, Date, Left, Joined, MV, Fee]
Index: []"
Neco Williams,503680,€28.00m,"Jun 3, 2026","Apr 13, 2001",25,1.83,Wales,['Wales'],Left-Back,"            0
0  Right-Back",Nott'm Forest,,,"Jul 10, 2022","Jun 30, 2030",,"Empty DataFrame
Columns: [Season, Date, Left, Joined, MV, Fee]
Index: []"
Brenden Aaronson,393323,€22.00m,"Jun 3, 2026","Oct 22, 2000",25,1.78,United States,['United States'],Attacking Midfield,"                0
0  Second Striker
1    Right Winger",Leeds,,,"Jul 1, 2022","Jun 30, 2029",,"Empty DataFrame
Columns: [Season, Date, Left, Joined, MV, Fee]
Index: []"
Marc Cucurella,284857,€60.00m,"Jul 22, 2026","Jul 22, 1998",28,1.73,Spain,[],Left-Back,,Real Madrid,,,"Jul 1, 2026","Jun 30, 2032",,"Empty DataFrame
Columns: [Season, Date, Left, Joined, MV, Fee]
Index: []"
Rúben Dias,258004,€55.00m,"Jun 3, 2026","May 14, 1997",29,1.88,Portugal,['Portugal'],Centre-Back,,Man City,,,"Sep 29, 2020","Jun 30, 2029",,"Empty DataFrame
Columns: [Season, Date, Left, Joined, MV, Fee]
Index: []"
Freddie Potts,698164,€10.00m,"Jun 3, 2026","Sep 12, 2003",22,1.83,England,[],Defensive Midfield,,Club Brugge,,,"Aug 4, 2026","Jun 30, 2030",,"Empty DataFrame
Columns: [Season, Date, Left, Joined, MV, Fee]
Index: []"
Diogo Monteiro,670713,€300k,"May 28, 2026","Jan 28, 2005",21,1.88,Portugal,[],Centre-Back,,Arouca,,,"Aug 11, 2025","Jun 30, 2028",,"Empty DataFrame
Columns: [Season, Date, Left, Joined, MV, Fee]
Index: []"
Denis Zakaria,334526,€25.00m,"Jun 1, 2026","Nov 20, 1996",29,1.88,Switzerland,[],Defensive Midfield,,Monaco,,,"Aug 14, 2023","Jun 30, 2028",,"Empty DataFrame
Columns: [Season, Date, Left, Joined, MV, Fee]
Index: []"
Joe Gelhardt,503980,€14.00m,"May 28, 2026","May 4, 2002",24,1.78,England,[],Centre-Forward,,Hull City,,,"Aug 15, 2026","Jun 30, 2030",,"Empty DataFrame
Columns: [Season, Date, Left, Joined, MV, Fee]
Index: []"
Michael Olise,566723,€170.00m,"Jul 22, 2026","Dec 12, 2001",24,1.8,France,[],Right Winger,,Bayern Munich,,,"Jul 7, 2024","Jun 30, 2029",,"Empty DataFrame
Columns: [Season, Date, Left, Joined, MV, Fee]
Index: []"
Romaine Mundle,696181,€7.00m,"Jun 3, 2026","Apr 24, 2003",23,1.73,England,"['England', 'Jamaica']",Left Winger,"              0
0  Right Winger",Sunderland,,,"Feb 1, 2024","Jun 30, 2030",,"Empty DataFrame
Columns: [Season, Date, Left, Joined, MV, Fee]
Index: []"
Lewis Dunk,148153,€3.50m,"Jun 3, 2026","Nov 21, 1991",34,1.93,England,[],Centre-Back,,Brighton,,,"Jul 1, 2010","Jun 30, 2027",,"Empty DataFrame
Columns: [Season, Date, Left, Joined, MV, Fee]
Index: []"
Jordan Henderson,61651,€1.20m,"Jun 3, 2026","Jun 17, 1990",36,1.83,England,[],Central Midfield,,Chelsea,,,"Aug 3, 2026","Jun 30, 2028",,"Empty DataFrame
Columns: [Season, Date, Left, Joined, MV, Fee]
Index: []"
Mikkel Damsgaard,540941,€30.00m,"Jun 3, 2026","Jul 3, 2000",26,1.8,Denmark,['Denmark'],Attacking Midfield,"                  0
0       Left Winger
1  Central Midfield",Brentford,,,"Aug 10, 2022","Jun 30, 2030",,"Empty DataFrame
Columns: [Season, Date, Left, Joined, MV, Fee]
Index: []"
Joseph Anang,576099,€350k,"Jun 5, 2026","Jun 8, 2000",26,1.91,Ghana,"['England', 'Ghana']",Goalkeeper,,St. Pat's,,,"Jul 1, 2024","Nov 30, 2026",,"Empty DataFrame
Columns: [Season, Date, Left, Joined, MV, Fee]
Index: []"
João Félix,462250,€28.00m,"Jun 4, 2026","Nov 10, 1999",26,1.78,Portugal,['Portugal'],Second Striker,"                0
0  Centre-Forward
1     Left Winger",Al-Nassr,,,"Jul 29, 2025","Jun 30, 2027",,"Empty DataFrame
Columns: [Season, Date, Left, Joined, MV, Fee]
Index: []"
Harvey White,581598,€700k,"May 12, 2026","Sep 19, 2001",24,1.68,England,['England'],Defensive Midfield,"                  0
0  Central Midfield
1         Left-Back",Plymouth,,,"Jul 1, 2026","Jun 30, 2029",,"Empty DataFrame
Columns: [Season, Date, Left, Joined, MV, Fee]
Index: []"
Kaden Rodney,860078,€200k,"Jun 3, 2026","Oct 7, 2004",21,1.88,England,[],Defensive Midfield,,Muaither SC,,,"Aug 8, 2026",-,,"Empty DataFrame
Columns: [Season, Date, Left, Joined, MV, Fee]
Index: []"
James Wright,712181,€200k,"Jun 3, 2026","Dec 2, 2004",21,1.88,England,['England'],Goalkeeper,,Aston Villa,,,"Jul 1, 2026",-,,"Empty DataFrame
Columns: [Season, Date, Left, Joined, MV, Fee]
Index: []"
Armando Broja,571743,€5.00m,"Jun 3, 2026","Sep 10, 2001",25,1.91,Albania,[],Centre-Forward,,Burnley,,,"Aug 8, 2025","Jun 30, 2030",,"Empty DataFrame
Columns: [Season, Date, Left, Joined, MV, Fee]
Index: []"
Facundo Pellistri,676318,€5.00m,"Jun 4, 2026","Dec 20, 2001",24,1.75,Uruguay,"['Spain', 'Uruguay']",Right Winger,"             0
0  Left Winger",Panathinaikos,,,"Aug 21, 2024","Jun 30, 2028",,"Empty DataFrame
Columns: [Season, Date, Left, Joined, MV, Fee]
Index: []"
Jamie Vardy,197838,€1.00m,"May 29, 2026","Jan 11, 1987",39,1.78,England,['England'],Centre-Forward,,Burnley,,,"Sep 6, 2026","Jun 30, 2027",,"Empty DataFrame
Columns: [Season, Date, Left, Joined, MV, Fee]
Index: []"
Mohamed Elneny,160438,€1.20m,"May 26, 2026","Jul 11, 1992",34,1.8,Egypt,['Egypt'],Defensive Midfield,"                  0
0  Central Midfield",Without Club,Al-Jazira,"Jul 1, 2026",,,,"Empty DataFrame
Columns: [Season, Date, Left, Joined, MV, Fee]
Index: []"
Jadon Sancho,401173,€18.00m,"Jun 3, 2026","Mar 25, 2000",26,1.8,England,"['England', 'Jamaica']",Left Winger,"              0
0  Right Winger",Without Club,Man Utd,"Jul 1, 2026",,,,"Empty DataFrame
Columns: [Season, Date, Left, Joined, MV, Fee]
Index: []"
Eric Dier,175722,€4.00m,"Jun 1, 2026","Jan 15, 1994",32,1.91,England,[],Centre-Back,,Monaco,,,"Jul 1, 2025","Jun 30, 2028",,"Empty DataFrame
Columns: [Season, Date, Left, Joined, MV, Fee]
Index: []"
Stuart Dallas,158764,,,"Apr 19, 1991",35,1.83,Northern Ireland,[],Left Midfield,,Retired,Leeds,"Apr 10, 2024",,,,"Empty DataFrame
Columns: [Season, Date, Left, Joined, MV, Fee]
Index: []"
Jonathan Panzo,392777,€1.50m,"May 28, 2026","Oct 25, 2000",25,1.88,England,"[""Cote d'Ivoire"", 'England']",Centre-Back,"           0
0  Left-Back",Without Club,Birmingham,"Jul 1, 2026",,,,"Empty DataFrame
Columns: [Season, Date, Left, Joined, MV, Fee]
Index: []"
Idrissa Gueye,126665,€500k,"Jun 3, 2026","Sep 26, 1989",36,1.75,Senegal,[],Defensive Midfield,,Al-Diriyah,,,"Aug 9, 2026","Jun 30, 2027",,"Empty DataFrame
Columns: [Season, Date, Left, Joined, MV, Fee]
Index: []"
Ilya Zabarnyi,659089,€40.00m,"Jun 1, 2026","Sep 1, 2002",24,1.88,Ukraine,[],Centre-Back,,PSG,,,"Aug 12, 2025","Jun 30, 2030",,"Empty DataFrame
Columns: [Season, Date, Left, Joined, MV, Fee]
Index: []"
João Palhinha,257455,€15.00m,"Jun 3, 2026","Jul 9, 1995",31,1.91,Portugal,['Portugal'],Defensive Midfield,,Benfica,,,"Aug 26, 2026","Jun 30, 2030",,"Empty DataFrame
Columns: [Season, Date, Left, Joined, MV, Fee]
Index: []"
Maximilian Wöber,263361,€3.00m,"May 27, 2026","Feb 4, 1998",28,1.88,Austria,['Austria'],Centre-Back,"           0
0  Left-Back",FC Schalke 04,,,"Jul 22, 2026","Jun 30, 2027",,"Empty DataFrame
Columns: [Season, Date, Left, Joined, MV, Fee]
Index: []"
Çağlar Söyüncü,320141,€3.50m,"May 21, 2026","May 23, 1996",30,1.85,Türkiye,['Türkiye'],Centre-Back,,Corum FK,,,"Sep 4, 2026","Jun 30, 2028",,"Empty DataFrame
Columns: [Season, Date, Left, Joined, MV, Fee]
Index: []"
Imari Samuels,565846,€300k,"May 20, 2026","Feb 5, 2003",23,1.88,England,"['England', 'Nigeria']",Left-Back,"               0
0    Centre-Back
1  Left Midfield",Dundee FC,,,"Jan 13, 2025","Jun 30, 2027",,"Empty DataFrame
Columns: [Season, Date, Left, Joined, MV, Fee]
Index: []"
Anthony Gordon,503733,€80.00m,"Jul 22, 2026","Feb 24, 2001",25,1.83,England,"['England', 'Scotland']",Left Winger,"                0
0    Right Winger
1  Centre-Forward",Barcelona,,,"Jul 1, 2026","Jun 30, 2031",,"Empty DataFrame
Columns: [Season, Date, Left, Joined, MV, Fee]
Index: []"
Daniel James,319301,€10.00m,"Jun 3, 2026","Nov 10, 1997",28,1.7,Wales,"['England', 'Wales']",Right Winger,"                0
0     Left Winger
1  Right Midfield",Leeds,,,"Aug 31, 2021","Jun 30, 2029",,"Empty DataFrame
Columns: [Season, Date, Left, Joined, MV, Fee]
Index: []"
Mads Bech Sørensen,372240,€6.00m,"May 25, 2026","Jan 7, 1999",27,1.88,Denmark,['Denmark'],Centre-Back,,Midtjylland,,,"Sep 1, 2023","Jun 30, 2027",,"Empty DataFrame
Columns: [Season, Date, Left, Joined, MV, Fee]
Index: []"
Callum Wilson,123682,€4.00m,"Jun 3, 2026","Feb 27, 1992",34,1.8,England,"['England', 'Ireland']",Centre-Forward,,Brentford,,,"Jul 9, 2026","Jun 30, 2027",,"Empty DataFrame
Columns: [Season, Date, Left, Joined, MV, Fee]
Index: []"
Alisson,105470,€15.00m,"Jun 3, 2026","Oct 2, 1992",33,1.93,Brazil,['Brazil'],Goalkeeper,,Liverpool,,,"Jul 19, 2018","Jun 30, 2027",,"Empty DataFrame
Columns: [Season, Date, Left, Joined, MV, Fee]
Index: []"
Junior Stanislas,87672,,,"Nov 26, 1989",36,1.83,England,"['England', 'St. Lucia']",Left Winger,"                    0
0        Right Winger
1  Attacking Midfield",Retired,Bournemouth,"Oct 12, 2023",,,,"Empty DataFrame
Columns: [Season, Date, Left, Joined, MV, Fee]
Index: []"
Conor Gallagher,488362,€32.00m,"Jun 3, 2026","Feb 6, 2000",26,1.83,England,['England'],Central Midfield,"                    0
0  Attacking Midfield
1  Defensive Midfield",Tottenham,,,"Jan 14, 2026","Jun 30, 2031",,"Empty DataFrame
Columns: [Season, Date, Left, Joined, MV, Fee]
Index: []"
Matty Cash,425334,€22.00m,"Jun 3, 2026","Aug 7, 1997",29,1.85,Poland,"['England', 'Poland']",Right-Back,"                  0
0    Right Midfield
1  Central Midfield",Aston Villa,,,"Sep 3, 2020","Jun 30, 2029",,"Empty DataFrame
Columns: [Season, Date, Left, Joined, MV, Fee]
Index: []"
Reuell Walters,878160,€2.50m,"May 12, 2026","Dec 16, 2004",21,1.85,England,"['England', 'Germany']",Right-Back,"                0
0     Centre-Back
1  Right Midfield",Luton,,,"Jul 11, 2024",-,,"Empty DataFrame
Columns: [Season, Date, Left, Joined, MV, Fee]
Index: []"
Ben Mee,74810,,,"Sep 21, 1989",36,1.8,England,[],Centre-Back,,Retired,Sheff Utd,"Jul 1, 2026",,,,"Empty DataFrame
Columns: [Season, Date, Left, Joined, MV, Fee]
Index: []"
Imari Samuels,565846,€300k,"May 20, 2026","Feb 5, 2003",23,1.88,England,[],Left-Back,,Dundee FC,,,"Jan 13, 2025","Jun 30, 2027",,"Empty DataFrame
Columns: [Season, Date, Left, Joined, MV, Fee]
Index: []"
Ben White,335721,€30.00m,"Jun 3, 2026","Oct 8, 1997",28,1.85,England,['England'],Right-Back,"                    0
0         Centre-Back
1  Defensive Midfield",Arsenal,,,"Jul 30, 2021","Jun 30, 2028",,"Empty DataFrame
Columns: [Season, Date, Left, Joined, MV, Fee]
Index: []"
Yerson Mosquera,716276,€12.00m,"Jun 3, 2026","May 2, 2001",25,1.88,Colombia,[],Centre-Back,,Wolves,,,"Jul 1, 2021","Jun 30, 2030",,"Empty DataFrame
Columns: [Season, Date, Left, Joined, MV, Fee]
Index: []"
Marcus Rashford,258923,€40.00m,"Jun 5, 2026","Oct 31, 1997",28,1.85,England,[],Left Winger,,Man Utd,,,"Jan 1, 2016","Jun 30, 2028",,"Empty DataFrame
Columns: [Season, Date, Left, Joined, MV, Fee]
Index: []"
Tom Cairney,123275,€500k,"Jun 3, 2026","Jan 20, 1991",35,1.85,Scotland,"['England', 'Scotland']",Central Midfield,"                    0
0  Attacking Midfield
1      Right Midfield",Fulham,,,"Jul 1, 2015","Jun 30, 2027",,"Empty DataFrame
Columns: [Season, Date, Left, Joined, MV, Fee]
Index: []"
Neto,111819,€900k,"May 26, 2026","Jul 19, 1989",37,1.91,Brazil,"['Italy', 'Brazil']",Goalkeeper,,Without Club,Botafogo,"Jul 1, 2026",,,,"Empty DataFrame
Columns: [Season, Date, Left, Joined, MV, Fee]
Index: []"
Stefan Parkes,657724,,,"Mar 28, 2004",22,,England,['England'],Left-Back,"             0
0  Centre-Back",Hemel,,,"Aug 7, 2026",-,,"Empty DataFrame
Columns: [Season, Date, Left, Joined, MV, Fee]
Index: []"
Marcos Senesi,469781,€25.00m,"Jun 3, 2026","May 10, 1997",29,1.83,Argentina,[],Centre-Back,,Tottenham,,,"Jul 1, 2026","Jun 30, 2030",,"Empty DataFrame
Columns: [Season, Date, Left, Joined, MV, Fee]
Index: []"
Gabriel,435338,€75.00m,"Jun 3, 2026","Dec 19, 1997",28,1.91,Brazil,['Brazil'],Centre-Back,,Arsenal,,,"Sep 1, 2020","Jun 30, 2029",,"Empty DataFrame
Columns: [Season, Date, Left, Joined, MV, Fee]
Index: []"
Demarai Gray,292417,€3.50m,"May 28, 2026","Jun 28, 1996",30,1.83,Jamaica,[],Left Winger,,Birmingham,,,"Jul 3, 2025","Jun 30, 2028",,"Empty DataFrame
Columns: [Season, Date, Left, Joined, MV, Fee]
Index: []"
Declan Rice,357662,€120.00m,"Jun 3, 2026","Jan 14, 1999",27,1.88,England,[],Central Midfield,,Arsenal,,,"Jul 15, 2023","Jun 30, 2028",,"Empty DataFrame
Columns: [Season, Date, Left, Joined, MV, Fee]
Index: []"
Ayoze Pérez,246968,€5.00m,"Jun 5, 2026","Jul 29, 1993",33,1.78,Spain,['Spain'],Centre-Forward,"                0
0  Second Striker
1     Left Winger",Villarreal,,,"Aug 13, 2024","Jun 30, 2028",,"Empty DataFrame
Columns: [Season, Date, Left, Joined, MV, Fee]
Index: []"
Nick Pope,192080,€5.00m,"Jun 3, 2026","Apr 19, 1992",34,1.98,England,['England'],Goalkeeper,,Newcastle,,,"Jul 1, 2022","Jun 30, 2027",,"Empty DataFrame
Columns: [Season, Date, Left, Joined, MV, Fee]
Index: []"
Federico Fernández,85475,,,"Feb 21, 1989",37,1.88,Argentina,"['Argentina', 'Italy']",Centre-Back,,Retired,Estudiantes LP,"Jan 1, 2025",,,,"Empty DataFrame
Columns: [Season, Date, Left, Joined, MV, Fee]
Index: []"
Jannik Vestergaard,99331,€1.00m,"May 28, 2026","Aug 3, 1992",34,1.98,Denmark,"['Denmark', 'Germany']",Centre-Back,,Without Club,Leicester,"Jul 16, 2026",,,,"Empty DataFrame
Columns: [Season, Date, Left, Joined, MV, Fee]
Index: []"
Ainsley Maitland-Niles,285845,€10.00m,"Jun 1, 2026","Aug 29, 1997",29,1.8,England,[],Right-Back,,Everton,,,"Sep 1, 2026","Jun 30, 2029",,"Empty DataFrame
Columns: [Season, Date, Left, Joined, MV, Fee]
Index: []"
Gabriel Slonina,656316,€3.00m,"Jun 3, 2026","May 15, 2004",22,1.93,United States,"['United States', 'Poland']",Goalkeeper,,Chelsea,,,"Aug 2, 2022","Jun 30, 2028",,"Empty DataFrame
Columns: [Season, Date, Left, Joined, MV, Fee]
Index: []"
Facundo Buonanotte,983989,€12.00m,"Jun 3, 2026","Dec 23, 2004",21,1.75,Argentina,"['Argentina', 'Italy']",Attacking Midfield,"                0
0    Right Winger
1  Right Midfield",Elche CF,,,"Aug 7, 2026","Jun 30, 2027",,"Empty DataFrame
Columns: [Season, Date, Left, Joined, MV, Fee]
Index: []"
Killian Phillips,801420,€1.00m,"May 20, 2026","Mar 30, 2002",24,1.91,Ireland,[],Central Midfield,,St. Mirren,,,"Jul 1, 2025","May 31, 2027",,"Empty DataFrame
Columns: [Season, Date, Left, Joined, MV, Fee]
Index: []"
Nampalys Mendy,111051,€700k,"May 28, 2026","Jun 23, 1992",34,1.68,Senegal,[],Defensive Midfield,,FC Metz,,,"Jul 31, 2026","Jun 30, 2027",,"Empty DataFrame
Columns: [Season, Date, Left, Joined, MV, Fee]
Index: []"
Fabinho,225693,€12.00m,"Jun 4, 2026","Oct 23, 1993",32,1.88,Brazil,[],Defensive Midfield,,Trabzonspor,,,"Aug 24, 2026","Jun 30, 2028",,"Empty DataFrame
Columns: [Season, Date, Left, Joined, MV, Fee]
Index: []"
Facundo Buonanotte,983989,€12.00m,"Jun 3, 2026","Dec 23, 2004",21,1.75,Argentina,[],Attacking Midfield,,Elche CF,,,"Aug 7, 2026","Jun 30, 2027",,"Empty DataFrame
Columns: [Season, Date, Left, Joined, MV, Fee]
Index: []"
Eberechi Eze,479999,€65.00m,"Jun 3, 2026","Jun 29, 1998",28,1.78,England,[],Attacking Midfield,,Arsenal,,,"Aug 23, 2025","Jun 30, 2029",,"Empty DataFrame
Columns: [Season, Date, Left, Joined, MV, Fee]
Index: []"
N'Golo Kanté,225083,€4.00m,"May 21, 2026","Mar 29, 1991",35,1.68,France,"['France', 'Mali']",Defensive Midfield,"                  0
0  Central Midfield",Fenerbahçe,,,"Feb 2, 2026","Jun 30, 2028",,"Empty DataFrame
Columns: [Season, Date, Left, Joined, MV, Fee]
Index: []"
Willy Boly,142310,€300k,"Jun 3, 2026","Feb 3, 1991",35,1.96,Cote d'Ivoire,"[""Cote d'Ivoire"", 'France']",Centre-Back,,Without Club,Nott'm Forest,"Jul 1, 2026",,,,"Empty DataFrame
Columns: [Season, Date, Left, Joined, MV, Fee]
Index: []"
Oliver Scarles,922563,€10.00m,"Jun 3, 2026","Dec 12, 2005",20,1.8,England,[],Left-Back,,West Ham,,,"Jan 1, 2025","Jun 30, 2028",,"Empty DataFrame
Columns: [Season, Date, Left, Joined, MV, Fee]
Index: []"
Kevin De Bruyne,88755,€8.00m,"May 29, 2026","Jun 28, 1991",35,1.8,Belgium,[],Attacking Midfield,,Napoli,,,"Jul 1, 2025","Jun 30, 2027",,"Empty DataFrame
Columns: [Season, Date, Left, Joined, MV, Fee]
Index: []"
Adama Traoré,204103,€6.00m,"Jun 3, 2026","Jan 25, 1996",30,1.78,Spain,[],Right Winger,,Dep. A Coruña,,,"Aug 26, 2026","Jun 30, 2028",,"Empty DataFrame
Columns: [Season, Date, Left, Joined, MV, Fee]
Index: []"
James Tarkowski,173504,€5.00m,"Jun 3, 2026","Nov 19, 1992",33,1.85,England,[],Centre-Back,,Everton,,,"Jul 2, 2022","Jun 30, 2028",,"Empty DataFrame
Columns: [Season, Date, Left, Joined, MV, Fee]
Index: []"
Will Smallbone,444211,€3.50m,"May 28, 2026","Feb 21, 2000",26,1.83,Ireland,[],Central Midfield,,Without Club,Southampton,"Jul 1, 2026",,,,"Empty DataFrame
Columns: [Season, Date, Left, Joined, MV, Fee]
Index: []"
Hannibal,607224,€15.00m,"Jun 3, 2026","Jan 21, 2003",23,1.78,Tunisia,"['Tunisia', 'France']",Attacking Midfield,"                  0
0  Central Midfield",Burnley,,,"Aug 28, 2024","Jun 30, 2028",,"Empty DataFrame
Columns: [Season, Date, Left, Joined, MV, Fee]
Index: []"
Nathan Aké,177476,€12.00m,"Jun 3, 2026","Feb 18, 1995",31,1.8,Netherlands,[],Centre-Back,,Fenerbahçe,,,"Jul 4, 2026","Jun 30, 2029",,"Empty DataFrame
Columns: [Season, Date, Left, Joined, MV, Fee]
Index: []"
João Palhinha,257455,€15.00m,"Jun 3, 2026","Jul 9, 1995",31,1.91,Portugal,[],Defensive Midfield,,Benfica,,,"Aug 26, 2026","Jun 30, 2030",,"Empty DataFrame
Columns: [Season, Date, Left, Joined, MV, Fee]
Index: []"
Luke Harris,817612,€900k,"May 12, 2026","Mar 4, 2005",21,1.78,Wales,"['Jersey', 'Wales']",Attacking Midfield,"                  0
0  Central Midfield
1     Left Midfield",Wigan,,,"Aug 21, 2026","May 31, 2027",,"Empty DataFrame
Columns: [Season, Date, Left, Joined, MV, Fee]
Index: []"
William Saliba,495666,€100.00m,"Jun 3, 2026","Mar 24, 2001",25,1.93,France,[],Centre-Back,,Arsenal,,,"Jul 25, 2019","Jun 30, 2030",,"Empty DataFrame
Columns: [Season, Date, Left, Joined, MV, Fee]
Index: []"
Yegor Yarmolyuk,717411,€32.00m,"Jun 3, 2026","Mar 1, 2004",22,1.8,Ukraine,['Ukraine'],Central Midfield,"                    0
0  Attacking Midfield
1  Defensive Midfield",Brentford,,,"Jul 1, 2023","Jun 30, 2031",,"Empty DataFrame
Columns: [Season, Date, Left, Joined, MV, Fee]
Index: []"
Luis Sinisterra,512385,€11.00m,"May 26, 2026","Jun 17, 1999",27,1.73,Colombia,[],Left Winger,,Cruzeiro,,,"Jul 1, 2026","Dec 31, 2028",,"Empty DataFrame
Columns: [Season, Date, Left, Joined, MV, Fee]
Index: []"
Dan Burn,134270,€4.00m,"Jun 3, 2026","May 9, 1992",34,2.01,England,['England'],Centre-Back,"           0
0  Left-Back",Newcastle,,,"Jan 31, 2022","Jun 30, 2027",,"Empty DataFrame
Columns: [Season, Date, Left, Joined, MV, Fee]
Index: []"
Luke Shaw,183288,€8.00m,"Jun 3, 2026","Jul 12, 1995",31,1.78,England,[],Left-Back,,Man Utd,,,"Jul 1, 2014","Jun 30, 2027",,"Empty DataFrame
Columns: [Season, Date, Left, Joined, MV, Fee]
Index: []"
Cameron Plain,655136,,,"Sep 24, 2001",24,1.88,England,[],Goalkeeper,,Wimborne,,,"Feb 23, 2025",-,,"Empty DataFrame
Columns: [Season, Date, Left, Joined, MV, Fee]
Index: []"
Alphonse Areola,120629,€4.00m,"Jun 3, 2026","Feb 27, 1993",33,1.96,France,[],Goalkeeper,,West Ham,,,"Jul 1, 2022","Jun 30, 2027",,"Empty DataFrame
Columns: [Season, Date, Left, Joined, MV, Fee]
Index: []"
Boubakary Soumaré,344605,€10.00m,"May 14, 2026","Feb 27, 1999",27,1.88,France,"['Senegal', 'France']",Defensive Midfield,"                  0
0  Central Midfield",Al-Duhail SC,,,"Jan 29, 2026",-,,"Empty DataFrame
Columns: [Season, Date, Left, Joined, MV, Fee]
Index: []"
Daniel Amartey,214056,€500k,"Apr 9, 2026","Dec 21, 1994",31,1.85,Ghana,[],Centre-Back,,Without Club,Besiktas,"Sep 13, 2024",,,,"Empty DataFrame
Columns: [Season, Date, Left, Joined, MV, Fee]
Index: []"
Will Alves,867711,€400k,"May 12, 2026","May 4, 2005",21,1.78,England,"['England', 'Portugal']",Attacking Midfield,"              0
0   Left Winger
1  Right Winger",Leicester,,,"Jul 1, 2025","Jun 30, 2028",,"Empty DataFrame
Columns: [Season, Date, Left, Joined, MV, Fee]
Index: []"
Dan Nlundulu,346482,€350k,"May 20, 2026","Feb 5, 1999",27,1.85,England,"['England', 'DR Congo']",Centre-Forward,,Petrolul,,,"Jul 9, 2026","Jun 30, 2028",,"Empty DataFrame
Columns: [Season, Date, Left, Joined, MV, Fee]
Index: []"
Ellis Simms,511550,€12.00m,"May 28, 2026","Jan 5, 2001",25,1.91,England,[],Centre-Forward,,Coventry,,,"Jul 7, 2023","Jun 30, 2027",,"Empty DataFrame
Columns: [Season, Date, Left, Joined, MV, Fee]
Index: []"
Brennan Johnson,470607,€30.00m,"Jun 3, 2026","May 23, 2001",25,1.85,Wales,[],Right Winger,,Everton,,,"Aug 11, 2026","Jun 30, 2030",,"Empty DataFrame
Columns: [Season, Date, Left, Joined, MV, Fee]
Index: []"
Kaelan Casey,845321,€900k,"May 12, 2026","Oct 28, 2004",21,1.85,England,['England'],Centre-Back,,Stevenage,,,"Sep 1, 2026","May 31, 2027",,"Empty DataFrame
Columns: [Season, Date, Left, Joined, MV, Fee]
Index: []"
Ethan Pinnock,442248,€3.00m,"Jun 3, 2026","May 29, 1993",33,1.93,Jamaica,[],Centre-Back,,Coventry,,,"Aug 26, 2026",-,,"Empty DataFrame
Columns: [Season, Date, Left, Joined, MV, Fee]
Index: []"
Luke Cundle,532541,€3.20m,"May 28, 2026","Apr 26, 2002",24,1.7,England,[],Central Midfield,,Millwall,,,"Jan 31, 2025",-,,"Empty DataFrame
Columns: [Season, Date, Left, Joined, MV, Fee]
Index: []"
Lloyd Kelly,480116,€23.00m,"May 29, 2026","Oct 6, 1998",27,1.88,England,[],Centre-Back,,Juventus,,,"Jul 1, 2025","Jun 30, 2029",,"Empty DataFrame
Columns: [Season, Date, Left, Joined, MV, Fee]
Index: []"
Dexter Lembikisa,712099,€800k,"Jun 3, 2026","Nov 4, 2003",22,1.8,Jamaica,"['England', 'Jamaica']",Right-Back,"                    0
0           Left-Back
1  Defensive Midfield",Without Club,Wolves U21,"Jul 1, 2026",,,,"Empty DataFrame
Columns: [Season, Date, Left, Joined, MV, Fee]
Index: []"
Matías Viña,439072,€3.50m,"May 22, 2026","Nov 9, 1997",28,1.8,Uruguay,"['Italy', 'Uruguay']",Left-Back,"               0
0  Left Midfield",River Plate,,,"Jan 14, 2026","Dec 31, 2026",,"Empty DataFrame
Columns: [Season, Date, Left, Joined, MV, Fee]
Index: []"
Fábio Vieira,537598,€18.00m,"May 27, 2026","May 30, 2000",26,1.7,Portugal,[],Attacking Midfield,,Hamburg,,,"Sep 1, 2026","Jun 30, 2030",,"Empty DataFrame
Columns: [Season, Date, Left, Joined, MV, Fee]
Index: []"
Aymeric Laporte,176553,€8.00m,"Jun 5, 2026","May 27, 1994",32,1.91,Spain,"['Spain', 'France']",Centre-Back,,Athletic Club,,,"Sep 1, 2025","Jun 30, 2028",,"Empty DataFrame
Columns: [Season, Date, Left, Joined, MV, Fee]
Index: []"
Lucas Bergström,490606,€1.40m,"Jun 5, 2026","Sep 5, 2002",24,2.06,Finland,[],Goalkeeper,,RCD Mallorca,,,"Jul 15, 2025","Jun 30, 2027",,"Empty DataFrame
Columns: [Season, Date, Left, Joined, MV, Fee]
Index: []"
Nathan Butler-Oyedeji,638964,€800k,"Jun 2, 2026","Jan 4, 2003",23,1.78,England,['England'],Centre-Forward,"              0
0  Right Winger
1   Left Winger",Lausanne-Sport,,,"Jul 2, 2025","Jun 30, 2028",,"Empty DataFrame
Columns: [Season, Date, Left, Joined, MV, Fee]
Index: []"
Liam Cooper,75067,€200k,"May 28, 2026","Aug 30, 1991",35,1.85,Scotland,"['England', 'Scotland']",Centre-Back,,Sheff Wed,,,"Nov 17, 2025","Jun 30, 2027",,"Empty DataFrame
Columns: [Season, Date, Left, Joined, MV, Fee]
Index: []"
Philippe Coutinho,80444,€2.50m,"Apr 9, 2026","Jun 12, 1992",34,1.73,Brazil,"['Portugal', 'Brazil']",Attacking Midfield,"              0
0   Left Winger
1  Right Winger",Without Club,Vasco da Gama,"Feb 20, 2026",,,,"Empty DataFrame
Columns: [Season, Date, Left, Joined, MV, Fee]
Index: []"
Solly March,209212,€1.00m,"Jun 3, 2026","Jul 20, 1994",32,1.8,England,[],Right Winger,,Without Club,Brighton,"Jul 1, 2026",,,,"Empty DataFrame
Columns: [Season, Date, Left, Joined, MV, Fee]
Index: []"
Kortney Hause,233124,€500k,"Apr 9, 2026","Jul 16, 1995",31,1.91,England,"['England', 'Bermuda']",Centre-Back,"           0
0  Left-Back",Without Club,Aston Villa,"Jul 1, 2025",,,,"Empty DataFrame
Columns: [Season, Date, Left, Joined, MV, Fee]
Index: []"
Brenden Aaronson,393323,€22.00m,"Jun 3, 2026","Oct 22, 2000",25,1.78,United States,[],Attacking Midfield,,Leeds,,,"Jul 1, 2022","Jun 30, 2029",,"Empty DataFrame
Columns: [Season, Date, Left, Joined, MV, Fee]
Index: []"
Tom Heaton,34130,€100k,"Jun 3, 2026","Apr 15, 1986",40,1.88,England,[],Goalkeeper,,Man Utd,,,"Jul 2, 2021","Jun 30, 2027",,"Empty DataFrame
Columns: [Season, Date, Left, Joined, MV, Fee]
Index: []"
Jan Bednarek,243028,€11.00m,"May 28, 2026","Apr 12, 1996",30,1.88,Poland,[],Centre-Back,,Porto,,,"Jul 28, 2025","Jun 30, 2029",,"Empty DataFrame
Columns: [Season, Date, Left, Joined, MV, Fee]
Index: []"
Fabian Schär,135343,€4.00m,"Jun 3, 2026","Dec 20, 1991",34,1.85,Switzerland,[],Centre-Back,,Newcastle,,,"Jul 26, 2018","Jun 30, 2027",,"Empty DataFrame
Columns: [Season, Date, Left, Joined, MV, Fee]
Index: []"
Heung-min Son,91845,€15.00m,"Jun 2, 2026","Jul 8, 1992",34,1.83,"Korea, South",[],Left Winger,,LAFC,,,"Aug 6, 2025","Dec 31, 2027",,"Empty DataFrame
Columns: [Season, Date, Left, Joined, MV, Fee]
Index: []"
Callum McFarlane,1031256,,,"Sep 8, 2003",23,1.85,England,['England'],Centre-Forward,"                0
0  Second Striker",Solihull Moors,,,"Jul 18, 2025","Jun 30, 2027",,"Empty DataFrame
Columns: [Season, Date, Left, Joined, MV, Fee]
Index: []"
Harry Souttar,298091,€3.50m,"May 28, 2026","Oct 22, 1998",27,1.98,Australia,"['Scotland', 'Australia']",Centre-Back,,Leicester,,,"Jan 31, 2023","Jun 30, 2028",,"Empty DataFrame
Columns: [Season, Date, Left, Joined, MV, Fee]
Index: []"
Harvey Davies,706815,€500k,"Jun 3, 2026","Sep 3, 2003",23,1.91,England,['England'],Goalkeeper,,Liverpool,,,"Jul 1, 2024","Jun 30, 2027",,"Empty DataFrame
Columns: [Season, Date, Left, Joined, MV, Fee]
Index: []"
Anthony Martial,182877,€3.50m,"May 20, 2026","Dec 5, 1995",30,1.83,France,[],Centre-Forward,,Without Club,Monterrey,"Jul 6, 2026",,,,"Empty DataFrame
Columns: [Season, Date, Left, Joined, MV, Fee]
Index: []"
Wout Weghorst,228645,€2.00m,"May 28, 2026","Aug 7, 1992",34,1.98,Netherlands,[],Centre-Forward,,FC Twente,,,"Jul 1, 2026","Jun 30, 2028",,"Empty DataFrame
Columns: [Season, Date, Left, Joined, MV, Fee]
Index: []"
James Hill,611793,€23.00m,"Jun 3, 2026","Jan 10, 2002",24,1.88,England,[],Centre-Back,,Bournemouth,,,"Jan 5, 2022","Jun 30, 2029",,"Empty DataFrame
Columns: [Season, Date, Left, Joined, MV, Fee]
Index: []"
Yan Valery,406008,€1.50m,"Jun 2, 2026","Feb 22, 1999",27,1.85,Tunisia,[],Right-Back,,Sheff Wed,,,"Jul 1, 2024","Jun 30, 2027",,"Empty DataFrame
Columns: [Season, Date, Left, Joined, MV, Fee]
Index: []"
Karl Darlow,99397,€200k,"Jun 3, 2026","Oct 8, 1990",35,1.91,Wales,"['England', 'Wales']",Goalkeeper,,Man Utd,,,"Jul 14, 2026","Jun 30, 2028",,"Empty DataFrame
Columns: [Season, Date, Left, Joined, MV, Fee]
Index: []"
Ibrahima Diallo,413032,€3.50m,"May 14, 2026","Mar 8, 1999",27,1.78,France,[],Defensive Midfield,,Al-Shahania SC,,,"Aug 16, 2026","Jun 30, 2027",,"Empty DataFrame
Columns: [Season, Date, Left, Joined, MV, Fee]
Index: []"
Jonny Otto,175446,€2.20m,"Jun 5, 2026","Mar 3, 1994",32,1.75,Spain,['Spain'],Right-Back,"             0
0    Left-Back
1  Centre-Back",Alavés,,,"Jul 2, 2025","Jun 30, 2027",,"Empty DataFrame
Columns: [Season, Date, Left, Joined, MV, Fee]
Index: []"
Joe Gomez,256178,€13.00m,"Jun 3, 2026","May 23, 1997",29,1.88,England,"['The Gambia', 'England']",Centre-Back,"            0
0  Right-Back
1   Left-Back",Liverpool,,,"Jul 1, 2015","Jun 30, 2027",,"Empty DataFrame
Columns: [Season, Date, Left, Joined, MV, Fee]
Index: []"
Darren Randolph,51321,,,"May 12, 1987",39,1.88,Ireland,"['United States', 'Ireland']",Goalkeeper,,Retired,Bournemouth,"Jul 1, 2024",,,,"Empty DataFrame
Columns: [Season, Date, Left, Joined, MV, Fee]
Index: []"
Jamie Shackleton,534700,€1.00m,"May 28, 2026","Oct 8, 1999",26,1.68,England,[],Right-Back,,Sheff Utd,,,"Jul 4, 2024","Jun 30, 2027",,"Empty DataFrame
Columns: [Season, Date, Left, Joined, MV, Fee]
Index: []"
Matej Kovar,550829,€8.00m,"May 28, 2026","May 17, 2000",26,1.96,Czech Republic,[],Goalkeeper,,PSV,,,"Jul 1, 2026","Jun 30, 2030",,"Empty DataFrame
Columns: [Season, Date, Left, Joined, MV, Fee]
Index: []"
Sven Botman,361093,€35.00m,"Jun 3, 2026","Jan 12, 2000",26,1.93,Netherlands,[],Centre-Back,,Newcastle,,,"Jul 1, 2022","Jun 30, 2030",,"Empty DataFrame
Columns: [Season, Date, Left, Joined, MV, Fee]
Index: []"
Halil Dervişoğlu,465606,€700k,"May 21, 2026","Dec 8, 1999",26,1.83,Türkiye,[],Centre-Forward,,Gaziantep FK,,,"Aug 13, 2026","Jun 30, 2027",,"Empty DataFrame
Columns: [Season, Date, Left, Joined, MV, Fee]
Index: []"
Jack Hinchy,854689,€100k,"May 15, 2026","Jan 30, 2003",23,1.8,England,['England'],Defensive Midfield,"                  0
0  Central Midfield",Altrincham,,,"Jul 1, 2026",-,,"Empty DataFrame
Columns: [Season, Date, Left, Joined, MV, Fee]
Index: []"
Paul Dummett,170321,,,"Sep 26, 1991",34,1.83,Wales,"['England', 'Wales']",Left-Back,"             0
0  Centre-Back",Retired,Carlisle United,"Dec 5, 2025",,,,"Empty DataFrame
Columns: [Season, Date, Left, Joined, MV, Fee]
Index: []"
Ben Chilwell,316125,€10.00m,"Jun 1, 2026","Dec 21, 1996",29,1.8,England,"['England', 'New Zealand']",Left-Back,"               0
0  Left Midfield",Crystal Palace,,,"Sep 1, 2026",-,,"Empty DataFrame
Columns: [Season, Date, Left, Joined, MV, Fee]
Index: []"
Loris Karius,85864,€800k,"Jun 1, 2026","Jun 22, 1993",33,1.91,Germany,[],Goalkeeper,,FC Schalke 04,,,"Jan 14, 2025","Jun 30, 2028",,"Empty DataFrame
Columns: [Season, Date, Left, Joined, MV, Fee]
Index: []"
Konstantinos Tsimikas,338070,€4.50m,"May 29, 2026","May 12, 1996",30,1.78,Greece,['Greece'],Left-Back,"               0
0  Left Midfield",Liverpool,,,"Aug 10, 2020","Jun 30, 2027",,"Empty DataFrame
Columns: [Season, Date, Left, Joined, MV, Fee]
Index: []"
Gabriel Slonina,656316,€3.00m,"Jun 3, 2026","May 15, 2004",22,1.93,United States,[],Goalkeeper,,Chelsea,,,"Aug 2, 2022","Jun 30, 2028",,"Empty DataFrame
Columns: [Season, Date, Left, Joined, MV, Fee]
Index: []"
Kepa Arrizabalaga,192279,€5.00m,"Jun 3, 2026","Oct 3, 1994",31,1.88,Spain,['Spain'],Goalkeeper,,Arsenal,,,"Jul 1, 2025","Jun 30, 2028",,"Empty DataFrame
Columns: [Season, Date, Left, Joined, MV, Fee]
Index: []"
Miguel Almirón,272999,€7.00m,"Jun 2, 2026","Feb 10, 1994",32,1.78,Paraguay,[],Right Winger,,Atlanta,,,"Jan 31, 2025","Dec 31, 2027",,"Empty DataFrame
Columns: [Season, Date, Left, Joined, MV, Fee]
Index: []"
Martin Dúbravka,74960,€500k,"Jun 3, 2026","Jan 15, 1989",37,1.91,Slovakia,[],Goalkeeper,,Tottenham,,,"Jul 1, 2026","Jun 30, 2027",,"Empty DataFrame
Columns: [Season, Date, Left, Joined, MV, Fee]
Index: []"
Luis Sinisterra,512385,€11.00m,"May 26, 2026","Jun 17, 1999",27,1.73,Colombia,['Colombia'],Left Winger,"              0
0  Right Winger",Cruzeiro,,,"Jul 1, 2026","Dec 31, 2028",,"Empty DataFrame
Columns: [Season, Date, Left, Joined, MV, Fee]
Index: []"
Cody Drameh,531957,€3.00m,"May 28, 2026","Dec 8, 2001",24,1.8,England,[],Right-Back,,Genoa,,,"Sep 1, 2026",-,,"Empty DataFrame
Columns: [Season, Date, Left, Joined, MV, Fee]
Index: []"
Jack Harrison,417346,€6.50m,"May 29, 2026","Nov 20, 1996",29,1.75,England,[],Left Winger,,New England,,,"Jul 26, 2026","Jun 30, 2030",,"Empty DataFrame
Columns: [Season, Date, Left, Joined, MV, Fee]
Index: []"
Marcus Bettinelli,116648,€300k,"Jun 3, 2026","May 24, 1992",34,1.93,England,"['England', 'Italy']",Goalkeeper,,Man City,,,"Jun 10, 2025","Jun 30, 2027",,"Empty DataFrame
Columns: [Season, Date, Left, Joined, MV, Fee]
Index: []"
Eddie Nketiah,340324,€10.00m,"Jun 3, 2026","May 30, 1999",27,1.75,England,"['England', 'Ghana']",Centre-Forward,"              0
0  Right Winger
1   Left Winger",Crystal Palace,,,"Aug 30, 2024","Jun 30, 2029",,"Empty DataFrame
Columns: [Season, Date, Left, Joined, MV, Fee]
Index: []"
Nathan Trott,431422,€1.50m,"May 12, 2026","Nov 21, 1998",27,1.88,England,[],Goalkeeper,,Cardiff,,,"Jul 1, 2026","Jun 30, 2029",,"Empty DataFrame
Columns: [Season, Date, Left, Joined, MV, Fee]
Index: []"
Ryan Sessegnon,392775,€22.00m,"Jun 3, 2026","May 18, 2000",26,1.78,England,[],Left-Back,,Fulham,,,"Jul 26, 2024","Jun 30, 2027",,"Empty DataFrame
Columns: [Season, Date, Left, Joined, MV, Fee]
Index: []"
Rico Lewis,701057,€28.00m,"Jun 3, 2026","Nov 21, 2004",21,1.7,England,"['England', 'Jamaica']",Right-Back,"                    0
0  Defensive Midfield
1           Left-Back",Man City,,,"Jul 1, 2022","Jun 30, 2030",,"Empty DataFrame
Columns: [Season, Date, Left, Joined, MV, Fee]
Index: []"
James Furlong,580030,€100k,"May 26, 2026","Jun 7, 2002",24,1.78,Ireland,['Ireland'],Left-Back,"               0
0  Left Midfield
1    Centre-Back",Walsall,,,"Aug 24, 2026","Jun 30, 2027",,"Empty DataFrame
Columns: [Season, Date, Left, Joined, MV, Fee]
Index: []"
Bobby Clark,712117,€8.00m,"May 28, 2026","Feb 7, 2005",21,1.78,England,['England'],Central Midfield,"                    0
0  Defensive Midfield",Derby,,,"Jul 1, 2026",-,,"Empty DataFrame
Columns: [Season, Date, Left, Joined, MV, Fee]
Index: []"
Zack Steffen,221624,€1.50m,"Jun 2, 2026","Apr 2, 1995",31,1.91,United States,['United States'],Goalkeeper,,Colorado,,,"Jan 31, 2024","Dec 31, 2026",,"Empty DataFrame
Columns: [Season, Date, Left, Joined, MV, Fee]
Index: []"
Karl Hein,493513,€3.00m,"May 27, 2026","Apr 13, 2002",24,1.93,Estonia,['Estonia'],Goalkeeper,,Werder Bremen,,,"Jul 1, 2026","Jun 30, 2030",,"Empty DataFrame
Columns: [Season, Date, Left, Joined, MV, Fee]
Index: []"
Wayne Hennessey,45494,,,"Jan 24, 1987",39,1.98,Wales,[],Goalkeeper,,Retired,Nott'm Forest,"Jul 16, 2025",,,,"Empty DataFrame
Columns: [Season, Date, Left, Joined, MV, Fee]
Index: []"
Konstantinos Tsimikas,338070,€4.50m,"May 29, 2026","May 12, 1996",30,1.78,Greece,[],Left-Back,,Liverpool,,,"Aug 10, 2020","Jun 30, 2027",,"Empty DataFrame
Columns: [Season, Date, Left, Joined, MV, Fee]
Index: []"
Joel Robles,101118,€350k,"May 28, 2026","Jun 17, 1990",36,1.93,Spain,[],Goalkeeper,,Estoril,,,"Jul 31, 2024","Jun 30, 2028",,"Empty DataFrame
Columns: [Season, Date, Left, Joined, MV, Fee]
Index: []"
James McArthur,41416,,,"Oct 7, 1987",38,1.78,Scotland,['Scotland'],Central Midfield,"                    0
0  Defensive Midfield
1      Right Midfield",Retired,Crystal Palace,"Aug 7, 2023",,,,"Empty DataFrame
Columns: [Season, Date, Left, Joined, MV, Fee]
Index: []"
Nathan Tella,340322,€15.00m,"May 27, 2026","Jul 5, 1999",27,1.73,Nigeria,"['England', 'Nigeria']",Right Winger,"                0
0     Left Winger
1  Right Midfield",Leverkusen,,,"Aug 27, 2023","Jun 30, 2031",,"Empty DataFrame
Columns: [Season, Date, Left, Joined, MV, Fee]
Index: []"
Kofi Balmer,504518,€300k,"May 15, 2026","Sep 19, 2000",25,1.85,Northern Ireland,[],Centre-Back,,Bristol Rovers,,,"Jul 1, 2026","Jun 30, 2028",,"Empty DataFrame
Columns: [Season, Date, Left, Joined, MV, Fee]
Index: []"
Jacob Murphy,199527,€12.00m,"Jun 3, 2026","Feb 24, 1995",31,1.78,England,[],Right Winger,,Newcastle,,,"Jul 19, 2017","Jun 30, 2027",,"Empty DataFrame
Columns: [Season, Date, Left, Joined, MV, Fee]
Index: []"
Jeremiah Chilokoa-Mullen,719681,€250k,"May 21, 2026","Jun 17, 2004",22,,Scotland,"['England', 'Scotland']",Centre-Back,,Wigan,,,"Jul 1, 2026","Jun 30, 2028",,"Empty DataFrame
Columns: [Season, Date, Left, Joined, MV, Fee]
Index: []"
Matheus Cunha,517894,€75.00m,"Jun 3, 2026","May 27, 1999",27,1.83,Brazil,[],Centre-Forward,,Man Utd,,,"Jul 1, 2025","Jun 30, 2030",,"Empty DataFrame
Columns: [Season, Date, Left, Joined, MV, Fee]
Index: []"
Nikola Vlašić,293200,€10.00m,"May 29, 2026","Oct 4, 1997",28,1.78,Croatia,[],Attacking Midfield,,Torino,,,"Aug 8, 2023","Jun 30, 2027",,"Empty DataFrame
Columns: [Season, Date, Left, Joined, MV, Fee]
Index: []"
Luke Mbete,609883,€700k,"Dec 17, 2025","Sep 18, 2003",22,1.85,England,[],Centre-Back,,Man City U21,,,"Jul 1, 2020","Jun 30, 2027",,"Empty DataFrame
Columns: [Season, Date, Left, Joined, MV, Fee]
Index: []"
Roméo Lavia,628451,€22.00m,"Jun 3, 2026","Jan 6, 2004",22,1.8,Belgium,"['Belgium', 'Ghana']",Defensive Midfield,"                  0
0  Central Midfield",Chelsea,,,"Aug 18, 2023","Jun 30, 2030",,"Empty DataFrame
Columns: [Season, Date, Left, Joined, MV, Fee]
Index: []"
Mario Lemina,170934,€4.50m,"May 21, 2026","Sep 1, 1993",33,1.83,Gabon,"['France', 'Gabon']",Defensive Midfield,"                  0
0  Central Midfield
1       Centre-Back",Galatasaray,,,"Feb 5, 2025","Jun 30, 2028",,"Empty DataFrame
Columns: [Season, Date, Left, Joined, MV, Fee]
Index: []"
Antony,602105,€40.00m,"Jun 5, 2026","Feb 24, 2000",26,1.73,Brazil,[],Right Winger,,Real Betis,,,"Sep 1, 2025","Jun 30, 2030",,"Empty DataFrame
Columns: [Season, Date, Left, Joined, MV, Fee]
Index: []"
Cheick Doucouré,543387,€10.00m,"Jun 3, 2026","Jan 8, 2000",26,1.8,Mali,['Mali'],Defensive Midfield,"             0
0  Centre-Back",Crystal Palace,,,"Jul 11, 2022","Jun 30, 2029",,"Empty DataFrame
Columns: [Season, Date, Left, Joined, MV, Fee]
Index: []"
Benoît Badiashile,463603,€15.00m,"Jun 3, 2026","Mar 26, 2001",25,1.93,France,[],Centre-Back,,Napoli,,,"Aug 22, 2026","Jun 30, 2027",,"Empty DataFrame
Columns: [Season, Date, Left, Joined, MV, Fee]
Index: []"
Philip Billing,320411,€6.00m,"May 25, 2026","Jun 11, 1996",30,1.93,Denmark,"['Denmark', 'Nigeria']",Central Midfield,,Midtjylland,,,"Aug 26, 2025","Jun 30, 2030",,"Empty DataFrame
Columns: [Season, Date, Left, Joined, MV, Fee]
Index: []"
Jamal Lowe,239949,€500k,"May 28, 2026","Jul 21, 1994",32,1.83,Jamaica,[],Centre-Forward,,Sheff Wed,,,"Jul 1, 2024","Jun 30, 2027",,"Empty DataFrame
Columns: [Season, Date, Left, Joined, MV, Fee]
Index: []"
Charlie Robinson,921992,,,"Sep 19, 2004",21,,England,['England'],Centre-Back,,Retired,Fulham U21,"Jul 1, 2026",,,,"Empty DataFrame
Columns: [Season, Date, Left, Joined, MV, Fee]
Index: []"
Pervis Estupiñán,349599,€12.00m,"May 29, 2026","Jan 21, 1998",28,1.75,Ecuador,[],Left-Back,,AC Milan,,,"Jul 24, 2025","Jun 30, 2030",,"Empty DataFrame
Columns: [Season, Date, Left, Joined, MV, Fee]
Index: []"
Mateusz Klich,92738,€200k,"Jun 4, 2026","Jun 13, 1990",36,1.83,Poland,[],Defensive Midfield,,Cracovia,,,"Aug 13, 2025","Jun 30, 2027",,"Empty DataFrame
Columns: [Season, Date, Left, Joined, MV, Fee]
Index: []"
Roméo Lavia,628451,€22.00m,"Jun 3, 2026","Jan 6, 2004",22,1.8,Belgium,[],Defensive Midfield,,Chelsea,,,"Aug 18, 2023","Jun 30, 2030",,"Empty DataFrame
Columns: [Season, Date, Left, Joined, MV, Fee]
Index: []"
İlkay Gündoğan,53622,€2.00m,"May 21, 2026","Oct 24, 1990",35,1.8,Germany,['Germany'],Central Midfield,"                    0
0  Defensive Midfield
1  Attacking Midfield",Galatasaray,,,"Sep 2, 2025","Jun 30, 2027",,"Empty DataFrame
Columns: [Season, Date, Left, Joined, MV, Fee]
Index: []"
Carlos Vinícius,525287,€7.00m,"May 26, 2026","Mar 25, 1995",31,1.91,Brazil,['Brazil'],Centre-Forward,,Grêmio,,,"Jul 23, 2025","Dec 31, 2026",,"Empty DataFrame
Columns: [Season, Date, Left, Joined, MV, Fee]
Index: []"
Michail Antonio,104124,€400k,"May 14, 2026","Mar 28, 1990",36,1.8,Jamaica,[],Centre-Forward,,Without Club,Al-Sailiya SC,"Jul 1, 2026",,,,"Empty DataFrame
Columns: [Season, Date, Left, Joined, MV, Fee]
Index: []"
Bashir Humphreys,612517,€12.00m,"Jun 3, 2026","Mar 15, 2003",23,1.85,England,[],Centre-Back,,Burnley,,,"Jul 1, 2025","Jun 30, 2029",,"Empty DataFrame
Columns: [Season, Date, Left, Joined, MV, Fee]
Index: []"
Jack Butland,128899,€1.50m,"May 20, 2026","Mar 10, 1993",33,1.96,England,['England'],Goalkeeper,,Hull City,,,"Jul 2, 2026","Jun 30, 2028",,"Empty DataFrame
Columns: [Season, Date, Left, Joined, MV, Fee]
Index: []"
Bryan Mbeumo,413039,€75.00m,"Jun 3, 2026","Aug 7, 1999",27,1.7,Cameroon,"['Cameroon', 'France']",Right Winger,"                0
0  Second Striker
1  Centre-Forward",Man Utd,,,"Jul 21, 2025","Jun 30, 2030",,"Empty DataFrame
Columns: [Season, Date, Left, Joined, MV, Fee]
Index: []"
Danny Ward,203026,€600k,"May 28, 2026","Jun 22, 1993",33,1.91,Wales,[],Goalkeeper,,Wrexham,,,"Jul 1, 2025","Jun 30, 2027",,"Empty DataFrame
Columns: [Season, Date, Left, Joined, MV, Fee]
Index: []"
Cafú,203655,€250k,"May 21, 2026","Feb 26, 1993",33,1.85,Portugal,"['Portugal', 'Guinea-Bissau']",Central Midfield,"                    0
0  Defensive Midfield
1  Attacking Midfield",AEL Limassol,,,"Aug 6, 2026","May 31, 2028",,"Empty DataFrame
Columns: [Season, Date, Left, Joined, MV, Fee]
Index: []"
Anthony Knockaert,149237,,,"Nov 20, 1991",34,1.73,France,"['Belgium', 'France']",Right Winger,"             0
0  Left Winger",Mouscron,,,"Jul 11, 2024","Jun 30, 2027",,"Empty DataFrame
Columns: [Season, Date, Left, Joined, MV, Fee]
Index: []"
Salomón Rondón,80197,€350k,"May 20, 2026","Sep 16, 1989",36,1.85,Venezuela,['Venezuela'],Centre-Forward,,Pachuca,,,"Jan 1, 2024","Dec 31, 2027",,"Empty DataFrame
Columns: [Season, Date, Left, Joined, MV, Fee]
Index: []"
Jonathan Panzo,392777,€1.50m,"May 28, 2026","Oct 25, 2000",25,1.88,England,[],Centre-Back,,Without Club,Birmingham,"Jul 1, 2026",,,,"Empty DataFrame
Columns: [Season, Date, Left, Joined, MV, Fee]
Index: []"
Matt Doherty,171679,€1.00m,"Jun 3, 2026","Jan 16, 1992",34,1.85,Ireland,"['Ireland', 'Indonesia']",Right-Back,"                0
0  Right Midfield
1       Left-Back",Sheff Utd,,,"Jul 20, 2026","Jun 30, 2027",,"Empty DataFrame
Columns: [Season, Date, Left, Joined, MV, Fee]
Index: []"
Jakub Kiwior,425918,€35.00m,"May 28, 2026","Feb 15, 2000",26,1.88,Poland,['Poland'],Centre-Back,"                    0
0           Left-Back
1  Defensive Midfield",Porto,,,"Jul 1, 2026","Jun 30, 2030",,"Empty DataFrame
Columns: [Season, Date, Left, Joined, MV, Fee]
Index: []"
Neto,111819,€900k,"May 26, 2026","Jul 19, 1989",37,1.91,Brazil,[],Goalkeeper,,Without Club,Botafogo,"Jul 1, 2026",,,,"Empty DataFrame
Columns: [Season, Date, Left, Joined, MV, Fee]
Index: []"
Crysencio Summerville,474701,€45.00m,"Jul 22, 2026","Oct 30, 2001",24,1.73,Netherlands,"['Suriname', 'Netherlands']",Left Winger,"              0
0  Right Winger",Al-Hilal,,,"Jul 24, 2026","Jun 30, 2030",,"Empty DataFrame
Columns: [Season, Date, Left, Joined, MV, Fee]
Index: []"
Jhon Durán,649317,€15.00m,"May 26, 2026","Dec 13, 2003",22,1.85,Colombia,['Colombia'],Centre-Forward,,Benfica,,,"Jul 20, 2026","Jun 30, 2027",,"Empty DataFrame
Columns: [Season, Date, Left, Joined, MV, Fee]
Index: []"
Harvey Griffiths,670558,,,"Sep 22, 2003",22,1.91,England,['England'],Defensive Midfield,"                  0
0  Central Midfield",Without Club,Wolves U21,"Jul 1, 2026",,,,"Empty DataFrame
Columns: [Season, Date, Left, Joined, MV, Fee]
Index: []"
David Datro Fofana,787232,€4.00m,"Jun 1, 2026","Dec 22, 2002",23,1.83,Cote d'Ivoire,"[""Cote d'Ivoire""]",Centre-Forward,"              0
0  Right Winger
1   Left Winger",Servette FC,,,"Aug 31, 2026","Jun 30, 2030",,"Empty DataFrame
Columns: [Season, Date, Left, Joined, MV, Fee]
Index: []"
Levi Colwill,614258,€50.00m,"Jun 3, 2026","Feb 26, 2003",23,1.88,England,['England'],Centre-Back,"           0
0  Left-Back",Chelsea,,,"Jul 1, 2022","Jun 30, 2029",,"Empty DataFrame
Columns: [Season, Date, Left, Joined, MV, Fee]
Index: []"
Tristan Crama,732529,€12.00m,"May 28, 2026","Nov 8, 2001",24,1.93,France,[],Centre-Back,,Millwall,,,"Jan 17, 2025","Jun 30, 2028",,"Empty DataFrame
Columns: [Season, Date, Left, Joined, MV, Fee]
Index: []"
Christian Pulisic,315779,€40.00m,"May 29, 2026","Sep 18, 1998",27,1.78,United States,"['Croatia', 'United States']",Right Winger,"                    0
0         Left Winger
1  Attacking Midfield",AC Milan,,,"Jul 13, 2023","Jun 30, 2027",,"Empty DataFrame
Columns: [Season, Date, Left, Joined, MV, Fee]
Index: []"
Ainsley Maitland-Niles,285845,€10.00m,"Jun 1, 2026","Aug 29, 1997",29,1.8,England,"['England', 'Jamaica']",Right-Back,"                  0
0    Right Midfield
1  Central Midfield",Everton,,,"Sep 1, 2026","Jun 30, 2029",,"Empty DataFrame
Columns: [Season, Date, Left, Joined, MV, Fee]
Index: []"
Naby Keïta,302215,€1.50m,"May 19, 2026","Feb 10, 1995",31,1.73,Guinea,[],Central Midfield,,Ferencváros,,,"Jan 15, 2026",-,,"Empty DataFrame
Columns: [Season, Date, Left, Joined, MV, Fee]
Index: []"
Pape Matar Sarr,568693,€30.00m,"Jun 3, 2026","Sep 14, 2002",23,1.85,Senegal,[],Central Midfield,,Juventus,,,"Sep 1, 2026","Jun 30, 2027",,"Empty DataFrame
Columns: [Season, Date, Left, Joined, MV, Fee]
Index: []"
Nathaniel Chalobah,128900,€500k,"May 28, 2026","Dec 12, 1994",31,1.85,England,[],Defensive Midfield,,Charlton,,,"Aug 7, 2026","Jun 30, 2027",,"Empty DataFrame
Columns: [Season, Date, Left, Joined, MV, Fee]
Index: []"
Diogo Jota,340950,,,"Dec 4, 1996",1996,1.78,Portugal,['Portugal'],Left Winger,"                0
0  Centre-Forward
1  Second Striker",,,,,,,"Empty DataFrame
Columns: [Season, Date, Left, Joined, MV, Fee]
Index: []"
Lewis Hall,670858,€40.00m,"Jun 3, 2026","Sep 8, 2004",22,1.78,England,['England'],Left-Back,"                  0
0     Left Midfield
1  Central Midfield",Newcastle,,,"Jul 1, 2024",-,,"Empty DataFrame
Columns: [Season, Date, Left, Joined, MV, Fee]
Index: []"
Leandro Trossard,144028,€18.00m,"Jun 3, 2026","Dec 4, 1994",31,1.73,Belgium,['Belgium'],Left Winger,"                0
0  Second Striker
1  Centre-Forward",Besiktas,,,"Jul 15, 2026","Jun 30, 2029",,"Empty DataFrame
Columns: [Season, Date, Left, Joined, MV, Fee]
Index: []"
Layton Stewart,580801,€200k,"May 12, 2026","Sep 3, 2002",24,1.8,England,['England'],Centre-Forward,,Without Club,FC Thun,"Aug 31, 2026",,,,"Empty DataFrame
Columns: [Season, Date, Left, Joined, MV, Fee]
Index: []"
Taylor Richards,484551,€200k,"May 15, 2026","Dec 4, 2000",25,1.8,England,[],Central Midfield,,Without Club,Crawley Town,"Jul 1, 2026",,,,"Empty DataFrame
Columns: [Season, Date, Left, Joined, MV, Fee]
Index: []"
Paul Dummett,170321,,,"Sep 26, 1991",34,1.83,Wales,[],Left-Back,,Retired,Carlisle United,"Dec 5, 2025",,,,"Empty DataFrame
Columns: [Season, Date, Left, Joined, MV, Fee]
Index: []"
Shea Charles,747951,€15.00m,"May 28, 2026","Nov 5, 2003",22,1.88,Northern Ireland,"['England', 'Northern Ireland']",Defensive Midfield,"             0
0  Centre-Back
1   Right-Back",Fulham,,,"Aug 11, 2026","Jun 30, 2031",,"Empty DataFrame
Columns: [Season, Date, Left, Joined, MV, Fee]
Index: []"
Lino Sousa,743414,€700k,"May 12, 2026","Jan 19, 2005",21,1.85,England,"['England', 'Portugal']",Left-Back,"               0
0  Left Midfield",Shrewsbury,,,"Aug 31, 2026","Jun 30, 2027",,"Empty DataFrame
Columns: [Season, Date, Left, Joined, MV, Fee]
Index: []"
Illan Meslier,542586,€8.00m,"Jun 3, 2026","Mar 2, 2000",26,1.98,France,['France'],Goalkeeper,,Arsenal,,,"Jul 9, 2026","Jun 30, 2028",,"Empty DataFrame
Columns: [Season, Date, Left, Joined, MV, Fee]
Index: []"
Caoimhín Kelleher,340918,€28.00m,"Jun 3, 2026","Nov 23, 1998",27,1.88,Ireland,['Ireland'],Goalkeeper,,Brentford,,,"Jul 1, 2025","Jun 30, 2030",,"Empty DataFrame
Columns: [Season, Date, Left, Joined, MV, Fee]
Index: []"
Aleksandar Mitrović,51152,€10.00m,"May 14, 2026","Sep 16, 1994",31,1.88,Serbia,[],Centre-Forward,,Al-Rayyan,,,"Sep 4, 2025","Jun 30, 2028",,"Empty DataFrame
Columns: [Season, Date, Left, Joined, MV, Fee]
Index: []"
Angelo Ogbonna,48002,,,"May 23, 1988",38,1.91,Italy,[],Centre-Back,,Retired,Watford,"Jul 1, 2025",,,,"Empty DataFrame
Columns: [Season, Date, Left, Joined, MV, Fee]
Index: []"
Joachim Andersen,260827,€20.00m,"Jun 3, 2026","May 31, 1996",30,1.93,Denmark,[],Centre-Back,,Fulham,,,"Aug 23, 2024","Jun 30, 2029",,"Empty DataFrame
Columns: [Season, Date, Left, Joined, MV, Fee]
Index: []"
Jamie Vardy,197838,€1.00m,"May 29, 2026","Jan 11, 1987",39,1.78,England,[],Centre-Forward,,Burnley,,,"Sep 6, 2026","Jun 30, 2027",,"Empty DataFrame
Columns: [Season, Date, Left, Joined, MV, Fee]
Index: []"
Ben Johnson,468002,€6.00m,"May 28, 2026","Jan 24, 2000",26,1.83,England,[],Right-Back,,Stoke City,,,"Aug 21, 2026","May 31, 2027",,"Empty DataFrame
Columns: [Season, Date, Left, Joined, MV, Fee]
Index: []"
Ben Davies,192765,€3.00m,"Jun 3, 2026","Apr 24, 1993",33,1.8,Wales,['Wales'],Centre-Back,"           0
0  Left-Back",Tottenham,,,"Jul 23, 2014","Jun 30, 2027",,"Empty DataFrame
Columns: [Season, Date, Left, Joined, MV, Fee]
Index: []"
John-Kymani Gordon,659331,€150k,"May 15, 2026","Feb 13, 2003",23,1.8,England,[],Left Winger,,Without Club,Colchester Utd.,"Jul 1, 2026",,,,"Empty DataFrame
Columns: [Season, Date, Left, Joined, MV, Fee]
Index: []"
Alex Gibson-Hammond,646209,,,"Nov 10, 2002",23,1.78,England,['England'],Right Midfield,"                  0
0        Right-Back
1  Central Midfield",Cheshunt,,,"Nov 2, 2024",-,,"Empty DataFrame
Columns: [Season, Date, Left, Joined, MV, Fee]
Index: []"
Keenan Appiah-Forson,554098,,,"Oct 16, 2001",24,1.75,England,[],Defensive Midfield,,Oldham Athletic,,,"Jul 1, 2026","Jun 30, 2028",,"Empty DataFrame
Columns: [Season, Date, Left, Joined, MV, Fee]
Index: []"
Salomón Rondón,80197,€350k,"May 20, 2026","Sep 16, 1989",36,1.85,Venezuela,[],Centre-Forward,,Pachuca,,,"Jan 1, 2024","Dec 31, 2027",,"Empty DataFrame
Columns: [Season, Date, Left, Joined, MV, Fee]
Index: []"
Tom Cairney,123275,€500k,"Jun 3, 2026","Jan 20, 1991",35,1.85,Scotland,[],Central Midfield,,Fulham,,,"Jul 1, 2015","Jun 30, 2027",,"Empty DataFrame
Columns: [Season, Date, Left, Joined, MV, Fee]
Index: []"
David Boateng,634706,,,"May 8, 2001",25,1.75,England,"['England', 'Ghana']",Right-Back,"           0
0  Left-Back",Without Club,AFC Croydon,"Jul 1, 2026",,,,"Empty DataFrame
Columns: [Season, Date, Left, Joined, MV, Fee]
Index: []"
Adam Armstrong,250426,€6.00m,"Jun 3, 2026","Feb 10, 1997",29,1.73,England,['England'],Centre-Forward,"              0
0  Right Winger
1   Left Winger",Wolves,,,"Feb 2, 2026","Jun 30, 2029",,"Empty DataFrame
Columns: [Season, Date, Left, Joined, MV, Fee]
Index: []"
James Hill,611793,€23.00m,"Jun 3, 2026","Jan 10, 2002",24,1.88,England,['England'],Centre-Back,"            0
0  Right-Back",Bournemouth,,,"Jan 5, 2022","Jun 30, 2029",,"Empty DataFrame
Columns: [Season, Date, Left, Joined, MV, Fee]
Index: []"
Alfie Whiteman,282823,,,"Oct 2, 1998",27,1.88,England,[],Goalkeeper,,Retired,Tottenham,"Oct 30, 2025",,,,"Empty DataFrame
Columns: [Season, Date, Left, Joined, MV, Fee]
Index: []"
Robin Koch,328784,€10.00m,"May 27, 2026","Jul 17, 1996",30,1.93,Germany,[],Centre-Back,,Frankfurt,,,"Jul 1, 2024","Jun 30, 2030",,"Empty DataFrame
Columns: [Season, Date, Left, Joined, MV, Fee]
Index: []"
Marcus Rashford,258923,€40.00m,"Jun 5, 2026","Oct 31, 1997",28,1.85,England,"['England', 'St. Kitts & Nevis']",Left Winger,"                0
0  Centre-Forward
1    Right Winger",Man Utd,,,"Jan 1, 2016","Jun 30, 2028",,"Empty DataFrame
Columns: [Season, Date, Left, Joined, MV, Fee]
Index: []"
Christian Pulisic,315779,€40.00m,"May 29, 2026","Sep 18, 1998",27,1.78,United States,[],Right Winger,,AC Milan,,,"Jul 13, 2023","Jun 30, 2027",,"Empty DataFrame
Columns: [Season, Date, Left, Joined, MV, Fee]
Index: []"
Leo Hjelde,661208,€1.50m,"May 28, 2026","Aug 26, 2003",23,1.91,Norway,"['England', 'Norway']",Centre-Back,"           0
0  Left-Back",KV Mechelen,,,"Aug 11, 2026","Jun 30, 2029",,"Empty DataFrame
Columns: [Season, Date, Left, Joined, MV, Fee]
Index: []"
Daniel James,319301,€10.00m,"Jun 3, 2026","Nov 10, 1997",28,1.7,Wales,[],Right Winger,,Leeds,,,"Aug 31, 2021","Jun 30, 2029",,"Empty DataFrame
Columns: [Season, Date, Left, Joined, MV, Fee]
Index: []"
Emmanuel Dennis,448854,€1.20m,"May 25, 2026","Nov 15, 1997",28,1.75,Nigeria,[],Centre-Forward,,Bröndby IF,,,"Jan 22, 2026","Jun 30, 2028",,"Empty DataFrame
Columns: [Season, Date, Left, Joined, MV, Fee]
Index: []"
Layvin Kurzawa,126710,€600k,"May 27, 2026","Sep 4, 1992",34,1.83,France,"['Guadeloupe', 'France']",Left-Back,"               0
0  Left Midfield",Without Club,PERSIB,"Jul 1, 2026",,,,"Empty DataFrame
Columns: [Season, Date, Left, Joined, MV, Fee]
Index: []"
Orel Mangala,289592,€9.00m,"Jun 1, 2026","Mar 18, 1998",28,1.78,Belgium,[],Defensive Midfield,,Getafe,,,"Aug 6, 2026","Jun 30, 2027",,"Empty DataFrame
Columns: [Season, Date, Left, Joined, MV, Fee]
Index: []"
Matt Dibley-Dias,817611,,,"Oct 29, 2003",22,1.83,New Zealand,"['New Zealand', 'Brazil']",Defensive Midfield,"                  0
0  Central Midfield",Newport County,,,"Aug 26, 2026","Jan 2, 2027",,"Empty DataFrame
Columns: [Season, Date, Left, Joined, MV, Fee]
Index: []"
Kobbie Mainoo,820374,€70.00m,"Jun 3, 2026","Apr 19, 2005",21,1.83,England,[],Central Midfield,,Man Utd,,,"Jul 1, 2023","Jun 30, 2031",,"Empty DataFrame
Columns: [Season, Date, Left, Joined, MV, Fee]
Index: []"
Mads Roerslev,391005,€4.00m,"May 28, 2026","Jun 24, 1999",27,1.83,Denmark,[],Right-Back,,Southampton,,,"Aug 21, 2025","Jun 30, 2029",,"Empty DataFrame
Columns: [Season, Date, Left, Joined, MV, Fee]
Index: []"
Kevin Schade,473050,€35.00m,"Jun 3, 2026","Nov 27, 2001",24,1.85,Germany,"['Germany', 'Nigeria']",Left Winger,"                0
0    Right Winger
1  Centre-Forward",Brentford,,,"Jul 1, 2023","Jun 30, 2028",,"Empty DataFrame
Columns: [Season, Date, Left, Joined, MV, Fee]
Index: []"
Vitaliy Mykolenko,404842,€25.00m,"Jun 3, 2026","May 29, 1999",27,1.8,Ukraine,[],Left-Back,,Everton,,,"Jan 1, 2022","Jun 30, 2029",,"Empty DataFrame
Columns: [Season, Date, Left, Joined, MV, Fee]
Index: []"
Pedro Neto,487465,€60.00m,"Jun 3, 2026","Mar 9, 2000",26,1.75,Portugal,[],Right Winger,,Chelsea,,,"Aug 11, 2024","Jun 30, 2032",,"Empty DataFrame
Columns: [Season, Date, Left, Joined, MV, Fee]
Index: []"
Nathan Butler-Oyedeji,638964,€800k,"Jun 2, 2026","Jan 4, 2003",23,1.78,England,[],Centre-Forward,,Lausanne-Sport,,,"Jul 2, 2025","Jun 30, 2028",,"Empty DataFrame
Columns: [Season, Date, Left, Joined, MV, Fee]
Index: []"
Kamaldeen Sulemana,746695,€17.00m,"May 29, 2026","Feb 15, 2002",24,1.75,Ghana,['Ghana'],Left Winger,"                0
0  Centre-Forward
1    Right Winger",Atalanta,,,"Jul 2, 2025","Jun 30, 2029",,"Empty DataFrame
Columns: [Season, Date, Left, Joined, MV, Fee]
Index: []"
Nathan Redmond,129078,€600k,"May 28, 2026","Mar 6, 1994",32,1.73,England,[],Right Winger,,Without Club,Blackburn,"Jul 1, 2026",,,,"Empty DataFrame
Columns: [Season, Date, Left, Joined, MV, Fee]
Index: []"
Lewis Payne,744131,,,"May 30, 2004",22,1.78,England,['England'],Right-Back,"                    0
0         Centre-Back
1  Defensive Midfield",Harrogate Town,,,"Jul 2, 2026",-,,"Empty DataFrame
Columns: [Season, Date, Left, Joined, MV, Fee]
Index: []"
Kieran Trippier,95810,€1.50m,"Jun 3, 2026","Sep 19, 1990",35,1.73,England,['England'],Right-Back,"                0
0  Right Midfield
1       Left-Back",Wolves,,,"Jul 1, 2026","Jun 30, 2028",,"Empty DataFrame
Columns: [Season, Date, Left, Joined, MV, Fee]
Index: []"
Ben Knight,568007,€250k,"May 15, 2026","Jun 14, 2002",24,1.7,England,[],Attacking Midfield,,Cambridge Utd.,,,"Jul 1, 2025","Jun 30, 2028",,"Empty DataFrame
Columns: [Season, Date, Left, Joined, MV, Fee]
Index: []"
Juan Larios,646738,€1.20m,"Jun 22, 2026","Jan 12, 2004",22,1.7,Spain,[],Left-Back,,Eldense,,,"Sep 3, 2026","Jun 30, 2028",,"Empty DataFrame
Columns: [Season, Date, Left, Joined, MV, Fee]
Index: []"
Dom Ballard,864496,€2.00m,"May 12, 2026","Apr 1, 2005",21,1.78,England,[],Centre-Forward,,Bristol City,,,"Aug 4, 2026","Jun 30, 2030",,"Empty DataFrame
Columns: [Season, Date, Left, Joined, MV, Fee]
Index: []"
Chem Campbell,614603,€1.00m,"May 12, 2026","Dec 30, 2002",23,1.8,Wales,[],Left Winger,,Stevenage,,,"Jul 1, 2025",-,,"Empty DataFrame
Columns: [Season, Date, Left, Joined, MV, Fee]
Index: []"
Divin Mubama,670848,€6.00m,"May 28, 2026","Oct 25, 2004",21,1.83,England,"['England', 'DR Congo']",Centre-Forward,,Southampton,,,"Aug 11, 2026","Jun 30, 2027",,"Empty DataFrame
Columns: [Season, Date, Left, Joined, MV, Fee]
Index: []"
Carlos Alcaraz,748319,€15.00m,"Jun 3, 2026","Nov 30, 2002",23,1.75,Argentina,['Argentina'],Central Midfield,"                    0
0  Attacking Midfield
1      Right Midfield",Everton,,,"Jul 1, 2025","Jun 30, 2027",,"Empty DataFrame
Columns: [Season, Date, Left, Joined, MV, Fee]
Index: []"
Manuel Lanzini,135853,€900k,"May 22, 2026","Feb 15, 1993",33,1.7,Argentina,"['Argentina', 'Italy']",Attacking Midfield,"                  0
0  Central Midfield
1     Left Midfield",Vélez Sarsfield,,,"Aug 21, 2025","Dec 31, 2026",,"Empty DataFrame
Columns: [Season, Date, Left, Joined, MV, Fee]
Index: []"
Bobby Clark,712117,€8.00m,"May 28, 2026","Feb 7, 2005",21,1.78,England,[],Central Midfield,,Derby,,,"Jul 1, 2026",-,,"Empty DataFrame
Columns: [Season, Date, Left, Joined, MV, Fee]
Index: []"
Ben Gannon-Doak,719673,€15.00m,"Jun 3, 2026","Nov 11, 2005",20,1.73,Scotland,['Scotland'],Right Winger,"             0
0  Left Winger",Bournemouth,,,"Aug 18, 2025","Jun 30, 2030",,"Empty DataFrame
Columns: [Season, Date, Left, Joined, MV, Fee]
Index: []"
Adam Lallana,43530,,,"May 10, 1988",38,1.73,England,[],Attacking Midfield,,Retired,Southampton,"Jul 1, 2025",,,,"Empty DataFrame
Columns: [Season, Date, Left, Joined, MV, Fee]
Index: []"
Alphonse Areola,120629,€4.00m,"Jun 3, 2026","Feb 27, 1993",33,1.96,France,"['France', 'Philippines']",Goalkeeper,,West Ham,,,"Jul 1, 2022","Jun 30, 2027",,"Empty DataFrame
Columns: [Season, Date, Left, Joined, MV, Fee]
Index: []"
Maximilian Wöber,263361,€3.00m,"May 27, 2026","Feb 4, 1998",28,1.88,Austria,[],Centre-Back,,FC Schalke 04,,,"Jul 22, 2026","Jun 30, 2027",,"Empty DataFrame
Columns: [Season, Date, Left, Joined, MV, Fee]
Index: []"
Joe Snowdon,745692,€100k,"May 15, 2026","Feb 14, 2004",22,1.75,England,['England'],Right Midfield,"              0
0   Left Winger
1  Right Winger",Swindon Town,,,"Jul 1, 2025","Jun 30, 2027",,"Empty DataFrame
Columns: [Season, Date, Left, Joined, MV, Fee]
Index: []"
Alex Oxlade-Chamberlain,143424,€1.00m,"May 20, 2026","Aug 15, 1993",33,1.8,England,['England'],Central Midfield,"              0
0  Right Winger
1   Left Winger",Celtic,,,"Feb 7, 2026","May 31, 2027",,"Empty DataFrame
Columns: [Season, Date, Left, Joined, MV, Fee]
Index: []"
Reiss Nelson,340325,€8.00m,"Jun 3, 2026","Dec 10, 1999",26,1.75,England,[],Left Winger,,Feyenoord,,,"Sep 2, 2026","Jun 30, 2027",,"Empty DataFrame
Columns: [Season, Date, Left, Joined, MV, Fee]
Index: []"
Jake Cain,565420,,,"Sep 2, 2001",25,1.75,England,[],Central Midfield,,Morecambe FC,,,"Aug 21, 2025","Jun 30, 2027",,"Empty DataFrame
Columns: [Season, Date, Left, Joined, MV, Fee]
Index: []"
Claudio Gomes,395239,€1.50m,"Jun 4, 2026","Jul 23, 2000",26,1.7,France,[],Defensive Midfield,,Palermo,,,"Sep 1, 2022","Jun 30, 2027",,"Empty DataFrame
Columns: [Season, Date, Left, Joined, MV, Fee]
Index: []"
Adam Lallana,43530,,,"May 10, 1988",38,1.73,England,['England'],Attacking Midfield,"                  0
0     Left Midfield
1  Central Midfield",Retired,Southampton,"Jul 1, 2025",,,,"Empty DataFrame
Columns: [Season, Date, Left, Joined, MV, Fee]
Index: []"
Scott McTominay,315969,€40.00m,"May 29, 2026","Dec 8, 1996",29,1.93,Scotland,[],Central Midfield,,Napoli,,,"Aug 30, 2024","Jun 30, 2028",,"Empty DataFrame
Columns: [Season, Date, Left, Joined, MV, Fee]
Index: []"
Roberto Firmino,131789,€4.00m,"May 14, 2026","Oct 2, 1991",34,1.8,Brazil,['Brazil'],Centre-Forward,"                    0
0      Second Striker
1  Attacking Midfield",Al-Sadd,,,"Jul 23, 2025","Jun 30, 2027",,"Empty DataFrame
Columns: [Season, Date, Left, Joined, MV, Fee]
Index: []"
Aleksandar Mitrović,51152,€10.00m,"May 14, 2026","Sep 16, 1994",31,1.88,Serbia,"['Serbia', 'Yugoslavia (Republic)']",Centre-Forward,,Al-Rayyan,,,"Sep 4, 2025","Jun 30, 2028",,"Empty DataFrame
Columns: [Season, Date, Left, Joined, MV, Fee]
Index: []"
Cameron Archer,533662,€7.00m,"May 28, 2026","Dec 9, 2001",24,1.75,England,"['England', 'Jamaica']",Centre-Forward,"                0
0  Second Striker
1    Right Winger",AJ Auxerre,,,"Sep 1, 2026","Jun 30, 2027",,"Empty DataFrame
Columns: [Season, Date, Left, Joined, MV, Fee]
Index: []"
Chris Richards,578539,€28.00m,"Jun 3, 2026","Mar 28, 2000",26,1.88,United States,[],Centre-Back,,Crystal Palace,,,"Jul 27, 2022","Jun 30, 2027",,"Empty DataFrame
Columns: [Season, Date, Left, Joined, MV, Fee]
Index: []"
Emile Smith Rowe,392765,€20.00m,"Jun 3, 2026","Jul 28, 2000",26,1.83,England,[],Attacking Midfield,,Fulham,,,"Aug 2, 2024","Jun 30, 2029",,"Empty DataFrame
Columns: [Season, Date, Left, Joined, MV, Fee]
Index: []"
Mohamed Elyounoussi,186644,€4.00m,"May 25, 2026","Aug 4, 1994",32,1.78,Norway,[],Second Striker,,Copenhagen,,,"Jul 27, 2023","Jun 30, 2029",,"Empty DataFrame
Columns: [Season, Date, Left, Joined, MV, Fee]
Index: []"
André Gomes,221025,€3.00m,"Jun 2, 2026","Jul 30, 1993",33,1.91,Portugal,['Portugal'],Central Midfield,"                    0
0  Defensive Midfield",Columbus,,,"Feb 19, 2026","Jun 30, 2027",,"Empty DataFrame
Columns: [Season, Date, Left, Joined, MV, Fee]
Index: []"
James Garner,505219,€45.00m,"Jun 3, 2026","Mar 13, 2001",25,1.83,England,[],Defensive Midfield,,Everton,,,"Sep 1, 2022","Jun 30, 2030",,"Empty DataFrame
Columns: [Season, Date, Left, Joined, MV, Fee]
Index: []"
Emerson,181778,€9.00m,"Jun 1, 2026","Aug 3, 1994",32,1.75,Italy,"['Italy', 'Brazil']",Left-Back,"               0
0  Left Midfield
1    Centre-Back",Marseille,,,"Sep 1, 2025","Jun 30, 2027",,"Empty DataFrame
Columns: [Season, Date, Left, Joined, MV, Fee]
Index: []"
Diogo Dalot,357147,€30.00m,"Jun 3, 2026","Mar 18, 1999",27,1.83,Portugal,['Portugal'],Right-Back,"                0
0       Left-Back
1  Right Midfield",Man Utd,,,"Jul 1, 2018","Jun 30, 2028",,"Empty DataFrame
Columns: [Season, Date, Left, Joined, MV, Fee]
Index: []"
Julián Alvarez,576024,€120.00m,"Jul 22, 2026","Jan 31, 2000",26,1.7,Argentina,"['Argentina', 'Italy']",Centre-Forward,"              0
0  Right Winger
1   Left Winger",Atlético,,,"Aug 12, 2024","Jun 30, 2030",,"Empty DataFrame
Columns: [Season, Date, Left, Joined, MV, Fee]
Index: []"
Tariqe Fosu,249873,€300k,"Apr 9, 2026","Nov 5, 1995",30,1.8,Ghana,"['England', 'Ghana']",Left Winger,"                    0
0        Right Winger
1  Attacking Midfield",Without Club,Northampton,"Jul 1, 2025",,,,"Empty DataFrame
Columns: [Season, Date, Left, Joined, MV, Fee]
Index: []"
Joe Hodge,503975,€700k,"May 28, 2026","Sep 14, 2002",23,1.73,Ireland,"['England', 'Ireland']",Defensive Midfield,"                    0
0    Central Midfield
1  Attacking Midfield",Motherwell FC,,,"Aug 12, 2026","May 31, 2028",,"Empty DataFrame
Columns: [Season, Date, Left, Joined, MV, Fee]
Index: []"
Robin Koch,328784,€10.00m,"May 27, 2026","Jul 17, 1996",30,1.93,Germany,['Germany'],Centre-Back,"                    0
0  Defensive Midfield",Frankfurt,,,"Jul 1, 2024","Jun 30, 2030",,"Empty DataFrame
Columns: [Season, Date, Left, Joined, MV, Fee]
Index: []"
Elliot Anderson,567576,€110.00m,"Jul 22, 2026","Nov 6, 2002",23,1.78,England,"['England', 'Scotland']",Central Midfield,"                    0
0  Attacking Midfield
1  Defensive Midfield",Man City,,,"Jul 23, 2026","Jun 30, 2031",,"Empty DataFrame
Columns: [Season, Date, Left, Joined, MV, Fee]
Index: []"
Sékou Mara,557612,€4.00m,"Jun 1, 2026","Jul 30, 2002",24,1.83,France,"['Senegal', 'France']",Centre-Forward,,R. Strasbourg,,,"Aug 21, 2024","Jun 30, 2029",,"Empty DataFrame
Columns: [Season, Date, Left, Joined, MV, Fee]
Index: []"
James Tomkins,61592,,,"Mar 29, 1989",37,1.93,England,[],Centre-Back,,Retired,Crystal Palace,"Mar 24, 2025",,,,"Empty DataFrame
Columns: [Season, Date, Left, Joined, MV, Fee]
Index: []"
Steven Sessegnon,406558,€250k,"May 12, 2026","May 18, 2000",26,1.75,England,[],Right-Back,,AFC Wimbledon,,,"Jul 1, 2026","Jun 30, 2028",,"Empty DataFrame
Columns: [Season, Date, Left, Joined, MV, Fee]
Index: []"
Jonjo Shelvey,71292,,,"Feb 27, 1992",34,1.83,England,"['England', 'Ireland']",Central Midfield,"                    0
0  Attacking Midfield
1  Defensive Midfield",Retired,Arabian Falcons,"Apr 14, 2026",,,,"Empty DataFrame
Columns: [Season, Date, Left, Joined, MV, Fee]
Index: []"
Hugo Lloris,17965,€1.00m,"Jun 2, 2026","Dec 26, 1986",39,1.88,France,['France'],Goalkeeper,,LAFC,,,"Jan 31, 2024","Dec 31, 2026",,"Empty DataFrame
Columns: [Season, Date, Left, Joined, MV, Fee]
Index: []"
Ludwig Augustinsson,170646,€1.50m,"Jun 4, 2026","Apr 21, 1994",32,1.8,Sweden,[],Left-Back,,RSC Anderlecht,,,"Aug 6, 2024","Jun 30, 2027",,"Empty DataFrame
Columns: [Season, Date, Left, Joined, MV, Fee]
Index: []"
Mark Travers,357658,€3.00m,"Jun 3, 2026","May 18, 1999",27,1.91,Ireland,[],Goalkeeper,,Everton,,,"Jul 15, 2025","Jun 30, 2029",,"Empty DataFrame
Columns: [Season, Date, Left, Joined, MV, Fee]
Index: []"
Marek Rodák,186901,€2.80m,"Jun 4, 2026","Dec 13, 1996",29,1.93,Slovakia,['Slovakia'],Goalkeeper,,Al-Ettifaq,,,"Jul 26, 2024","Jun 30, 2027",,"Empty DataFrame
Columns: [Season, Date, Left, Joined, MV, Fee]
Index: []"
Adam Webster,212847,€3.00m,"Jun 3, 2026","Jan 4, 1995",31,1.91,England,[],Centre-Back,,Without Club,Brighton,"Jul 1, 2026",,,,"Empty DataFrame
Columns: [Season, Date, Left, Joined, MV, Fee]
Index: []"
Archie Gray,922693,€35.00m,"Jun 3, 2026","Mar 12, 2006",20,1.88,England,[],Right-Back,,Tottenham,,,"Jul 2, 2024","Jun 30, 2030",,"Empty DataFrame
Columns: [Season, Date, Left, Joined, MV, Fee]
Index: []"
Liam Delap,610849,€28.00m,"Jun 3, 2026","Feb 8, 2003",23,1.85,England,"['England', 'Ireland']",Centre-Forward,"              0
0  Right Winger",Nott'm Forest,,,"Aug 27, 2026","Jun 30, 2031",,"Empty DataFrame
Columns: [Season, Date, Left, Joined, MV, Fee]
Index: []"
Alex Gibson-Hammond,646209,,,"Nov 10, 2002",23,1.78,England,[],Right Midfield,,Cheshunt,,,"Nov 2, 2024",-,,"Empty DataFrame
Columns: [Season, Date, Left, Joined, MV, Fee]
Index: []"
Lewis Miley,922769,€25.00m,"Jun 3, 2026","May 1, 2006",20,1.88,England,['England'],Central Midfield,"                    0
0  Attacking Midfield
1  Defensive Midfield",Newcastle,,,"Jul 1, 2023","Jun 30, 2032",,"Empty DataFrame
Columns: [Season, Date, Left, Joined, MV, Fee]
Index: []"
Kyle John,504507,€225k,"May 12, 2026","Feb 13, 2001",25,1.75,England,[],Right-Back,,Port Vale,,,"Aug 9, 2024","Jun 30, 2027",,"Empty DataFrame
Columns: [Season, Date, Left, Joined, MV, Fee]
Index: []"
Adam Forshaw,121257,€150k,"May 28, 2026","Oct 8, 1991",34,1.75,England,[],Central Midfield,,Blackburn,,,"Jan 11, 2025","Jun 30, 2027",,"Empty DataFrame
Columns: [Season, Date, Left, Joined, MV, Fee]
Index: []"
Vicente Guaita,64399,€100k,"Apr 9, 2026","Jan 10, 1987",39,1.91,Spain,[],Goalkeeper,,Without Club,Parma,"Jan 23, 2026",,,,"Empty DataFrame
Columns: [Season, Date, Left, Joined, MV, Fee]
Index: []"
Conor Coady,128901,€1.00m,"May 28, 2026","Feb 25, 1993",33,1.85,England,['England'],Centre-Back,"                    0
0  Defensive Midfield",Without Club,Wrexham,"Aug 31, 2026",,,,"Empty DataFrame
Columns: [Season, Date, Left, Joined, MV, Fee]
Index: []"
Joe Whitworth,670840,€1.50m,"May 12, 2026","Feb 29, 2004",22,1.78,England,[],Goalkeeper,,Wigan,,,"Sep 1, 2026","Jun 30, 2029",,"Empty DataFrame
Columns: [Season, Date, Left, Joined, MV, Fee]
Index: []"
Bertrand Traoré,131996,€4.00m,"Jun 3, 2026","Sep 6, 1995",31,1.8,Burkina Faso,['Burkina Faso'],Right Winger,"                0
0  Centre-Forward
1     Left Winger",Wolves,,,"Sep 7, 2026","Jun 30, 2027",,"Empty DataFrame
Columns: [Season, Date, Left, Joined, MV, Fee]
Index: []"
David Ozoh,865993,€2.20m,"May 28, 2026","May 6, 2005",21,1.88,England,"['Spain', 'England']",Defensive Midfield,"                  0
0  Central Midfield",Derby,,,"Sep 1, 2026","Jun 30, 2031",,"Empty DataFrame
Columns: [Season, Date, Left, Joined, MV, Fee]
Index: []"
Haydon Roberts,533523,€1.00m,"May 12, 2026","May 10, 2002",24,1.83,England,[],Left-Back,,Reading,,,"Jan 21, 2026","Jun 30, 2028",,"Empty DataFrame
Columns: [Season, Date, Left, Joined, MV, Fee]
Index: []"
Cătălin Cîrjan,575219,€3.00m,"Jun 8, 2026","Dec 1, 2002",23,1.75,Romania,[],Central Midfield,,FC Dinamo,,,"Jul 1, 2024","Jun 30, 2029",,"Empty DataFrame
Columns: [Season, Date, Left, Joined, MV, Fee]
Index: []"
Krisztián Hegyi,543726,€400k,"May 19, 2026","Sep 24, 2002",23,1.96,Hungary,['Hungary'],Goalkeeper,,Sparta Prague,,,"Jul 1, 2026",-,,"Empty DataFrame
Columns: [Season, Date, Left, Joined, MV, Fee]
Index: []"
Regan Clayton,845717,,,"Nov 11, 2004",21,1.83,England,['England'],Left-Back,,West Ham U21,,,"Jul 1, 2022","Jun 30, 2027",,"Empty DataFrame
Columns: [Season, Date, Left, Joined, MV, Fee]
Index: []"
Alejandro Garnacho,811779,€28.00m,"Jun 3, 2026","Jul 1, 2004",22,1.8,Argentina,[],Left Winger,,Aston Villa,,,"Jul 23, 2026","Jun 30, 2027",,"Empty DataFrame
Columns: [Season, Date, Left, Joined, MV, Fee]
Index: []"
Declan Rice,357662,€120.00m,"Jun 3, 2026","Jan 14, 1999",27,1.88,England,"['England', 'Ireland']",Central Midfield,"                    0
0  Defensive Midfield
1         Centre-Back",Arsenal,,,"Jul 15, 2023","Jun 30, 2028",,"Empty DataFrame
Columns: [Season, Date, Left, Joined, MV, Fee]
Index: []"
Jamal Baptiste,610706,€250k,"May 12, 2026","Nov 11, 2003",22,1.91,England,[],Centre-Back,,Sheff Utd,,,"Jul 1, 2026",-,,"Empty DataFrame
Columns: [Season, Date, Left, Joined, MV, Fee]
Index: []"
Charlie Goode,376856,€300k,"May 12, 2026","Aug 3, 1995",31,1.96,England,['England'],Centre-Back,,MK Dons,,,"Jul 1, 2026",-,,"Empty DataFrame
Columns: [Season, Date, Left, Joined, MV, Fee]
Index: []"
Kamaldeen Sulemana,746695,€17.00m,"May 29, 2026","Feb 15, 2002",24,1.75,Ghana,[],Left Winger,,Atalanta,,,"Jul 2, 2025","Jun 30, 2029",,"Empty DataFrame
Columns: [Season, Date, Left, Joined, MV, Fee]
Index: []"
Joel Robles,101118,€350k,"May 28, 2026","Jun 17, 1990",36,1.93,Spain,['Spain'],Goalkeeper,,Estoril,,,"Jul 31, 2024","Jun 30, 2028",,"Empty DataFrame
Columns: [Season, Date, Left, Joined, MV, Fee]
Index: []"
Dango Ouattara,823231,€35.00m,"Jun 3, 2026","Feb 11, 2002",24,1.78,Burkina Faso,['Burkina Faso'],Right Winger,"                0
0     Left Winger
1  Centre-Forward",Brentford,,,"Aug 16, 2025","Jun 30, 2030",,"Empty DataFrame
Columns: [Season, Date, Left, Joined, MV, Fee]
Index: []"
Odeluga Offiah,567597,€2.50m,"May 28, 2026","Oct 26, 2002",23,1.88,England,"['England', 'Nigeria']",Centre-Back,"            0
0  Right-Back",Preston,,,"Jul 5, 2025","Jun 30, 2029",,"Empty DataFrame
Columns: [Season, Date, Left, Joined, MV, Fee]
Index: []"
Jadon Sancho,401173,€18.00m,"Jun 3, 2026","Mar 25, 2000",26,1.8,England,[],Left Winger,,Without Club,Man Utd,"Jul 1, 2026",,,,"Empty DataFrame
Columns: [Season, Date, Left, Joined, MV, Fee]
Index: []"
Charlie Allen,624264,€125k,"May 11, 2026","Nov 22, 2003",22,1.85,Northern Ireland,['Northern Ireland'],Central Midfield,"                    0
0  Attacking Midfield",Ballymena Utd,,,"Jul 1, 2026",-,,"Empty DataFrame
Columns: [Season, Date, Left, Joined, MV, Fee]
Index: []"
Antoine Semenyo,583255,€80.00m,"Jun 3, 2026","Jan 7, 2000",26,1.85,Ghana,"['England', 'Ghana']",Right Winger,"                0
0     Left Winger
1  Centre-Forward",Man City,,,"Jan 9, 2026","Jun 30, 2031",,"Empty DataFrame
Columns: [Season, Date, Left, Joined, MV, Fee]
Index: []"
Ryan Fraser,146795,€1.50m,"May 28, 2026","Feb 24, 1994",32,1.63,Scotland,['Scotland'],Left Winger,"              0
0  Right Winger",Macarthur,,,"Aug 31, 2026","Jun 30, 2027",,"Empty DataFrame
Columns: [Season, Date, Left, Joined, MV, Fee]
Index: []"
Phil Foden,406635,€70.00m,"Jun 3, 2026","May 28, 2000",26,1.7,England,[],Attacking Midfield,,Man City,,,"Jul 1, 2017","Jun 30, 2030",,"Empty DataFrame
Columns: [Season, Date, Left, Joined, MV, Fee]
Index: []"
Jeff Hendrick,148262,,,"Jan 31, 1992",34,1.85,Ireland,['Ireland'],Central Midfield,"                    0
0  Attacking Midfield
1      Right Midfield",Retired,Derby,"Jul 1, 2025",,,,"Empty DataFrame
Columns: [Season, Date, Left, Joined, MV, Fee]
Index: []"
Jaïro Riedewald,241481,€1.80m,"May 28, 2026","Sep 9, 1996",30,1.83,Netherlands,"['Suriname', 'Netherlands']",Defensive Midfield,"             0
0  Centre-Back
1    Left-Back",Sheff Utd,,,"Oct 17, 2025","Jun 30, 2027",,"Empty DataFrame
Columns: [Season, Date, Left, Joined, MV, Fee]
Index: []"
Cole Palmer,568177,€100.00m,"Jun 3, 2026","May 6, 2002",24,1.85,England,[],Attacking Midfield,,Chelsea,,,"Sep 1, 2023","Jun 30, 2033",,"Empty DataFrame
Columns: [Season, Date, Left, Joined, MV, Fee]
Index: []"
Ki-Jana Hoever,485583,€3.50m,"May 28, 2026","Jan 18, 2002",24,1.83,Netherlands,"['Suriname', 'Netherlands']",Right-Back,"             0
0    Left-Back
1  Centre-Back",Sparta Prague,,,"Aug 25, 2026",-,,"Empty DataFrame
Columns: [Season, Date, Left, Joined, MV, Fee]
Index: []"
Axel Tuanzebe,342046,€5.00m,"Jun 3, 2026","Nov 14, 1997",28,1.88,DR Congo,"['DR Congo', 'England']",Centre-Back,"            0
0  Right-Back",AJ Auxerre,,,"Sep 1, 2026","Jun 30, 2027",,"Empty DataFrame
Columns: [Season, Date, Left, Joined, MV, Fee]
Index: []"
Karl Darlow,99397,€200k,"Jun 3, 2026","Oct 8, 1990",35,1.91,Wales,[],Goalkeeper,,Man Utd,,,"Jul 14, 2026","Jun 30, 2028",,"Empty DataFrame
Columns: [Season, Date, Left, Joined, MV, Fee]
Index: []"
Ferdinand Okoh,854708,,,"Jun 3, 2004",22,1.8,England,"['England', 'Nigeria']",Central Midfield,"            0
0  Right-Back",Without Club,Wingate FC,"Sep 4, 2024",,,,"Empty DataFrame
Columns: [Season, Date, Left, Joined, MV, Fee]
Index: []"
Gabriel Jesus,363205,€17.00m,"Jun 3, 2026","Apr 3, 1997",29,1.75,Brazil,['Brazil'],Centre-Forward,"              0
0   Left Winger
1  Right Winger",Barcelona,,,"Sep 1, 2026","Jun 30, 2029",,"Empty DataFrame
Columns: [Season, Date, Left, Joined, MV, Fee]
Index: []"
Harry Toffolo,198516,€2.00m,"Jun 2, 2026","Aug 19, 1995",31,1.83,England,[],Left-Back,,Charlotte,,,"Aug 5, 2025","Dec 31, 2028",,"Empty DataFrame
Columns: [Season, Date, Left, Joined, MV, Fee]
Index: []"
Cristiano Ronaldo,8198,€10.00m,"Jun 4, 2026","Feb 5, 1985",41,1.85,Portugal,[],Centre-Forward,,Al-Nassr,,,"Jan 1, 2023","Jun 30, 2027",,"Empty DataFrame
Columns: [Season, Date, Left, Joined, MV, Fee]
Index: []"
Luciano D'Auria-Henry,610789,,,"Nov 11, 2002",23,1.75,England,"['England', 'Italy']",Right-Back,,Without Club,Walton & Hersh.,"Jul 1, 2026",,,,"Empty DataFrame
Columns: [Season, Date, Left, Joined, MV, Fee]
Index: []"
Ben Godfrey,343475,€5.00m,"May 25, 2026","Jan 15, 1998",28,1.83,England,"['England', 'Jamaica']",Centre-Back,"            0
0  Right-Back",Rangers,,,"Jul 1, 2026","Jun 30, 2027",,"Empty DataFrame
Columns: [Season, Date, Left, Joined, MV, Fee]
Index: []"
Thomas Strakosha,222209,€3.00m,"Jun 4, 2026","Mar 19, 1995",31,1.93,Albania,[],Goalkeeper,,AEK Athens,,,"Jul 8, 2024","Jun 30, 2029",,"Empty DataFrame
Columns: [Season, Date, Left, Joined, MV, Fee]
Index: []"
Idrissa Gueye,126665,€500k,"Jun 3, 2026","Sep 26, 1989",36,1.75,Senegal,['Senegal'],Defensive Midfield,"                  0
0  Central Midfield",Al-Diriyah,,,"Aug 9, 2026","Jun 30, 2027",,"Empty DataFrame
Columns: [Season, Date, Left, Joined, MV, Fee]
Index: []"
Douglas Luiz,447661,€18.00m,"Jun 3, 2026","May 9, 1998",28,1.78,Brazil,[],Central Midfield,,Juventus,,,"Jul 1, 2024","Jun 30, 2029",,"Empty DataFrame
Columns: [Season, Date, Left, Joined, MV, Fee]
Index: []"
Oriol Romeu,66100,€400k,"May 28, 2026","Sep 24, 1991",34,1.83,Spain,[],Defensive Midfield,,Avispa Fukuoka,,,"Jul 13, 2026",-,,"Empty DataFrame
Columns: [Season, Date, Left, Joined, MV, Fee]
Index: []"
Wesley Fofana,475411,€28.00m,"Jun 3, 2026","Dec 17, 2000",25,1.88,France,[],Centre-Back,,Chelsea,,,"Aug 31, 2022","Jun 30, 2029",,"Empty DataFrame
Columns: [Season, Date, Left, Joined, MV, Fee]
Index: []"
Rodrigo Muniz,735571,€20.00m,"Jun 3, 2026","May 4, 2001",25,1.85,Brazil,[],Centre-Forward,,Fulham,,,"Aug 20, 2021","Jun 30, 2030",,"Empty DataFrame
Columns: [Season, Date, Left, Joined, MV, Fee]
Index: []"
Kasey McAteer,621193,€10.00m,"May 28, 2026","Nov 22, 2001",24,1.78,Ireland,"['England', 'Ireland']",Right Midfield,"                    0
0  Attacking Midfield
1       Left Midfield",Ipswich,,,"Aug 22, 2025","Jun 30, 2029",,"Empty DataFrame
Columns: [Season, Date, Left, Joined, MV, Fee]
Index: []"
Anthony Knockaert,149237,,,"Nov 20, 1991",34,1.73,France,[],Right Winger,,Mouscron,,,"Jul 11, 2024","Jun 30, 2027",,"Empty DataFrame
Columns: [Season, Date, Left, Joined, MV, Fee]
Index: []"
Kepa Arrizabalaga,192279,€5.00m,"Jun 3, 2026","Oct 3, 1994",31,1.88,Spain,[],Goalkeeper,,Arsenal,,,"Jul 1, 2025","Jun 30, 2028",,"Empty DataFrame
Columns: [Season, Date, Left, Joined, MV, Fee]
Index: []"
Matt Turner,425306,€2.50m,"Jun 2, 2026","Jun 24, 1994",32,1.91,United States,[],Goalkeeper,,New England,,,"Aug 2, 2025","Dec 31, 2026",,"Empty DataFrame
Columns: [Season, Date, Left, Joined, MV, Fee]
Index: []"
Loris Karius,85864,€800k,"Jun 1, 2026","Jun 22, 1993",33,1.91,Germany,['Germany'],Goalkeeper,,FC Schalke 04,,,"Jan 14, 2025","Jun 30, 2028",,"Empty DataFrame
Columns: [Season, Date, Left, Joined, MV, Fee]
Index: []"
Sammy Braybrooke,840640,€400k,"May 15, 2026","Mar 12, 2004",22,1.78,England,[],Defensive Midfield,,Leicester,,,"Jul 1, 2026","Jun 30, 2027",,"Empty DataFrame
Columns: [Season, Date, Left, Joined, MV, Fee]
Index: []"
Emiliano Buendía,321247,€16.00m,"Jun 3, 2026","Dec 25, 1996",29,1.73,Argentina,[],Attacking Midfield,,Aston Villa,,,"Jul 1, 2021","Jun 30, 2027",,"Empty DataFrame
Columns: [Season, Date, Left, Joined, MV, Fee]
Index: []"
Dynel Simeu,503976,€150k,"May 15, 2026","Mar 13, 2002",24,1.88,England,[],Centre-Back,,The New Saints,,,"Jul 1, 2026",-,,"Empty DataFrame
Columns: [Season, Date, Left, Joined, MV, Fee]
Index: []"
Killian Phillips,801420,€1.00m,"May 20, 2026","Mar 30, 2002",24,1.91,Ireland,"['United States', 'Ireland']",Central Midfield,"                    0
0  Attacking Midfield
1        Right Winger",St. Mirren,,,"Jul 1, 2025","May 31, 2027",,"Empty DataFrame
Columns: [Season, Date, Left, Joined, MV, Fee]
Index: []"
Jack Butland,128899,€1.50m,"May 20, 2026","Mar 10, 1993",33,1.96,England,[],Goalkeeper,,Hull City,,,"Jul 2, 2026","Jun 30, 2028",,"Empty DataFrame
Columns: [Season, Date, Left, Joined, MV, Fee]
Index: []"
Nathan Ferguson,507254,,,"Oct 6, 2000",25,1.83,England,[],Centre-Back,,Without Club,Crystal Palace,"Jul 1, 2024",,,,"Empty DataFrame
Columns: [Season, Date, Left, Joined, MV, Fee]
Index: []"
Tariq Lamptey,504148,€3.00m,"May 29, 2026","Sep 30, 2000",25,1.63,Ghana,"['England', 'Ghana']",Right-Back,"                0
0  Right Midfield
1       Left-Back",QPR,,,"Jul 21, 2026",-,,"Empty DataFrame
Columns: [Season, Date, Left, Joined, MV, Fee]
Index: []"
Morgan Sanson,174094,€3.50m,"Jun 1, 2026","Aug 18, 1994",32,1.8,France,['France'],Central Midfield,"                    0
0  Defensive Midfield
1  Attacking Midfield",Nice,,,"Jul 1, 2024","Jun 30, 2027",,"Empty DataFrame
Columns: [Season, Date, Left, Joined, MV, Fee]
Index: []"
Mateusz Klich,92738,€200k,"Jun 4, 2026","Jun 13, 1990",36,1.83,Poland,['Poland'],Defensive Midfield,"                    0
0  Attacking Midfield
1    Central Midfield",Cracovia,,,"Aug 13, 2025","Jun 30, 2027",,"Empty DataFrame
Columns: [Season, Date, Left, Joined, MV, Fee]
Index: []"
Oliver Hammond,646214,€100k,"May 15, 2026","Nov 13, 2002",23,1.78,Wales,[],Central Midfield,,Oldham Athletic,,,"Jan 19, 2024","Jun 30, 2027",,"Empty DataFrame
Columns: [Season, Date, Left, Joined, MV, Fee]
Index: []"
Samuel Amo-Ameyaw,933900,€8.00m,"Jun 1, 2026","Jul 18, 2006",20,1.75,England,"['England', 'Ghana']",Right Winger,"                    0
0         Left Winger
1  Attacking Midfield",R. Strasbourg,,,"Jul 1, 2025","Jun 30, 2029",,"Empty DataFrame
Columns: [Season, Date, Left, Joined, MV, Fee]
Index: []"
Fabian Schär,135343,€4.00m,"Jun 3, 2026","Dec 20, 1991",34,1.85,Switzerland,['Switzerland'],Centre-Back,,Newcastle,,,"Jul 26, 2018","Jun 30, 2027",,"Empty DataFrame
Columns: [Season, Date, Left, Joined, MV, Fee]
Index: []"
Benoît Badiashile,463603,€15.00m,"Jun 3, 2026","Mar 26, 2001",25,1.93,France,"['DR Congo', 'France']",Centre-Back,,Napoli,,,"Aug 22, 2026","Jun 30, 2027",,"Empty DataFrame
Columns: [Season, Date, Left, Joined, MV, Fee]
Index: []"
Sergi Canós,251845,€600k,"Jun 22, 2026","Feb 2, 1997",29,1.78,Spain,['Spain'],Left Winger,"                    0
0        Right Winger
1  Attacking Midfield",Valencia,,,"Aug 20, 2023","Jun 30, 2027",,"Empty DataFrame
Columns: [Season, Date, Left, Joined, MV, Fee]
Index: []"
Lucas Bergström,490606,€1.40m,"Jun 5, 2026","Sep 5, 2002",24,2.06,Finland,['Finland'],Goalkeeper,,RCD Mallorca,,,"Jul 15, 2025","Jun 30, 2027",,"Empty DataFrame
Columns: [Season, Date, Left, Joined, MV, Fee]
Index: []"
Zack Steffen,221624,€1.50m,"Jun 2, 2026","Apr 2, 1995",31,1.91,United States,[],Goalkeeper,,Colorado,,,"Jan 31, 2024","Dec 31, 2026",,"Empty DataFrame
Columns: [Season, Date, Left, Joined, MV, Fee]
Index: []"
Remo Freuler,148252,€3.00m,"May 29, 2026","Apr 15, 1992",34,1.8,Switzerland,[],Central Midfield,,Olympiacos,,,"Aug 17, 2026","Jun 30, 2028",,"Empty DataFrame
Columns: [Season, Date, Left, Joined, MV, Fee]
Index: []"
Scott Carson,14555,,,"Sep 3, 1985",41,1.88,England,[],Goalkeeper,,Retired,Man City,"Oct 23, 2025",,,,"Empty DataFrame
Columns: [Season, Date, Left, Joined, MV, Fee]
Index: []"
Jonny Evans,42412,,,"Jan 3, 1988",38,1.88,Northern Ireland,['Northern Ireland'],Centre-Back,"           0
0  Left-Back",Retired,Man Utd,"Jul 1, 2025",,,,"Empty DataFrame
Columns: [Season, Date, Left, Joined, MV, Fee]
Index: []"
Morgan Gibbs-White,429014,€70.00m,"Jun 3, 2026","Jan 27, 2000",26,1.8,England,"['England', 'Jamaica']",Attacking Midfield,"                  0
0  Central Midfield
1      Right Winger",Nott'm Forest,,,"Aug 19, 2022","Jun 30, 2028",,"Empty DataFrame
Columns: [Season, Date, Left, Joined, MV, Fee]
Index: []"
Diego Carlos,329145,€5.00m,"May 29, 2026","Mar 15, 1993",33,1.85,Brazil,"['Spain', 'Brazil']",Centre-Back,,Parma,,,"Sep 1, 2026","Jun 30, 2027",,"Empty DataFrame
Columns: [Season, Date, Left, Joined, MV, Fee]
Index: []"
Robin Olsen,75458,€500k,"Jun 29, 2026","Jan 8, 1990",36,1.96,Sweden,"['Denmark', 'Sweden']",Goalkeeper,,Malmö,,,"Jul 8, 2025","Dec 31, 2029",,"Empty DataFrame
Columns: [Season, Date, Left, Joined, MV, Fee]
Index: []"
Dejan Kulusevski,431755,€17.00m,"Jun 3, 2026","Apr 25, 2000",26,1.85,Sweden,[],Attacking Midfield,,Tottenham,,,"Jul 1, 2023","Jun 30, 2028",,"Empty DataFrame
Columns: [Season, Date, Left, Joined, MV, Fee]
Index: []"
Nathan Tella,340322,€15.00m,"May 27, 2026","Jul 5, 1999",27,1.73,Nigeria,[],Right Winger,,Leverkusen,,,"Aug 27, 2023","Jun 30, 2031",,"Empty DataFrame
Columns: [Season, Date, Left, Joined, MV, Fee]
Index: []"
Martin Dúbravka,74960,€500k,"Jun 3, 2026","Jan 15, 1989",37,1.91,Slovakia,"['Slovakia', 'CSSR']",Goalkeeper,,Tottenham,,,"Jul 1, 2026","Jun 30, 2027",,"Empty DataFrame
Columns: [Season, Date, Left, Joined, MV, Fee]
Index: []"
Jay Stansfield,696346,€18.00m,"May 28, 2026","Nov 24, 2002",23,1.88,England,['England'],Centre-Forward,"                    0
0         Left Winger
1  Attacking Midfield",Birmingham,,,"Aug 30, 2024","Jun 30, 2031",,"Empty DataFrame
Columns: [Season, Date, Left, Joined, MV, Fee]
Index: []"
Anthony Martial,182877,€3.50m,"May 20, 2026","Dec 5, 1995",30,1.83,France,"['Guadeloupe', 'France']",Centre-Forward,"              0
0   Left Winger
1  Right Winger",Without Club,Monterrey,"Jul 6, 2026",,,,"Empty DataFrame
Columns: [Season, Date, Left, Joined, MV, Fee]
Index: []"
Marlon Fossey,408562,€3.50m,"Jun 4, 2026","Sep 9, 1998",28,1.78,United States,[],Right-Back,,Standard Liège,,,"Sep 6, 2022","Jun 30, 2027",,"Empty DataFrame
Columns: [Season, Date, Left, Joined, MV, Fee]
Index: []"
Pedro Neto,487465,€60.00m,"Jun 3, 2026","Mar 9, 2000",26,1.75,Portugal,['Portugal'],Right Winger,"                0
0     Left Winger
1  Centre-Forward",Chelsea,,,"Aug 11, 2024","Jun 30, 2032",,"Empty DataFrame
Columns: [Season, Date, Left, Joined, MV, Fee]
Index: []"
Andreas Pereira,203394,€14.00m,"May 26, 2026","Jan 1, 1996",30,1.78,Brazil,[],Central Midfield,,Palmeiras,,,"Aug 29, 2025","Dec 31, 2028",,"Empty DataFrame
Columns: [Season, Date, Left, Joined, MV, Fee]
Index: []"
Omar Richards,424881,€2.00m,"May 28, 2026","Feb 15, 1998",28,1.75,England,"['England', 'Jamaica']",Left-Back,"               0
0  Left Midfield",Aris Saloniki,,,"Aug 21, 2026","Jun 30, 2030",,"Empty DataFrame
Columns: [Season, Date, Left, Joined, MV, Fee]
Index: []"
Dominic Sadi,936901,€800k,"Jun 5, 2026","Sep 2, 2003",23,1.75,England,['England'],Attacking Midfield,"              0
0  Right Winger
1   Left Winger",Novi Pazar,,,"Feb 13, 2026","Jun 30, 2028",,"Empty DataFrame
Columns: [Season, Date, Left, Joined, MV, Fee]
Index: []"
Charlie Cresswell,597659,€25.00m,"Jun 1, 2026","Aug 17, 2002",24,1.91,England,['England'],Centre-Back,,Stade Rennais,,,"Aug 4, 2026","Jun 30, 2027",,"Empty DataFrame
Columns: [Season, Date, Left, Joined, MV, Fee]
Index: []"
Chiquinho,695454,€5.00m,"May 28, 2026","Feb 5, 2000",26,1.78,Portugal,"['Cape Verde', 'Portugal']",Left Winger,"              0
0  Right Winger",Alverca,,,"Jul 9, 2025","Jun 30, 2028",,"Empty DataFrame
Columns: [Season, Date, Left, Joined, MV, Fee]
Index: []"
Julio Enciso,660867,€25.00m,"Jun 1, 2026","Jan 23, 2004",22,1.73,Paraguay,[],Attacking Midfield,,Ipswich,,,"Aug 17, 2026","Jun 30, 2031",,"Empty DataFrame
Columns: [Season, Date, Left, Joined, MV, Fee]
Index: []"
Fábio Carvalho,559263,€8.00m,"Jun 3, 2026","Aug 30, 2002",24,1.7,Portugal,['Portugal'],Attacking Midfield,"                0
0     Left Winger
1  Second Striker",Brentford,,,"Aug 12, 2024","Jun 30, 2029",,"Empty DataFrame
Columns: [Season, Date, Left, Joined, MV, Fee]
Index: []"
Chris Mepham,480987,€3.00m,"May 28, 2026","Nov 5, 1997",28,1.91,Wales,"['England', 'Wales']",Centre-Back,,West Brom,,,"Aug 28, 2025","Jun 30, 2028",,"Empty DataFrame
Columns: [Season, Date, Left, Joined, MV, Fee]
Index: []"
Saman Ghoddos,204294,€1.20m,"May 26, 2026","Sep 6, 1993",33,1.75,Iran,[],Attacking Midfield,,Kalba FC,,,"Sep 29, 2024","Jun 30, 2027",,"Empty DataFrame
Columns: [Season, Date, Left, Joined, MV, Fee]
Index: []"
Christian Saydee,655835,€400k,"May 12, 2026","May 10, 2002",24,1.83,England,"['Liberia', 'England']",Centre-Forward,"                0
0  Second Striker",Wigan,,,"Jul 1, 2025","Jun 30, 2028",,"Empty DataFrame
Columns: [Season, Date, Left, Joined, MV, Fee]
Index: []"
James Maddison,294057,€20.00m,"Jun 3, 2026","Nov 23, 1996",29,1.75,England,"['England', 'Ireland']",Attacking Midfield,"                  0
0  Central Midfield",Tottenham,,,"Jul 1, 2023","Jun 30, 2028",,"Empty DataFrame
Columns: [Season, Date, Left, Joined, MV, Fee]
Index: []"
Josh Feeney,875929,€650k,"May 12, 2026","May 6, 2005",21,1.96,England,[],Centre-Back,,Peterborough,,,"Aug 31, 2026","Jun 30, 2027",,"Empty DataFrame
Columns: [Season, Date, Left, Joined, MV, Fee]
Index: []"
Phil Jones,117996,,,"Feb 21, 1992",34,1.85,England,[],Centre-Back,,Retired,Man Utd,"Mar 8, 2024",,,,"Empty DataFrame
Columns: [Season, Date, Left, Joined, MV, Fee]
Index: []"
John McGinn,193116,€13.00m,"Jun 3, 2026","Oct 18, 1994",31,1.78,Scotland,[],Central Midfield,,Aston Villa,,,"Aug 8, 2018","Jun 30, 2028",,"Empty DataFrame
Columns: [Season, Date, Left, Joined, MV, Fee]
Index: []"
Ruben Loftus-Cheek,202886,€8.50m,"May 29, 2026","Jan 23, 1996",30,1.91,England,[],Central Midfield,,AC Milan,,,"Jul 1, 2023","Jun 30, 2027",,"Empty DataFrame
Columns: [Season, Date, Left, Joined, MV, Fee]
Index: []"
Bryan Gil,537382,€8.00m,"Jun 5, 2026","Feb 11, 2001",25,1.75,Spain,['Spain'],Left Winger,"                    0
0        Right Winger
1  Attacking Midfield",Girona,,,"Sep 1, 2025","Jun 30, 2030",,"Empty DataFrame
Columns: [Season, Date, Left, Joined, MV, Fee]
Index: []"
Adam Smith,61841,€300k,"Jun 3, 2026","Apr 29, 1991",35,1.75,England,['England'],Right-Back,"                0
0       Left-Back
1  Right Midfield",Bournemouth,,,"Jan 28, 2014","Jun 30, 2027",,"Empty DataFrame
Columns: [Season, Date, Left, Joined, MV, Fee]
Index: []"
Cheikhou Kouyaté,66934,,,"Dec 21, 1989",36,1.88,Senegal,"['Senegal', 'Belgium']",Defensive Midfield,"                  0
0       Centre-Back
1  Central Midfield",Retired,Amed SK,"May 25, 2026",,,,"Empty DataFrame
Columns: [Season, Date, Left, Joined, MV, Fee]
Index: []"
Harry Wilson,279455,€25.00m,"Jun 3, 2026","Mar 22, 1997",29,1.73,Wales,[],Right Winger,,Leeds,,,"Jul 8, 2026","Jun 30, 2030",,"Empty DataFrame
Columns: [Season, Date, Left, Joined, MV, Fee]
Index: []"
André Ayew,45403,€250k,"May 28, 2026","Dec 17, 1989",36,1.75,Ghana,"['Ghana', 'France']",Centre-Forward,"              0
0  Right Winger
1   Left Winger",Without Club,NAC Breda,"Jul 1, 2026",,,,"Empty DataFrame
Columns: [Season, Date, Left, Joined, MV, Fee]
Index: []"
Lewis Cook,249089,€11.00m,"Jun 3, 2026","Feb 3, 1997",29,1.75,England,['England'],Central Midfield,"                    0
0  Defensive Midfield
1      Right Midfield",Bournemouth,,,"Jul 8, 2016","Jun 30, 2028",,"Empty DataFrame
Columns: [Season, Date, Left, Joined, MV, Fee]
Index: []"
Kyle Walker,95424,€1.50m,"Jun 3, 2026","May 28, 1990",36,1.83,England,[],Right-Back,,Burnley,,,"Jul 5, 2025","Jun 30, 2027",,"Empty DataFrame
Columns: [Season, Date, Left, Joined, MV, Fee]
Index: []"
Tetê,371256,€9.00m,"May 26, 2026","Feb 15, 2000",26,1.75,Brazil,[],Right Winger,,Grêmio,,,"Jan 11, 2026","Dec 31, 2029",,"Empty DataFrame
Columns: [Season, Date, Left, Joined, MV, Fee]
Index: []"
Ezri Konsa,413403,€45.00m,"Jul 22, 2026","Oct 23, 1997",28,1.8,England,"['England', 'DR Congo']",Centre-Back,"            0
0  Right-Back",Arsenal,,,"Aug 21, 2026",-,,"Empty DataFrame
Columns: [Season, Date, Left, Joined, MV, Fee]
Index: []"
Oliver Scarles,922563,€10.00m,"Jun 3, 2026","Dec 12, 2005",20,1.8,England,['England'],Left-Back,"                  0
0     Left Midfield
1  Central Midfield",West Ham,,,"Jan 1, 2025","Jun 30, 2028",,"Empty DataFrame
Columns: [Season, Date, Left, Joined, MV, Fee]
Index: []"
Lewis Warrington,652979,€250k,"May 15, 2026","Oct 10, 2002",23,1.83,England,[],Central Midfield,,Tranmere,,,"Feb 1, 2026","Jun 30, 2028",,"Empty DataFrame
Columns: [Season, Date, Left, Joined, MV, Fee]
Index: []"
Josh Dasilva,340321,€1.50m,"Jun 3, 2026","Oct 23, 1998",27,1.83,England,"['England', 'Angola']",Central Midfield,"                    0
0  Defensive Midfield
1           Left-Back",Brentford,,,"Oct 23, 2025","Jun 30, 2027",,"Empty DataFrame
Columns: [Season, Date, Left, Joined, MV, Fee]
Index: []"
Naouirou Ahamada,538971,€3.00m,"Jun 1, 2026","Mar 29, 2002",24,1.83,France,[],Central Midfield,,AJ Auxerre,,,"Jan 7, 2026","Jun 30, 2027",,"Empty DataFrame
Columns: [Season, Date, Left, Joined, MV, Fee]
Index: []"
Zanka,52059,€200k,"May 25, 2026","Apr 23, 1990",36,1.88,Denmark,[],Centre-Back,,Without Club,Copenhagen,"Jul 1, 2026",,,,"Empty DataFrame
Columns: [Season, Date, Left, Joined, MV, Fee]
Index: []"
Fábio Vieira,537598,€18.00m,"May 27, 2026","May 30, 2000",26,1.7,Portugal,['Portugal'],Attacking Midfield,"                  0
0  Central Midfield
1      Right Winger",Hamburg,,,"Sep 1, 2026","Jun 30, 2030",,"Empty DataFrame
Columns: [Season, Date, Left, Joined, MV, Fee]
Index: []"
Harry Wilson,279455,€25.00m,"Jun 3, 2026","Mar 22, 1997",29,1.73,Wales,"['England', 'Wales']",Right Winger,"                    0
0         Left Winger
1  Attacking Midfield",Leeds,,,"Jul 8, 2026","Jun 30, 2030",,"Empty DataFrame
Columns: [Season, Date, Left, Joined, MV, Fee]
Index: []"
Mohammed Salisu,563963,€10.00m,"Jun 1, 2026","Apr 17, 1999",27,1.88,Ghana,[],Centre-Back,,Monaco,,,"Aug 1, 2023","Jun 30, 2028",,"Empty DataFrame
Columns: [Season, Date, Left, Joined, MV, Fee]
Index: []"
Will Hughes,207014,€5.00m,"Jun 3, 2026","Apr 17, 1995",31,1.85,England,['England'],Central Midfield,"                0
0   Left Midfield
1  Right Midfield",Crystal Palace,,,"Aug 28, 2021","Jun 30, 2027",,"Empty DataFrame
Columns: [Season, Date, Left, Joined, MV, Fee]
Index: []"
Joelinton,333241,€25.00m,"Jun 3, 2026","Aug 14, 1996",30,1.85,Brazil,[],Central Midfield,,Newcastle,,,"Jul 23, 2019","Jun 30, 2028",,"Empty DataFrame
Columns: [Season, Date, Left, Joined, MV, Fee]
Index: []"
Dele Alli,207929,€1.00m,"Apr 9, 2026","Apr 11, 1996",30,1.88,England,[],Attacking Midfield,,Without Club,Como,"Sep 1, 2025",,,,"Empty DataFrame
Columns: [Season, Date, Left, Joined, MV, Fee]
Index: []"
Jack Grealish,203460,€20.00m,"Jun 3, 2026","Sep 10, 1995",31,1.8,England,[],Left Winger,,Everton,,,"Sep 1, 2026","Jun 30, 2027",,"Empty DataFrame
Columns: [Season, Date, Left, Joined, MV, Fee]
Index: []"
Gianluca Scamacca,315867,€25.00m,"May 29, 2026","Jan 1, 1999",27,1.96,Italy,[],Centre-Forward,,Atalanta,,,"Aug 7, 2023","Jun 30, 2028",,"Empty DataFrame
Columns: [Season, Date, Left, Joined, MV, Fee]
Index: []"
Illan Meslier,542586,€8.00m,"Jun 3, 2026","Mar 2, 2000",26,1.98,France,[],Goalkeeper,,Arsenal,,,"Jul 9, 2026","Jun 30, 2028",,"Empty DataFrame
Columns: [Season, Date, Left, Joined, MV, Fee]
Index: []"
Terry Ablade,434015,€75k,"Apr 9, 2026","Oct 12, 2001",24,1.8,Finland,[],Centre-Forward,,OLS,,,"Jul 10, 2026",-,,"Empty DataFrame
Columns: [Season, Date, Left, Joined, MV, Fee]
Index: []"
Rodrigo,131505,€2.50m,"May 14, 2026","Mar 6, 1991",35,1.83,Spain,[],Centre-Forward,,Lusail SC,,,"Jul 16, 2026","Jun 30, 2027",,"Empty DataFrame
Columns: [Season, Date, Left, Joined, MV, Fee]
Index: []"
Luis Díaz,480692,€70.00m,"May 27, 2026","Jan 13, 1997",29,1.78,Colombia,['Colombia'],Left Winger,,Bayern Munich,,,"Jul 30, 2025","Jun 30, 2029",,"Empty DataFrame
Columns: [Season, Date, Left, Joined, MV, Fee]
Index: []"
Ederson,238223,€10.00m,"May 21, 2026","Aug 17, 1993",33,1.88,Brazil,[],Goalkeeper,,Fenerbahçe,,,"Sep 2, 2025","Jun 30, 2028",,"Empty DataFrame
Columns: [Season, Date, Left, Joined, MV, Fee]
Index: []"
Ollie O'Neill,610786,€650k,"May 12, 2026","Jan 8, 2003",23,1.85,Ireland,[],Left Winger,,Leyton Orient,,,"Jan 23, 2024","Jun 30, 2028",,"Empty DataFrame
Columns: [Season, Date, Left, Joined, MV, Fee]
Index: []"
Bruno Fernandes,240306,€35.00m,"Jun 3, 2026","Sep 8, 1994",32,1.83,Portugal,['Portugal'],Attacking Midfield,"                  0
0  Central Midfield
1    Second Striker",Man Utd,,,"Jan 29, 2020","Jun 30, 2027",,"Empty DataFrame
Columns: [Season, Date, Left, Joined, MV, Fee]
Index: []"
Oliver Skipp,406638,€4.00m,"May 28, 2026","Sep 16, 2000",25,1.75,England,['England'],Defensive Midfield,"                  0
0  Central Midfield",Charlton,,,"Sep 1, 2026","Jun 30, 2027",,"Empty DataFrame
Columns: [Season, Date, Left, Joined, MV, Fee]
Index: []"
Danilo,808509,€32.00m,"May 26, 2026","Apr 29, 2001",25,1.78,Brazil,[],Central Midfield,,Botafogo,,,"Jul 18, 2025","Jun 30, 2029",,"Empty DataFrame
Columns: [Season, Date, Left, Joined, MV, Fee]
Index: []"
Samuel Edozie,680806,€4.00m,"May 28, 2026","Jan 28, 2003",23,1.8,England,"['England', 'Nigeria']",Left Winger,"              0
0  Right Winger",Southampton,,,"Sep 1, 2022","Jun 30, 2027",,"Empty DataFrame
Columns: [Season, Date, Left, Joined, MV, Fee]
Index: []"
Miguel Almirón,272999,€7.00m,"Jun 2, 2026","Feb 10, 1994",32,1.78,Paraguay,['Paraguay'],Right Winger,"                    0
0         Left Winger
1  Attacking Midfield",Atlanta,,,"Jan 31, 2025","Dec 31, 2027",,"Empty DataFrame
Columns: [Season, Date, Left, Joined, MV, Fee]
Index: []"
Lewis O'Brien,560694,€6.00m,"May 28, 2026","Oct 14, 1998",27,1.73,England,[],Central Midfield,,Wrexham,,,"Jul 24, 2025","Jun 30, 2028",,"Empty DataFrame
Columns: [Season, Date, Left, Joined, MV, Fee]
Index: []"
Sepp van den Berg,541231,€32.00m,"Jun 3, 2026","Dec 20, 2001",24,1.93,Netherlands,[],Centre-Back,,Brentford,,,"Aug 22, 2024","Jun 30, 2029",,"Empty DataFrame
Columns: [Season, Date, Left, Joined, MV, Fee]
Index: []"
Álvaro Carreras,811778,€50.00m,"Jun 5, 2026","Mar 23, 2003",23,1.85,Spain,[],Left-Back,,Real Madrid,,,"Jul 14, 2025","Jun 30, 2031",,"Empty DataFrame
Columns: [Season, Date, Left, Joined, MV, Fee]
Index: []"
Lewis Orford,845809,€300k,"Dec 17, 2025","Feb 18, 2006",20,1.83,England,['England'],Central Midfield,"                    0
0  Attacking Midfield
1  Defensive Midfield",West Ham,,,"Jul 1, 2026","Jun 30, 2029",,"Empty DataFrame
Columns: [Season, Date, Left, Joined, MV, Fee]
Index: []"
Denis Zakaria,334526,€25.00m,"Jun 1, 2026","Nov 20, 1996",29,1.88,Switzerland,"['DR Congo', 'Switzerland']",Defensive Midfield,"                  0
0  Central Midfield
1       Centre-Back",Monaco,,,"Aug 14, 2023","Jun 30, 2028",,"Empty DataFrame
Columns: [Season, Date, Left, Joined, MV, Fee]
Index: []"
Daniel Podence,256977,€4.00m,"Jun 4, 2026","Oct 21, 1995",30,1.7,Portugal,['Portugal'],Left Winger,"                    0
0        Right Winger
1  Attacking Midfield",Al-Shabab,,,"Sep 2, 2024",-,,"Empty DataFrame
Columns: [Season, Date, Left, Joined, MV, Fee]
Index: []"
Michael Forbes,701006,€450k,"May 12, 2026","Apr 29, 2004",22,1.88,Northern Ireland,['Northern Ireland'],Centre-Back,,Dundee United,,,"Jul 1, 2026","May 31, 2028",,"Empty DataFrame
Columns: [Season, Date, Left, Joined, MV, Fee]
Index: []"
Samuel Edozie,680806,€4.00m,"May 28, 2026","Jan 28, 2003",23,1.8,England,[],Left Winger,,Southampton,,,"Sep 1, 2022","Jun 30, 2027",,"Empty DataFrame
Columns: [Season, Date, Left, Joined, MV, Fee]
Index: []"
Bernardo Silva,241641,€22.00m,"Jun 3, 2026","Aug 10, 1994",32,1.73,Portugal,[],Attacking Midfield,,Real Madrid,,,"Jul 1, 2026","Jun 30, 2028",,"Empty DataFrame
Columns: [Season, Date, Left, Joined, MV, Fee]
Index: []"
Cameron Peupion,703626,€450k,"May 21, 2026","Sep 23, 2002",23,1.75,Australia,"['France', 'Australia']",Left Winger,"                    0
0        Right Winger
1  Attacking Midfield",ADO Den Haag,,,"Jan 31, 2025","Jun 30, 2027",,"Empty DataFrame
Columns: [Season, Date, Left, Joined, MV, Fee]
Index: []"
Vitaly Janelt,270171,€16.00m,"Jun 3, 2026","May 10, 1998",28,1.83,Germany,[],Defensive Midfield,,Brentford,,,"Oct 3, 2020","Jun 30, 2030",,"Empty DataFrame
Columns: [Season, Date, Left, Joined, MV, Fee]
Index: []"
Jeffrey Schlupp,157506,€800k,"May 28, 2026","Dec 23, 1992",33,1.78,Ghana,[],Left Midfield,,Without Club,Norwich,"Jul 1, 2026",,,,"Empty DataFrame
Columns: [Season, Date, Left, Joined, MV, Fee]
Index: []"
Luke Chambers,670861,€1.00m,"May 28, 2026","Jun 24, 2004",22,1.8,England,['England'],Left-Back,"               0
0    Centre-Back
1  Left Midfield",Liverpool U21,,,"Jul 1, 2022","Jun 30, 2027",,"Empty DataFrame
Columns: [Season, Date, Left, Joined, MV, Fee]
Index: []"
Stefan Ortega,85941,€4.00m,"Jun 3, 2026","Nov 6, 1992",33,1.85,Germany,[],Goalkeeper,,Olympiacos,,,"Jul 29, 2026","Jun 30, 2027",,"Empty DataFrame
Columns: [Season, Date, Left, Joined, MV, Fee]
Index: []"
Luke Plange,586986,€1.20m,"Jun 2, 2026","Nov 4, 2002",23,1.88,England,[],Centre-Forward,,Grasshoppers,,,"Jul 17, 2025","Jun 30, 2028",,"Empty DataFrame
Columns: [Season, Date, Left, Joined, MV, Fee]
Index: []"
Pontus Jansson,125314,€650k,"Jun 29, 2026","Feb 13, 1991",35,1.96,Sweden,['Sweden'],Centre-Back,,Malmö,,,"Jul 20, 2023","Dec 31, 2027",,"Empty DataFrame
Columns: [Season, Date, Left, Joined, MV, Fee]
Index: []"
Raphaël Varane,164770,,,"Apr 25, 1993",33,1.91,France,[],Centre-Back,,Retired,Como,"Sep 25, 2024",,,,"Empty DataFrame
Columns: [Season, Date, Left, Joined, MV, Fee]
Index: []"
Diogo Jota,340950,,,"Dec 4, 1996",1996,1.78,Portugal,[],Left Winger,,,,,,,,"Empty DataFrame
Columns: [Season, Date, Left, Joined, MV, Fee]
Index: []"
Yerry Mina,289446,€2.50m,"May 29, 2026","Sep 23, 1994",31,1.96,Colombia,[],Centre-Back,,Cagliari,,,"Feb 1, 2024","Jun 30, 2028",,"Empty DataFrame
Columns: [Season, Date, Left, Joined, MV, Fee]
Index: []"
Djed Spence,483348,€40.00m,"Jul 22, 2026","Aug 9, 2000",26,1.83,England,"['England', 'Jamaica']",Right-Back,"                0
0  Right Midfield
1       Left-Back",Inter,,,"Aug 15, 2026","Jun 30, 2031",,"Empty DataFrame
Columns: [Season, Date, Left, Joined, MV, Fee]
Index: []"
Amad Diallo,536835,€45.00m,"Jun 3, 2026","Jul 11, 2002",24,1.73,Cote d'Ivoire,"[""Cote d'Ivoire"", 'Italy']",Right Winger,"                    0
0      Right Midfield
1  Attacking Midfield",Man Utd,,,"Jan 2, 2021","Jun 30, 2030",,"Empty DataFrame
Columns: [Season, Date, Left, Joined, MV, Fee]
Index: []"
Kevin Schade,473050,€35.00m,"Jun 3, 2026","Nov 27, 2001",24,1.85,Germany,[],Left Winger,,Brentford,,,"Jul 1, 2023","Jun 30, 2028",,"Empty DataFrame
Columns: [Season, Date, Left, Joined, MV, Fee]
Index: []"
Toti,606718,€18.00m,"Jun 3, 2026","Jan 16, 1999",27,1.88,Portugal,[],Centre-Back,,Wolves,,,"Sep 2, 2020","Jun 30, 2029",,"Empty DataFrame
Columns: [Season, Date, Left, Joined, MV, Fee]
Index: []"
James Hillson,503765,,,"Jan 14, 2001",25,1.88,England,['England'],Goalkeeper,,Without Club,Chelsea U21,"Jul 1, 2026",,,,"Empty DataFrame
Columns: [Season, Date, Left, Joined, MV, Fee]
Index: []"
Harrison Reed,226973,€2.00m,"Jun 3, 2026","Jan 27, 1995",31,1.8,England,[],Central Midfield,,Fulham,,,"Aug 30, 2020","Jun 30, 2027",,"Empty DataFrame
Columns: [Season, Date, Left, Joined, MV, Fee]
Index: []"
Matt Ritchie,92469,,,"Sep 10, 1989",37,1.73,Scotland,"['England', 'Scotland']",Right Midfield,"               0
0  Left Midfield
1      Left-Back",Retired,Reading,"Jul 1, 2026",,,,"Empty DataFrame
Columns: [Season, Date, Left, Joined, MV, Fee]
Index: []"
Radek Vítek,622236,€6.00m,"May 28, 2026","Oct 24, 2003",22,1.98,Czech Republic,[],Goalkeeper,,Middlesbrough,,,"Aug 8, 2026",-,,"Empty DataFrame
Columns: [Season, Date, Left, Joined, MV, Fee]
Index: []"
Tyrell Malacia,339340,€4.00m,"Jun 3, 2026","Aug 17, 1999",27,1.7,Netherlands,"['Curacao', 'Netherlands']",Left-Back,"               0
0  Left Midfield",Without Club,Man Utd,"Jul 1, 2026",,,,"Empty DataFrame
Columns: [Season, Date, Left, Joined, MV, Fee]
Index: []"
Erling Haaland,418560,€220.00m,"Jul 22, 2026","Jul 21, 2000",26,1.96,Norway,[],Centre-Forward,,Man City,,,"Jul 1, 2022","Jun 30, 2034",,"Empty DataFrame
Columns: [Season, Date, Left, Joined, MV, Fee]
Index: []"
Craig Dawson,121477,€500k,"Apr 9, 2026","May 6, 1990",36,1.88,England,[],Centre-Back,,Without Club,Wolves,"Jul 1, 2025",,,,"Empty DataFrame
Columns: [Season, Date, Left, Joined, MV, Fee]
Index: []"
Tom Davies,314210,€2.00m,"May 28, 2026","Jun 30, 1998",28,1.8,England,[],Central Midfield,,Without Club,Sheff Utd,"Jul 1, 2026",,,,"Empty DataFrame
Columns: [Season, Date, Left, Joined, MV, Fee]
Index: []"
Kaoru Mitoma,504849,€22.00m,"Jun 3, 2026","May 20, 1997",29,1.78,Japan,[],Left Winger,,Brighton,,,"Aug 10, 2021","Jun 30, 2027",,"Empty DataFrame
Columns: [Season, Date, Left, Joined, MV, Fee]
Index: []"
Harvey Barnes,398065,€32.00m,"Jun 3, 2026","Dec 9, 1997",28,1.83,England,[],Left Winger,,Newcastle,,,"Jul 23, 2023",-,,"Empty DataFrame
Columns: [Season, Date, Left, Joined, MV, Fee]
Index: []"
Thiago Alcántara,60444,,,"Apr 11, 1991",35,1.75,Spain,[],Central Midfield,,Retired,Liverpool,"Jul 8, 2024",,,,"Empty DataFrame
Columns: [Season, Date, Left, Joined, MV, Fee]
Index: []"
Remi Matthews,196722,€200k,"Jun 3, 2026","Feb 10, 1994",32,1.83,England,[],Goalkeeper,,Crystal Palace,,,"Jul 12, 2021","Jun 30, 2027",,"Empty DataFrame
Columns: [Season, Date, Left, Joined, MV, Fee]
Index: []"
Japhet Tanganga,346478,€6.00m,"May 28, 2026","Mar 31, 1999",27,1.83,England,[],Centre-Back,,Sheff Utd,,,"Aug 28, 2025","Jun 30, 2028",,"Empty DataFrame
Columns: [Season, Date, Left, Joined, MV, Fee]
Index: []"
Djed Spence,483348,€40.00m,"Jul 22, 2026","Aug 9, 2000",26,1.83,England,[],Right-Back,,Inter,,,"Aug 15, 2026","Jun 30, 2031",,"Empty DataFrame
Columns: [Season, Date, Left, Joined, MV, Fee]
Index: []"
Rhys Williams,503679,€500k,"Jun 3, 2026","Feb 3, 2001",25,1.96,England,"['England', 'Jamaica']",Centre-Back,,Without Club,Liverpool,"Jul 1, 2026",,,,"Empty DataFrame
Columns: [Season, Date, Left, Joined, MV, Fee]
Index: []"
Ludwig Augustinsson,170646,€1.50m,"Jun 4, 2026","Apr 21, 1994",32,1.8,Sweden,['Sweden'],Left-Back,,RSC Anderlecht,,,"Aug 6, 2024","Jun 30, 2027",,"Empty DataFrame
Columns: [Season, Date, Left, Joined, MV, Fee]
Index: []"
Yves Bissouma,410425,€10.00m,"Jun 3, 2026","Aug 30, 1996",30,1.83,Mali,"[""Cote d'Ivoire"", 'Mali']",Defensive Midfield,"                  0
0  Central Midfield",Without Club,Tottenham,"Jul 1, 2026",,,,"Empty DataFrame
Columns: [Season, Date, Left, Joined, MV, Fee]
Index: []"
Ruben Loftus-Cheek,202886,€8.50m,"May 29, 2026","Jan 23, 1996",30,1.91,England,"['England', 'Guyana']",Central Midfield,"                    0
0  Attacking Midfield
1  Defensive Midfield",AC Milan,,,"Jul 1, 2023","Jun 30, 2027",,"Empty DataFrame
Columns: [Season, Date, Left, Joined, MV, Fee]
Index: []"
Pierre Ekwah,538994,€2.00m,"May 28, 2026","Jan 15, 2002",24,1.88,France,"['Cameroon', 'France']",Defensive Midfield,"                  0
0  Central Midfield
1       Centre-Back",AJ Auxerre,,,"Aug 26, 2026","Jun 30, 2027",,"Empty DataFrame
Columns: [Season, Date, Left, Joined, MV, Fee]
Index: []"
Luke Thomas,505194,€5.00m,"May 28, 2026","Jun 10, 2001",25,1.8,England,['England'],Left-Back,"               0
0  Left Midfield
1    Centre-Back",Leicester,,,"Jul 1, 2020","Jun 30, 2029",,"Empty DataFrame
Columns: [Season, Date, Left, Joined, MV, Fee]
Index: []"
Nicolas Pépé,343052,€6.00m,"Jun 5, 2026","May 29, 1995",31,1.83,Cote d'Ivoire,"[""Cote d'Ivoire"", 'France']",Right Winger,"                0
0  Centre-Forward
1  Second Striker",Villarreal,,,"Aug 4, 2024","Jun 30, 2028",,"Empty DataFrame
Columns: [Season, Date, Left, Joined, MV, Fee]
Index: []"
Wout Weghorst,228645,€2.00m,"May 28, 2026","Aug 7, 1992",34,1.98,Netherlands,['Netherlands'],Centre-Forward,,FC Twente,,,"Jul 1, 2026","Jun 30, 2028",,"Empty DataFrame
Columns: [Season, Date, Left, Joined, MV, Fee]
Index: []"
Kofi Balmer,504518,€300k,"May 15, 2026","Sep 19, 2000",25,1.85,Northern Ireland,['Northern Ireland'],Centre-Back,"            0
0  Right-Back",Bristol Rovers,,,"Jul 1, 2026","Jun 30, 2028",,"Empty DataFrame
Columns: [Season, Date, Left, Joined, MV, Fee]
Index: []"
Amario Cozier-Duberry,878150,€5.00m,"May 12, 2026","May 29, 2005",21,1.7,England,[],Right Winger,,Middlesbrough,,,"Sep 1, 2026","May 31, 2027",,"Empty DataFrame
Columns: [Season, Date, Left, Joined, MV, Fee]
Index: []"
Manor Solomon,396638,€8.00m,"May 29, 2026","Jul 24, 1999",27,1.7,Israel,[],Left Winger,,West Ham,,,"Aug 10, 2026","Jun 30, 2029",,"Empty DataFrame
Columns: [Season, Date, Left, Joined, MV, Fee]
Index: []"
Arnaut Danjuma,355861,€3.00m,"Jun 5, 2026","Jan 31, 1997",29,1.78,Netherlands,"['Nigeria', 'Netherlands']",Left Winger,"                0
0  Centre-Forward
1    Right Winger",Valencia,,,"Aug 10, 2025","Jun 30, 2028",,"Empty DataFrame
Columns: [Season, Date, Left, Joined, MV, Fee]
Index: []"
Alfie McCalmont,471368,€375k,"May 28, 2026","Mar 25, 2000",26,1.75,Northern Ireland,"['England', 'Northern Ireland']",Central Midfield,"                    0
0  Defensive Midfield
1  Attacking Midfield",Without Club,Central Coast,"Jul 8, 2026",,,,"Empty DataFrame
Columns: [Season, Date, Left, Joined, MV, Fee]
Index: []"
Hamza Choudhury,341501,€4.00m,"May 28, 2026","Oct 1, 1997",28,1.78,Bangladesh,[],Defensive Midfield,,Sheff Utd,,,"Aug 31, 2026","Jun 30, 2027",,"Empty DataFrame
Columns: [Season, Date, Left, Joined, MV, Fee]
Index: []"
Bernardo Silva,241641,€22.00m,"Jun 3, 2026","Aug 10, 1994",32,1.73,Portugal,['Portugal'],Attacking Midfield,"                  0
0  Central Midfield
1      Right Winger",Real Madrid,,,"Jul 1, 2026","Jun 30, 2028",,"Empty DataFrame
Columns: [Season, Date, Left, Joined, MV, Fee]
Index: []"
Malcolm Ebiowei,512354,€750k,"Apr 9, 2026","Sep 4, 2003",23,1.85,England,[],Right Winger,,Crawley Town,,,"Jul 24, 2026","Jun 30, 2028",,"Empty DataFrame
Columns: [Season, Date, Left, Joined, MV, Fee]
Index: []"
Felipe,156501,,,"May 16, 1989",37,1.91,Brazil,['Brazil'],Centre-Back,,Retired,Nott'm Forest,"Jul 1, 2024",,,,"Empty DataFrame
Columns: [Season, Date, Left, Joined, MV, Fee]
Index: []"
Ryan Trevitt,874538,€275k,"May 12, 2026","Mar 12, 2003",23,1.7,England,['England'],Central Midfield,"                    0
0  Defensive Midfield
1          Right-Back",Wigan,,,"Jul 21, 2026","Jun 30, 2028",,"Empty DataFrame
Columns: [Season, Date, Left, Joined, MV, Fee]
Index: []"
Javier Manquillo,162029,,,"May 5, 1994",32,1.78,Spain,[],Right-Back,,Retired,Celta de Vigo,"Jul 1, 2025",,,,"Empty DataFrame
Columns: [Season, Date, Left, Joined, MV, Fee]
Index: []"
Jeremy Sarmiento,568005,€5.00m,"May 28, 2026","Jun 16, 2002",24,1.78,Ecuador,"['Spain', 'Ecuador', 'England']",Left Winger,"                    0
0        Right Winger
1  Attacking Midfield",Middlesbrough,,,"Jul 1, 2026","Jun 30, 2030",,"Empty DataFrame
Columns: [Season, Date, Left, Joined, MV, Fee]
Index: []"
Asmir Begovic,33873,€150k,"May 28, 2026","Jun 20, 1987",39,1.98,Bosnia-Herzegovina,[],Goalkeeper,,Without Club,Leicester,"Jul 1, 2026",,,,"Empty DataFrame
Columns: [Season, Date, Left, Joined, MV, Fee]
Index: []"
Loïc Mbe Soh,463610,€2.00m,"Jun 4, 2026","Jun 13, 2001",25,1.88,France,[],Centre-Back,,Sparta Prague,,,"Aug 25, 2026",-,,"Empty DataFrame
Columns: [Season, Date, Left, Joined, MV, Fee]
Index: []"
Hamza Choudhury,341501,€4.00m,"May 28, 2026","Oct 1, 1997",28,1.78,Bangladesh,"['England', 'Bangladesh']",Defensive Midfield,"                  0
0  Central Midfield
1        Right-Back",Sheff Utd,,,"Aug 31, 2026","Jun 30, 2027",,"Empty DataFrame
Columns: [Season, Date, Left, Joined, MV, Fee]
Index: []"
Albert Sambi Lokonga,381967,€12.00m,"May 27, 2026","Oct 22, 1999",26,1.83,Belgium,[],Central Midfield,,Hamburg,,,"Sep 1, 2025","Jun 30, 2028",,"Empty DataFrame
Columns: [Season, Date, Left, Joined, MV, Fee]
Index: []"
Shandon Baptiste,533916,€1.00m,"May 12, 2026","Apr 8, 1998",28,1.8,Grenada,"['England', 'Grenada']",Central Midfield,"                0
0  Right Midfield
1   Left Midfield",Luton,,,"Jul 6, 2024",-,,"Empty DataFrame
Columns: [Season, Date, Left, Joined, MV, Fee]
Index: []"
Remo Freuler,148252,€3.00m,"May 29, 2026","Apr 15, 1992",34,1.8,Switzerland,['Switzerland'],Central Midfield,"                    0
0  Attacking Midfield
1  Defensive Midfield",Olympiacos,,,"Aug 17, 2026","Jun 30, 2028",,"Empty DataFrame
Columns: [Season, Date, Left, Joined, MV, Fee]
Index: []"
Tyler Fredricson,911424,€3.00m,"Jun 3, 2026","Feb 23, 2005",21,1.88,England,['England'],Centre-Back,,Lausanne-Sport,,,"Jul 30, 2026","Jun 30, 2029",,"Empty DataFrame
Columns: [Season, Date, Left, Joined, MV, Fee]
Index: []"
Nathaniel Chalobah,128900,€500k,"May 28, 2026","Dec 12, 1994",31,1.85,England,"['England', 'Sierra Leone']",Defensive Midfield,"                  0
0  Central Midfield
1       Centre-Back",Charlton,,,"Aug 7, 2026","Jun 30, 2027",,"Empty DataFrame
Columns: [Season, Date, Left, Joined, MV, Fee]
Index: []"
Siriki Dembélé,488656,€800k,"May 28, 2026","Sep 7, 1996",30,1.73,Scotland,"[""Cote d'Ivoire"", 'Scotland']",Left Winger,"                0
0  Second Striker
1    Right Winger",Oxford United,,,"Aug 29, 2024",-,,"Empty DataFrame
Columns: [Season, Date, Left, Joined, MV, Fee]
Index: []"
Tosin Adarabioyo,258878,€16.00m,"Jun 3, 2026","Sep 24, 1997",28,1.98,England,"['England', 'Nigeria']",Centre-Back,,Tottenham,,,"Sep 1, 2026",-,,"Empty DataFrame
Columns: [Season, Date, Left, Joined, MV, Fee]
Index: []"
Chris Francis,855087,,,"Nov 15, 2002",23,,England,['England'],Centre-Back,"           0
0  Left-Back",Slough,,,"Aug 15, 2026",-,,"Empty DataFrame
Columns: [Season, Date, Left, Joined, MV, Fee]
Index: []"
Saman Ghoddos,204294,€1.20m,"May 26, 2026","Sep 6, 1993",33,1.75,Iran,"['Sweden', 'Iran']",Attacking Midfield,"                0
0  Centre-Forward
1     Left Winger",Kalba FC,,,"Sep 29, 2024","Jun 30, 2027",,"Empty DataFrame
Columns: [Season, Date, Left, Joined, MV, Fee]
Index: []"
Kyle Walker-Peters,341051,€12.00m,"Jun 3, 2026","Apr 13, 1997",29,1.73,England,"['England', 'Antigua and Barbuda']",Right-Back,"                0
0       Left-Back
1  Right Midfield",West Ham,,,"Jul 20, 2025","Jun 30, 2028",,"Empty DataFrame
Columns: [Season, Date, Left, Joined, MV, Fee]
Index: []"
Adrián San Miguel,71271,,,"Jan 3, 1987",39,1.91,Spain,['Spain'],Goalkeeper,,Retired,Real Betis,"Jul 1, 2026",,,,"Empty DataFrame
Columns: [Season, Date, Left, Joined, MV, Fee]
Index: []"
Maxwel Cornet,234781,€2.00m,"May 29, 2026","Sep 27, 1996",29,1.78,Cote d'Ivoire,[],Left Winger,,West Ham,,,"Aug 5, 2022","Jun 30, 2027",,"Empty DataFrame
Columns: [Season, Date, Left, Joined, MV, Fee]
Index: []"
Diego Carlos,329145,€5.00m,"May 29, 2026","Mar 15, 1993",33,1.85,Brazil,[],Centre-Back,,Parma,,,"Sep 1, 2026","Jun 30, 2027",,"Empty DataFrame
Columns: [Season, Date, Left, Joined, MV, Fee]
Index: []"
Cătălin Cîrjan,575219,€3.00m,"Jun 8, 2026","Dec 1, 2002",23,1.75,Romania,['Romania'],Central Midfield,"                    0
0  Attacking Midfield
1      Right Midfield",FC Dinamo,,,"Jul 1, 2024","Jun 30, 2029",,"Empty DataFrame
Columns: [Season, Date, Left, Joined, MV, Fee]
Index: []"
Cheick Doucouré,543387,€10.00m,"Jun 3, 2026","Jan 8, 2000",26,1.8,Mali,[],Defensive Midfield,,Crystal Palace,,,"Jul 11, 2022","Jun 30, 2029",,"Empty DataFrame
Columns: [Season, Date, Left, Joined, MV, Fee]
Index: []"
Conor Coventry,419025,€2.00m,"May 28, 2026","Mar 25, 2000",26,1.78,Ireland,"['England', 'Ireland']",Defensive Midfield,"                  0
0  Central Midfield",Charlton,,,"Jan 12, 2024","Jun 30, 2027",,"Empty DataFrame
Columns: [Season, Date, Left, Joined, MV, Fee]
Index: []"
Harry Maguire,177907,€8.00m,"Jun 3, 2026","Mar 5, 1993",33,1.93,England,[],Centre-Back,,Man Utd,,,"Aug 5, 2019","Jun 30, 2027",,"Empty DataFrame
Columns: [Season, Date, Left, Joined, MV, Fee]
Index: []"
Takehiro Tomiyasu,331560,€5.00m,"May 28, 2026","Nov 5, 1998",27,1.88,Japan,['Japan'],Centre-Back,"            0
0  Right-Back
1   Left-Back",Crystal Palace,,,"Aug 7, 2026",-,,"Empty DataFrame
Columns: [Season, Date, Left, Joined, MV, Fee]
Index: []"
Pierre-Emile Højbjerg,167799,€15.00m,"Jun 1, 2026","Aug 5, 1995",31,1.85,Denmark,[],Defensive Midfield,,Marseille,,,"Jul 1, 2025","Jun 30, 2028",,"Empty DataFrame
Columns: [Season, Date, Left, Joined, MV, Fee]
Index: []"
Will Dennis,582078,€325k,"May 12, 2026","Jul 10, 2000",26,1.88,England,['England'],Goalkeeper,,MK Dons,,,"Aug 26, 2026",-,,"Empty DataFrame
Columns: [Season, Date, Left, Joined, MV, Fee]
Index: []"
Ché Adams,346779,€5.00m,"May 29, 2026","Jul 13, 1996",30,1.75,Scotland,"['England', 'Scotland']",Centre-Forward,"              0
0   Left Winger
1  Right Winger",Torino,,,"Jul 23, 2024","Jun 30, 2027",,"Empty DataFrame
Columns: [Season, Date, Left, Joined, MV, Fee]
Index: []"
Japhet Tanganga,346478,€6.00m,"May 28, 2026","Mar 31, 1999",27,1.83,England,"['England', 'DR Congo']",Centre-Back,"            0
0  Right-Back",Sheff Utd,,,"Aug 28, 2025","Jun 30, 2028",,"Empty DataFrame
Columns: [Season, Date, Left, Joined, MV, Fee]
Index: []"
James Maddison,294057,€20.00m,"Jun 3, 2026","Nov 23, 1996",29,1.75,England,[],Attacking Midfield,,Tottenham,,,"Jul 1, 2023","Jun 30, 2028",,"Empty DataFrame
Columns: [Season, Date, Left, Joined, MV, Fee]
Index: []"
Hannibal,607224,€15.00m,"Jun 3, 2026","Jan 21, 2003",23,1.78,Tunisia,[],Attacking Midfield,,Burnley,,,"Aug 28, 2024","Jun 30, 2028",,"Empty DataFrame
Columns: [Season, Date, Left, Joined, MV, Fee]
Index: []"
Mateo Joseph,834742,€3.50m,"Jun 5, 2026","Oct 19, 2003",22,1.85,Spain,[],Centre-Forward,,Leeds,,,"Jul 1, 2023","Jun 30, 2028",,"Empty DataFrame
Columns: [Season, Date, Left, Joined, MV, Fee]
Index: []"
Joël Veltman,111195,€1.50m,"Jun 3, 2026","Jan 15, 1992",34,1.83,Netherlands,['Netherlands'],Right-Back,"             0
0  Centre-Back
1    Left-Back",West Ham,,,"Aug 6, 2026","Jun 30, 2027",,"Empty DataFrame
Columns: [Season, Date, Left, Joined, MV, Fee]
Index: []"
Dwight McNeil,584769,€18.00m,"Jun 3, 2026","Nov 22, 1999",26,1.83,England,[],Left Winger,,Crystal Palace,,,"Aug 11, 2026","Jun 30, 2030",,"Empty DataFrame
Columns: [Season, Date, Left, Joined, MV, Fee]
Index: []"
Rodrigo Muniz,735571,€20.00m,"Jun 3, 2026","May 4, 2001",25,1.85,Brazil,['Brazil'],Centre-Forward,,Fulham,,,"Aug 20, 2021","Jun 30, 2030",,"Empty DataFrame
Columns: [Season, Date, Left, Joined, MV, Fee]
Index: []"
Terry Ablade,434015,€75k,"Apr 9, 2026","Oct 12, 2001",24,1.8,Finland,"['Finland', 'Ghana']",Centre-Forward,"              0
0   Left Winger
1  Right Winger",OLS,,,"Jul 10, 2026",-,,"Empty DataFrame
Columns: [Season, Date, Left, Joined, MV, Fee]
Index: []"
Clément Lenglet,182904,€4.00m,"Jun 5, 2026","Jun 17, 1995",31,1.85,France,[],Centre-Back,,Benfica,,,"Jul 1, 2026","Jun 30, 2027",,"Empty DataFrame
Columns: [Season, Date, Left, Joined, MV, Fee]
Index: []"
Álex Moreno,193098,€3.00m,"Jun 5, 2026","Jun 8, 1993",33,1.78,Spain,['Spain'],Left-Back,,Girona,,,"Aug 22, 2025","Jun 30, 2027",,"Empty DataFrame
Columns: [Season, Date, Left, Joined, MV, Fee]
Index: []"
Carney Chukwuemeka,659459,€20.00m,"May 27, 2026","Oct 20, 2003",22,1.88,Austria,"['England', 'Austria']",Central Midfield,"                    0
0  Attacking Midfield",Dortmund,,,"Aug 26, 2025","Jun 30, 2030",,"Empty DataFrame
Columns: [Season, Date, Left, Joined, MV, Fee]
Index: []"
Mohamed Elyounoussi,186644,€4.00m,"May 25, 2026","Aug 4, 1994",32,1.78,Norway,"['Morocco', 'Norway']",Second Striker,"              0
0   Left Winger
1  Right Winger",Copenhagen,,,"Jul 27, 2023","Jun 30, 2029",,"Empty DataFrame
Columns: [Season, Date, Left, Joined, MV, Fee]
Index: []"
Duje Caleta-Car,238266,€2.80m,"Jun 5, 2026","Sep 17, 1996",29,1.93,Croatia,['Croatia'],Centre-Back,,Sassuolo,,,"Sep 1, 2026","Jun 30, 2028",,"Empty DataFrame
Columns: [Season, Date, Left, Joined, MV, Fee]
Index: []"
George Hirst,420808,€10.00m,"May 28, 2026","Feb 15, 1999",27,1.91,Scotland,[],Centre-Forward,,Stoke City,,,"Aug 20, 2026","Jun 30, 2029",,"Empty DataFrame
Columns: [Season, Date, Left, Joined, MV, Fee]
Index: []"
Gianluca Scamacca,315867,€25.00m,"May 29, 2026","Jan 1, 1999",27,1.96,Italy,['Italy'],Centre-Forward,,Atalanta,,,"Aug 7, 2023","Jun 30, 2028",,"Empty DataFrame
Columns: [Season, Date, Left, Joined, MV, Fee]
Index: []"
Ethan Ampadu,392771,€30.00m,"Jun 3, 2026","Sep 14, 2000",25,1.83,Wales,[],Defensive Midfield,,Leeds,,,"Jul 19, 2023","Jun 30, 2030",,"Empty DataFrame
Columns: [Season, Date, Left, Joined, MV, Fee]
Index: []"
Clément Lenglet,182904,€4.00m,"Jun 5, 2026","Jun 17, 1995",31,1.85,France,['France'],Centre-Back,,Benfica,,,"Jul 1, 2026","Jun 30, 2027",,"Empty DataFrame
Columns: [Season, Date, Left, Joined, MV, Fee]
Index: []"
Stuart Armstrong,130765,€200k,"May 20, 2026","Mar 30, 1992",34,1.83,Scotland,['Scotland'],Central Midfield,"                    0
0  Attacking Midfield
1       Left Midfield",Aberdeen FC,,,"Sep 2, 2025","May 31, 2027",,"Empty DataFrame
Columns: [Season, Date, Left, Joined, MV, Fee]
Index: []"
Josh Dasilva,340321,€1.50m,"Jun 3, 2026","Oct 23, 1998",27,1.83,England,[],Central Midfield,,Brentford,,,"Oct 23, 2025","Jun 30, 2027",,"Empty DataFrame
Columns: [Season, Date, Left, Joined, MV, Fee]
Index: []"
Tyler Roberts,296986,€800k,"May 12, 2026","Jan 12, 1999",27,1.8,Wales,[],Second Striker,,Mansfield Town,,,"Feb 2, 2026","Jun 30, 2027",,"Empty DataFrame
Columns: [Season, Date, Left, Joined, MV, Fee]
Index: []"
Allan Saint-Maximin,272642,€10.00m,"Jun 1, 2026","Mar 12, 1997",29,1.73,France,[],Left Winger,,Charlotte,,,"Jul 13, 2026","Jun 30, 2029",,"Empty DataFrame
Columns: [Season, Date, Left, Joined, MV, Fee]
Index: []"
Danny Ings,134294,€1.20m,"May 28, 2026","Jul 23, 1992",34,1.78,England,[],Centre-Forward,,Without Club,Sheff Utd,"Jul 1, 2026",,,,"Empty DataFrame
Columns: [Season, Date, Left, Joined, MV, Fee]
Index: []"
Archie Gray,922693,€35.00m,"Jun 3, 2026","Mar 12, 2006",20,1.88,England,"['England', 'Scotland']",Right-Back,"                    0
0  Defensive Midfield
1    Central Midfield",Tottenham,,,"Jul 2, 2024","Jun 30, 2030",,"Empty DataFrame
Columns: [Season, Date, Left, Joined, MV, Fee]
Index: []"
Jack Hinshelwood,867688,€28.00m,"Jun 3, 2026","Apr 11, 2005",21,1.83,England,['England'],Defensive Midfield,"                    0
0  Attacking Midfield
1          Right-Back",Brighton,,,"Jul 1, 2023","Jun 30, 2029",,"Empty DataFrame
Columns: [Season, Date, Left, Joined, MV, Fee]
Index: []"
Lucas Moura,77100,€2.00m,"May 26, 2026","Aug 13, 1992",34,1.73,Brazil,['Brazil'],Right Winger,"                    0
0         Left Winger
1  Attacking Midfield",São Paulo,,,"Aug 2, 2023","Dec 31, 2026",,"Empty DataFrame
Columns: [Season, Date, Left, Joined, MV, Fee]
Index: []"
Carney Chukwuemeka,659459,€20.00m,"May 27, 2026","Oct 20, 2003",22,1.88,Austria,[],Central Midfield,,Dortmund,,,"Aug 26, 2025","Jun 30, 2030",,"Empty DataFrame
Columns: [Season, Date, Left, Joined, MV, Fee]
Index: []"
Bruno Guimarães,520624,€70.00m,"Jun 3, 2026","Nov 16, 1997",28,1.83,Brazil,"['Spain', 'Brazil']",Central Midfield,"                    0
0  Defensive Midfield",Arsenal,,,"Aug 8, 2026","Jun 30, 2030",,"Empty DataFrame
Columns: [Season, Date, Left, Joined, MV, Fee]
Index: []"
Reece Welch,655986,€250k,"Jun 3, 2026","Sep 19, 2003",22,1.98,England,[],Centre-Back,,Bradford,,,"Aug 5, 2026","Jun 30, 2028",,"Empty DataFrame
Columns: [Season, Date, Left, Joined, MV, Fee]
Index: []"
Sasa Kalajdzic,369567,€4.00m,"May 26, 2026","Jul 7, 1997",29,2.01,Austria,['Austria'],Centre-Forward,"                    0
0  Attacking Midfield",LASK,,,"Aug 30, 2026","Jun 30, 2029",,"Empty DataFrame
Columns: [Season, Date, Left, Joined, MV, Fee]
Index: []"
Antony,602105,€40.00m,"Jun 5, 2026","Feb 24, 2000",26,1.73,Brazil,['Brazil'],Right Winger,"             0
0  Left Winger",Real Betis,,,"Sep 1, 2025","Jun 30, 2030",,"Empty DataFrame
Columns: [Season, Date, Left, Joined, MV, Fee]
Index: []"
Adnan Kanuric,354017,€150k,"May 18, 2026","Aug 8, 2000",26,1.93,Bosnia-Herzegovina,[],Goalkeeper,,FC Malisheva,,,"Jul 1, 2026",-,,"Empty DataFrame
Columns: [Season, Date, Left, Joined, MV, Fee]
Index: []"
Rúben Dias,258004,€55.00m,"Jun 3, 2026","May 14, 1997",29,1.88,Portugal,[],Centre-Back,,Man City,,,"Sep 29, 2020","Jun 30, 2029",,"Empty DataFrame
Columns: [Season, Date, Left, Joined, MV, Fee]
Index: []"
Eldin Jakupović,2857,,,"Oct 2, 1984",41,1.91,Switzerland,[],Goalkeeper,,Chattanooga FC,,,"Nov 14, 2024","Dec 31, 2026",,"Empty DataFrame
Columns: [Season, Date, Left, Joined, MV, Fee]
Index: []"
Joe Whitworth,670840,€1.50m,"May 12, 2026","Feb 29, 2004",22,1.78,England,['England'],Goalkeeper,,Wigan,,,"Sep 1, 2026","Jun 30, 2029",,"Empty DataFrame
Columns: [Season, Date, Left, Joined, MV, Fee]
Index: []"
Curtis Jones,433188,€35.00m,"Jun 3, 2026","Jan 30, 2001",25,1.85,England,['England'],Central Midfield,"                    0
0  Attacking Midfield
1  Defensive Midfield",Inter,,,"Aug 21, 2026","Jun 30, 2031",,"Empty DataFrame
Columns: [Season, Date, Left, Joined, MV, Fee]
Index: []"
Anthony Elanga,583189,€32.00m,"Jun 3, 2026","Apr 27, 2002",24,1.78,Sweden,[],Right Winger,,Newcastle,,,"Jul 11, 2025","Jun 30, 2030",,"Empty DataFrame
Columns: [Season, Date, Left, Joined, MV, Fee]
Index: []"
Rhys Williams,503679,€500k,"Jun 3, 2026","Feb 3, 2001",25,1.96,England,[],Centre-Back,,Without Club,Liverpool,"Jul 1, 2026",,,,"Empty DataFrame
Columns: [Season, Date, Left, Joined, MV, Fee]
Index: []"
Serge Aurier,127032,,,"Dec 24, 1992",33,1.75,Cote d'Ivoire,[],Right-Back,,Retired,Persepolis FC,"Aug 11, 2026",,,,"Empty DataFrame
Columns: [Season, Date, Left, Joined, MV, Fee]
Index: []"
Solly March,209212,€1.00m,"Jun 3, 2026","Jul 20, 1994",32,1.8,England,['England'],Right Winger,"                0
0   Left Midfield
1  Right Midfield",Without Club,Brighton,"Jul 1, 2026",,,,"Empty DataFrame
Columns: [Season, Date, Left, Joined, MV, Fee]
Index: []"
Stanley Mills,801005,€1.00m,"May 28, 2026","Oct 25, 2003",22,1.8,England,['England'],Right Winger,"                0
0  Right Midfield",Preston,,,"Aug 27, 2026","Jun 30, 2029",,"Empty DataFrame
Columns: [Season, Date, Left, Joined, MV, Fee]
Index: []"
Marcus Bettinelli,116648,€300k,"Jun 3, 2026","May 24, 1992",34,1.93,England,[],Goalkeeper,,Man City,,,"Jun 10, 2025","Jun 30, 2027",,"Empty DataFrame
Columns: [Season, Date, Left, Joined, MV, Fee]
Index: []"
Will Hughes,207014,€5.00m,"Jun 3, 2026","Apr 17, 1995",31,1.85,England,[],Central Midfield,,Crystal Palace,,,"Aug 28, 2021","Jun 30, 2027",,"Empty DataFrame
Columns: [Season, Date, Left, Joined, MV, Fee]
Index: []"
Louie Moulden,444641,,,"Jan 6, 2002",24,1.91,England,[],Goalkeeper,,Accrington,,,"Jul 1, 2026","May 31, 2027",,"Empty DataFrame
Columns: [Season, Date, Left, Joined, MV, Fee]
Index: []"
Patrick Bamford,183334,€1.00m,"May 28, 2026","Sep 5, 1993",33,1.85,England,"['England', 'Ireland']",Centre-Forward,"              0
0   Left Winger
1  Right Winger",Sheff Utd,,,"Nov 13, 2025","Jun 30, 2027",,"Empty DataFrame
Columns: [Season, Date, Left, Joined, MV, Fee]
Index: []"
Gavin Kilkenny,469064,€350k,"May 15, 2026","Feb 1, 2000",26,1.75,Ireland,['Ireland'],Defensive Midfield,"                  0
0  Central Midfield",Swindon Town,,,"Aug 29, 2024","Jun 30, 2028",,"Empty DataFrame
Columns: [Season, Date, Left, Joined, MV, Fee]
Index: []"
Taiwo Awoniyi,295313,€8.00m,"Jun 3, 2026","Aug 12, 1997",29,1.83,Nigeria,['Nigeria'],Centre-Forward,,Coventry,,,"Aug 17, 2026",-,,"Empty DataFrame
Columns: [Season, Date, Left, Joined, MV, Fee]
Index: []"
Tariq Lamptey,504148,€3.00m,"May 29, 2026","Sep 30, 2000",25,1.63,Ghana,[],Right-Back,,QPR,,,"Jul 21, 2026",-,,"Empty DataFrame
Columns: [Season, Date, Left, Joined, MV, Fee]
Index: []"
Wanya Marçal,670988,€200k,"May 28, 2026","Oct 19, 2002",23,1.8,Portugal,"['England', 'Portugal', 'Angola']",Right Winger,"                    0
0  Attacking Midfield
1         Left Winger",Without Club,Leicester,"Jul 1, 2026",,,,"Empty DataFrame
Columns: [Season, Date, Left, Joined, MV, Fee]
Index: []"
Matt Ritchie,92469,,,"Sep 10, 1989",37,1.73,Scotland,[],Right Midfield,,Retired,Reading,"Jul 1, 2026",,,,"Empty DataFrame
Columns: [Season, Date, Left, Joined, MV, Fee]
Index: []"
Odeluga Offiah,567597,€2.50m,"May 28, 2026","Oct 26, 2002",23,1.88,England,[],Centre-Back,,Preston,,,"Jul 5, 2025","Jun 30, 2029",,"Empty DataFrame
Columns: [Season, Date, Left, Joined, MV, Fee]
Index: []"
Matheus Nunes,601883,€50.00m,"Jun 3, 2026","Aug 27, 1998",28,1.83,Portugal,[],Right-Back,,Man City,,,"Sep 1, 2023","Jun 30, 2028",,"Empty DataFrame
Columns: [Season, Date, Left, Joined, MV, Fee]
Index: []"
Isaac Hayden,206225,€400k,"May 28, 2026","Mar 22, 1995",31,1.88,Jamaica,[],Defensive Midfield,,Leyton Orient,,,"Jul 10, 2026","Jun 30, 2028",,"Empty DataFrame
Columns: [Season, Date, Left, Joined, MV, Fee]
Index: []"
Rhys Bennett,794816,€75k,"May 15, 2026","Oct 30, 2003",22,1.88,England,['England'],Centre-Back,,Fleetwood,,,"Jan 31, 2026","Jun 30, 2028",,"Empty DataFrame
Columns: [Season, Date, Left, Joined, MV, Fee]
Index: []"
Tom McGill,406556,€500k,"Jun 3, 2026","Mar 25, 2000",26,1.85,Canada,"['Canada', 'England']",Goalkeeper,,Brighton,,,"Jul 29, 2022","Jun 30, 2027",,"Empty DataFrame
Columns: [Season, Date, Left, Joined, MV, Fee]
Index: []"
Matt Smith,528894,€325k,"May 12, 2026","Oct 5, 2000",25,1.75,England,['England'],Central Midfield,"                    0
0  Defensive Midfield",Stevenage,,,"Sep 7, 2026",-,,"Empty DataFrame
Columns: [Season, Date, Left, Joined, MV, Fee]
Index: []"
Teden Mengi,548470,€3.00m,"May 12, 2026","Apr 30, 2002",24,1.85,England,"['England', 'Angola']",Centre-Back,,Luton,,,"Aug 31, 2023",-,,"Empty DataFrame
Columns: [Season, Date, Left, Joined, MV, Fee]
Index: []"
João Moutinho,29364,€500k,"May 28, 2026","Sep 8, 1986",40,1.7,Portugal,[],Central Midfield,,Braga,,,"Aug 25, 2023","Jun 30, 2027",,"Empty DataFrame
Columns: [Season, Date, Left, Joined, MV, Fee]
Index: []"
Craig Dawson,121477,€500k,"Apr 9, 2026","May 6, 1990",36,1.88,England,['England'],Centre-Back,"            0
0  Right-Back",Without Club,Wolves,"Jul 1, 2025",,,,"Empty DataFrame
Columns: [Season, Date, Left, Joined, MV, Fee]
Index: []"
Jack Hinchy,854689,€100k,"May 15, 2026","Jan 30, 2003",23,1.8,England,[],Defensive Midfield,,Altrincham,,,"Jul 1, 2026",-,,"Empty DataFrame
Columns: [Season, Date, Left, Joined, MV, Fee]
Index: []"
Çağlar Söyüncü,320141,€3.50m,"May 21, 2026","May 23, 1996",30,1.85,Türkiye,[],Centre-Back,,Corum FK,,,"Sep 4, 2026","Jun 30, 2028",,"Empty DataFrame
Columns: [Season, Date, Left, Joined, MV, Fee]
Index: []"
Harry Souttar,298091,€3.50m,"May 28, 2026","Oct 22, 1998",27,1.98,Australia,[],Centre-Back,,Leicester,,,"Jan 31, 2023","Jun 30, 2028",,"Empty DataFrame
Columns: [Season, Date, Left, Joined, MV, Fee]
Index: []"
Alex Mighten,503988,€700k,"Jun 2, 2026","Apr 11, 2002",24,1.7,England,[],Left Winger,,San Diego,,,"Aug 30, 2024","Dec 31, 2026",,"Empty DataFrame
Columns: [Season, Date, Left, Joined, MV, Fee]
Index: []"
Anthony Gordon,503733,€80.00m,"Jul 22, 2026","Feb 24, 2001",25,1.83,England,[],Left Winger,,Barcelona,,,"Jul 1, 2026","Jun 30, 2031",,"Empty DataFrame
Columns: [Season, Date, Left, Joined, MV, Fee]
Index: []"
Antonee Robinson,349701,€22.00m,"Jun 3, 2026","Aug 8, 1997",29,1.83,United States,[],Left-Back,,Fulham,,,"Aug 20, 2020","Jun 30, 2028",,"Empty DataFrame
Columns: [Season, Date, Left, Joined, MV, Fee]
Index: []"
Lyanco,379807,€4.50m,"May 26, 2026","Feb 1, 1997",29,1.88,Brazil,"['Serbia', 'Brazil']",Centre-Back,"            0
0  Right-Back",Atlético-MG,,,"Jul 10, 2024","Dec 31, 2029",,"Empty DataFrame
Columns: [Season, Date, Left, Joined, MV, Fee]
Index: []"
Auston Trusty,389253,€6.00m,"May 20, 2026","Aug 12, 1998",28,1.91,United States,['United States'],Centre-Back,"           0
0  Left-Back",Celtic,,,"Aug 30, 2024","Jun 30, 2029",,"Empty DataFrame
Columns: [Season, Date, Left, Joined, MV, Fee]
Index: []"
Jhon Durán,649317,€15.00m,"May 26, 2026","Dec 13, 2003",22,1.85,Colombia,[],Centre-Forward,,Benfica,,,"Jul 20, 2026","Jun 30, 2027",,"Empty DataFrame
Columns: [Season, Date, Left, Joined, MV, Fee]
Index: []"
Wilfried Gnonto,627626,€16.00m,"Jun 3, 2026","Nov 5, 2003",22,1.7,Italy,"[""Cote d'Ivoire"", 'Italy']",Right Winger,"                0
0     Left Winger
1  Second Striker",Fiorentina,,,"Sep 1, 2026","Jun 30, 2027",,"Empty DataFrame
Columns: [Season, Date, Left, Joined, MV, Fee]
Index: []"
Danny Welbeck,67063,€3.00m,"Jun 3, 2026","Nov 26, 1990",35,1.85,England,[],Centre-Forward,,Chelsea,,,"Aug 1, 2026","Jun 30, 2028",,"Empty DataFrame
Columns: [Season, Date, Left, Joined, MV, Fee]
Index: []"
Maximilian Kilman,525247,€13.00m,"Jun 3, 2026","May 23, 1997",29,1.93,England,[],Centre-Back,,West Ham,,,"Jul 6, 2024","Jun 30, 2031",,"Empty DataFrame
Columns: [Season, Date, Left, Joined, MV, Fee]
Index: []"
Gustavo Scarpa,330085,€4.50m,"May 26, 2026","Jan 5, 1994",32,1.78,Brazil,"['Italy', 'Brazil']",Attacking Midfield,"                0
0  Right Midfield
1   Left Midfield",Atlético-MG,,,"Jan 11, 2024","Dec 31, 2027",,"Empty DataFrame
Columns: [Season, Date, Left, Joined, MV, Fee]
Index: []"
Romain Perraud,318523,€7.00m,"Jun 1, 2026","Sep 22, 1997",28,1.73,France,[],Left-Back,,Lille,,,"Aug 8, 2025","Jun 30, 2028",,"Empty DataFrame
Columns: [Season, Date, Left, Joined, MV, Fee]
Index: []"
Andy Lonergan,14044,,,"Oct 19, 1983",42,1.93,England,['England'],Goalkeeper,,Retired,Wigan,"Aug 20, 2025",,,,"Empty DataFrame
Columns: [Season, Date, Left, Joined, MV, Fee]
Index: []"
Aaron Connolly,434207,€1.80m,"May 12, 2026","Jan 28, 2000",26,1.75,Ireland,['Ireland'],Centre-Forward,"                0
0  Second Striker",Leyton Orient,,,"Jul 7, 2025","Jun 30, 2027",,"Empty DataFrame
Columns: [Season, Date, Left, Joined, MV, Fee]
Index: []"
Ricardo Pereira,215876,€1.50m,"May 28, 2026","Oct 6, 1993",32,1.75,Portugal,[],Right-Back,,Without Club,Leicester,"Jul 1, 2026",,,,"Empty DataFrame
Columns: [Season, Date, Left, Joined, MV, Fee]
Index: []"
Malcolm Ebiowei,512354,€750k,"Apr 9, 2026","Sep 4, 2003",23,1.85,England,"['England', 'Netherlands']",Right Winger,"                0
0  Right Midfield",Crawley Town,,,"Jul 24, 2026","Jun 30, 2028",,"Empty DataFrame
Columns: [Season, Date, Left, Joined, MV, Fee]
Index: []"
Sebastian Revan,667925,€500k,"May 12, 2026","Jul 14, 2003",23,1.8,England,"['England', 'St. Kitts & Nevis']",Left-Back,"             0
0  Centre-Back
1   Right-Back",Wrexham,,,"Jul 15, 2024","Jun 30, 2027",,"Empty DataFrame
Columns: [Season, Date, Left, Joined, MV, Fee]
Index: []"
Emerson Royal,476344,€5.00m,"May 26, 2026","Jan 14, 1999",27,1.83,Brazil,[],Right-Back,,Flamengo,,,"Jul 26, 2025","Dec 31, 2028",,"Empty DataFrame
Columns: [Season, Date, Left, Joined, MV, Fee]
Index: []"
Cameron Plain,655136,,,"Sep 24, 2001",24,1.88,England,['England'],Goalkeeper,,Wimborne,,,"Feb 23, 2025",-,,"Empty DataFrame
Columns: [Season, Date, Left, Joined, MV, Fee]
Index: []"
Kamarai Swyer,693066,€100k,"May 12, 2026","Dec 4, 2002",23,1.83,England,[],Attacking Midfield,,Northampton,,,"Jul 1, 2025","Jun 30, 2027",,"Empty DataFrame
Columns: [Season, Date, Left, Joined, MV, Fee]
Index: []"
Axel Tuanzebe,342046,€5.00m,"Jun 3, 2026","Nov 14, 1997",28,1.88,DR Congo,[],Centre-Back,,AJ Auxerre,,,"Sep 1, 2026","Jun 30, 2027",,"Empty DataFrame
Columns: [Season, Date, Left, Joined, MV, Fee]
Index: []"
Thiago Alcántara,60444,,,"Apr 11, 1991",35,1.75,Spain,"['Spain', 'Italy', 'Brazil']",Central Midfield,"                    0
0  Attacking Midfield
1  Defensive Midfield",Retired,Liverpool,"Jul 8, 2024",,,,"Empty DataFrame
Columns: [Season, Date, Left, Joined, MV, Fee]
Index: []"
Luke Ayling,67420,€350k,"May 28, 2026","Aug 25, 1991",35,1.83,England,['England'],Centre-Back,"            0
0  Right-Back
1   Left-Back",Middlesbrough,,,"Jul 1, 2024","Jun 30, 2027",,"Empty DataFrame
Columns: [Season, Date, Left, Joined, MV, Fee]
Index: []"
Owen Goodman,814848,€550k,"May 12, 2026","Nov 27, 2003",22,1.93,Canada,[],Goalkeeper,,Dundee FC,,,"Jul 25, 2026","Jun 30, 2027",,"Empty DataFrame
Columns: [Season, Date, Left, Joined, MV, Fee]
Index: []"
Loïc Mbe Soh,463610,€2.00m,"Jun 4, 2026","Jun 13, 2001",25,1.88,France,"['Cameroon', 'France']",Centre-Back,"                    0
0  Defensive Midfield
1          Right-Back",Sparta Prague,,,"Aug 25, 2026",-,,"Empty DataFrame
Columns: [Season, Date, Left, Joined, MV, Fee]
Index: []"
Gabriel,435338,€75.00m,"Jun 3, 2026","Dec 19, 1997",28,1.91,Brazil,[],Centre-Back,,Arsenal,,,"Sep 1, 2020","Jun 30, 2029",,"Empty DataFrame
Columns: [Season, Date, Left, Joined, MV, Fee]
Index: []"
Gavin Bazunu,585550,€8.00m,"May 28, 2026","Feb 20, 2002",24,1.88,Ireland,[],Goalkeeper,,Bolton,,,"Aug 28, 2026","Jun 30, 2029",,"Empty DataFrame
Columns: [Season, Date, Left, Joined, MV, Fee]
Index: []"
Marc Roca,336869,€4.00m,"Jun 5, 2026","Nov 26, 1996",29,1.83,Spain,['Spain'],Defensive Midfield,"                  0
0  Central Midfield",Real Betis,,,"Jul 1, 2024","Jun 30, 2029",,"Empty DataFrame
Columns: [Season, Date, Left, Joined, MV, Fee]
Index: []"
Chris Richards,578539,€28.00m,"Jun 3, 2026","Mar 28, 2000",26,1.88,United States,['United States'],Centre-Back,"            0
0  Right-Back",Crystal Palace,,,"Jul 27, 2022","Jun 30, 2027",,"Empty DataFrame
Columns: [Season, Date, Left, Joined, MV, Fee]
Index: []"
Ibrahima Konaté,357119,€45.00m,"Jun 3, 2026","May 25, 1999",27,1.93,France,"['France', 'Mali']",Centre-Back,,Real Madrid,,,"Jul 1, 2026","Jun 30, 2030",,"Empty DataFrame
Columns: [Season, Date, Left, Joined, MV, Fee]
Index: []"
Daniel Bentley,136401,€800k,"Jun 3, 2026","Jul 13, 1993",33,1.93,England,[],Goalkeeper,,Coventry,,,"Aug 21, 2026","Jun 30, 2028",,"Empty DataFrame
Columns: [Season, Date, Left, Joined, MV, Fee]
Index: []"
Willy Caballero,19948,,,"Sep 28, 1981",44,1.85,Argentina,"['Argentina', 'Spain']",Goalkeeper,,Retired,Southampton,"Jul 1, 2023",,,,"Empty DataFrame
Columns: [Season, Date, Left, Joined, MV, Fee]
Index: []"
Sil Swinkels,646710,€250k,"May 15, 2026","Jan 6, 2004",22,1.91,Netherlands,[],Centre-Back,,Sheff Wed,,,"Jul 2, 2026","Jun 30, 2029",,"Empty DataFrame
Columns: [Season, Date, Left, Joined, MV, Fee]
Index: []"
Jakub Moder,384461,€10.00m,"May 28, 2026","Apr 7, 1999",27,1.91,Poland,[],Central Midfield,,Feyenoord,,,"Jan 20, 2025","Jun 30, 2028",,"Empty DataFrame
Columns: [Season, Date, Left, Joined, MV, Fee]
Index: []"
Tom Davies,314210,€2.00m,"May 28, 2026","Jun 30, 1998",28,1.8,England,['England'],Central Midfield,"                    0
0  Attacking Midfield
1  Defensive Midfield",Without Club,Sheff Utd,"Jul 1, 2026",,,,"Empty DataFrame
Columns: [Season, Date, Left, Joined, MV, Fee]
Index: []"
James Bree,324223,€2.50m,"May 28, 2026","Dec 11, 1997",28,1.83,England,[],Right-Back,,Southampton,,,"Jan 26, 2023","Jun 30, 2029",,"Empty DataFrame
Columns: [Season, Date, Left, Joined, MV, Fee]
Index: []"
Lewis O'Brien,560694,€6.00m,"May 28, 2026","Oct 14, 1998",27,1.73,England,['England'],Central Midfield,"                    0
0  Attacking Midfield
1  Defensive Midfield",Wrexham,,,"Jul 24, 2025","Jun 30, 2028",,"Empty DataFrame
Columns: [Season, Date, Left, Joined, MV, Fee]
Index: []"
Sammy Braybrooke,840640,€400k,"May 15, 2026","Mar 12, 2004",22,1.78,England,['England'],Defensive Midfield,"                  0
0  Central Midfield",Leicester,,,"Jul 1, 2026","Jun 30, 2027",,"Empty DataFrame
Columns: [Season, Date, Left, Joined, MV, Fee]
Index: []"
Matt Targett,250478,€3.00m,"May 28, 2026","Sep 18, 1995",30,1.83,England,[],Left-Back,,Hull City,,,"Jul 23, 2026","Jun 30, 2028",,"Empty DataFrame
Columns: [Season, Date, Left, Joined, MV, Fee]
Index: []"
Mykhaylo Mudryk,537860,€15.00m,"Sep 4, 2026","Jan 5, 2001",25,1.75,Ukraine,[],Left Winger,,Tottenham,,,"Sep 1, 2026","Jun 30, 2027",,"Empty DataFrame
Columns: [Season, Date, Left, Joined, MV, Fee]
Index: []"
Jean-Philippe Gbamin,182894,€2.00m,"Jun 1, 2026","Sep 25, 1995",30,1.85,Cote d'Ivoire,"[""Cote d'Ivoire"", 'France']",Centre-Back,"                    0
0  Defensive Midfield
1          Right-Back",CSKA Sofia,,,"Jul 5, 2026","Jun 30, 2028",,"Empty DataFrame
Columns: [Season, Date, Left, Joined, MV, Fee]
Index: []"
Jaidon Anthony,684210,€20.00m,"Jun 3, 2026","Dec 1, 1999",26,1.83,England,[],Left Winger,,Brentford,,,"Jul 7, 2026","Jun 30, 2030",,"Empty DataFrame
Columns: [Season, Date, Left, Joined, MV, Fee]
Index: []"
Isaac Price,612749,€12.00m,"May 28, 2026","Sep 26, 2003",22,1.88,Northern Ireland,[],Central Midfield,,West Brom,,,"Jan 22, 2025","Jun 30, 2029",,"Empty DataFrame
Columns: [Season, Date, Left, Joined, MV, Fee]
Index: []"
Thomas Strakosha,222209,€3.00m,"Jun 4, 2026","Mar 19, 1995",31,1.93,Albania,"['Albania', 'Greece']",Goalkeeper,,AEK Athens,,,"Jul 8, 2024","Jun 30, 2029",,"Empty DataFrame
Columns: [Season, Date, Left, Joined, MV, Fee]
Index: []"
Shane Duffy,119269,€350k,"May 28, 2026","Jan 1, 1992",34,1.93,Ireland,[],Centre-Back,,Without Club,Norwich,"Jul 1, 2026",,,,"Empty DataFrame
Columns: [Season, Date, Left, Joined, MV, Fee]
Index: []"
João Cancelo,182712,€8.00m,"Jun 5, 2026","May 27, 1994",32,1.83,Portugal,['Portugal'],Right-Back,"           0
0  Left-Back",Barcelona,,,"Aug 20, 2026","Jun 30, 2029",,"Empty DataFrame
Columns: [Season, Date, Left, Joined, MV, Fee]
Index: []"
Brennan Johnson,470607,€30.00m,"Jun 3, 2026","May 23, 2001",25,1.85,Wales,"['England', 'Wales']",Right Winger,"             0
0  Left Winger",Everton,,,"Aug 11, 2026","Jun 30, 2030",,"Empty DataFrame
Columns: [Season, Date, Left, Joined, MV, Fee]
Index: []"
Frank Onyeka,421637,€8.00m,"May 28, 2026","Jan 1, 1998",28,1.83,Nigeria,['Nigeria'],Central Midfield,"                    0
0  Defensive Midfield
1  Attacking Midfield",Coventry,,,"Jul 1, 2026","Jun 30, 2030",,"Empty DataFrame
Columns: [Season, Date, Left, Joined, MV, Fee]
Index: []"
Michail Antonio,104124,€400k,"May 14, 2026","Mar 28, 1990",36,1.8,Jamaica,"['England', 'Jamaica']",Centre-Forward,"                0
0  Right Midfield
1   Left Midfield",Without Club,Al-Sailiya SC,"Jul 1, 2026",,,,"Empty DataFrame
Columns: [Season, Date, Left, Joined, MV, Fee]
Index: []"
Lucas Digne,126664,€6.00m,"Jun 3, 2026","Jul 20, 1993",33,1.78,France,[],Left-Back,,PSG,,,"Aug 9, 2026","Jun 30, 2029",,"Empty DataFrame
Columns: [Season, Date, Left, Joined, MV, Fee]
Index: []"
Martin Ødegaard,316264,€70.00m,"Jul 22, 2026","Dec 17, 1998",27,1.78,Norway,['Norway'],Attacking Midfield,"                  0
0      Right Winger
1  Central Midfield",Arsenal,,,"Aug 20, 2021","Jun 30, 2028",,"Empty DataFrame
Columns: [Season, Date, Left, Joined, MV, Fee]
Index: []"
Dean Henderson,258919,€28.00m,"Jun 3, 2026","Mar 12, 1997",29,1.88,England,['England'],Goalkeeper,,Crystal Palace,,,"Aug 31, 2023","Jun 30, 2028",,"Empty DataFrame
Columns: [Season, Date, Left, Joined, MV, Fee]
Index: []"
Kiernan Dewsbury-Hall,475188,€35.00m,"Jun 3, 2026","Sep 6, 1998",28,1.75,England,"['England', 'Ireland']",Central Midfield,"                    0
0  Attacking Midfield
1  Defensive Midfield",Everton,,,"Aug 6, 2025","Jun 30, 2030",,"Empty DataFrame
Columns: [Season, Date, Left, Joined, MV, Fee]
Index: []"
Kell Watts,484389,€600k,"May 15, 2026","Nov 3, 1999",26,1.93,England,[],Centre-Back,,Cambridge Utd.,,,"Jul 1, 2024","Jun 30, 2027",,"Empty DataFrame
Columns: [Season, Date, Left, Joined, MV, Fee]
Index: []"
Dynel Simeu,503976,€150k,"May 15, 2026","Mar 13, 2002",24,1.88,England,"['England', 'Cameroon']",Centre-Back,"            0
0  Right-Back",The New Saints,,,"Jul 1, 2026",-,,"Empty DataFrame
Columns: [Season, Date, Left, Joined, MV, Fee]
Index: []"
Ben White,335721,€30.00m,"Jun 3, 2026","Oct 8, 1997",28,1.85,England,[],Right-Back,,Arsenal,,,"Jul 30, 2021","Jun 30, 2028",,"Empty DataFrame
Columns: [Season, Date, Left, Joined, MV, Fee]
Index: []"
Boubacar Traoré,649020,€4.00m,"Jun 1, 2026","Aug 20, 2001",25,1.83,Mali,['Mali'],Defensive Midfield,"                  0
0  Central Midfield",Wolves,,,"Jul 1, 2023","Jun 30, 2027",,"Empty DataFrame
Columns: [Season, Date, Left, Joined, MV, Fee]
Index: []"
Pascal Groß,82873,€2.50m,"Jun 3, 2026","Jun 15, 1991",35,1.8,Germany,['Germany'],Central Midfield,"                    0
0  Attacking Midfield
1  Defensive Midfield",Brighton,,,"Jan 2, 2026","Jun 30, 2027",,"Empty DataFrame
Columns: [Season, Date, Left, Joined, MV, Fee]
Index: []"
Moisés Caicedo,687626,€100.00m,"Jun 3, 2026","Nov 2, 2001",24,1.78,Ecuador,[],Defensive Midfield,,Chelsea,,,"Aug 14, 2023","Jun 30, 2033",,"Empty DataFrame
Columns: [Season, Date, Left, Joined, MV, Fee]
Index: []"
Bryan Gil,537382,€8.00m,"Jun 5, 2026","Feb 11, 2001",25,1.75,Spain,[],Left Winger,,Girona,,,"Sep 1, 2025","Jun 30, 2030",,"Empty DataFrame
Columns: [Season, Date, Left, Joined, MV, Fee]
Index: []"
Dango Ouattara,823231,€35.00m,"Jun 3, 2026","Feb 11, 2002",24,1.78,Burkina Faso,[],Right Winger,,Brentford,,,"Aug 16, 2025","Jun 30, 2030",,"Empty DataFrame
Columns: [Season, Date, Left, Joined, MV, Fee]
Index: []"
Dani van den Heuvel,559320,€800k,"Jun 4, 2026","May 28, 2003",23,1.88,Netherlands,['Netherlands'],Goalkeeper,,OH Leuven,,,"Jul 1, 2026","Jun 30, 2029",,"Empty DataFrame
Columns: [Season, Date, Left, Joined, MV, Fee]
Index: []"
Boubakary Soumaré,344605,€10.00m,"May 14, 2026","Feb 27, 1999",27,1.88,France,[],Defensive Midfield,,Al-Duhail SC,,,"Jan 29, 2026",-,,"Empty DataFrame
Columns: [Season, Date, Left, Joined, MV, Fee]
Index: []"
Ezri Konsa,413403,€45.00m,"Jul 22, 2026","Oct 23, 1997",28,1.8,England,[],Centre-Back,,Arsenal,,,"Aug 21, 2026",-,,"Empty DataFrame
Columns: [Season, Date, Left, Joined, MV, Fee]
Index: []"
Romaine Mundle,696181,€7.00m,"Jun 3, 2026","Apr 24, 2003",23,1.73,England,[],Left Winger,,Sunderland,,,"Feb 1, 2024","Jun 30, 2030",,"Empty DataFrame
Columns: [Season, Date, Left, Joined, MV, Fee]
Index: []"
Kalvin Phillips,351749,€2.50m,"May 28, 2026","Dec 2, 1995",30,1.78,England,"['England', 'Jamaica']",Defensive Midfield,"                  0
0  Central Midfield
1       Centre-Back",Sheff Utd,,,"Feb 2, 2026","Jun 30, 2027",,"Empty DataFrame
Columns: [Season, Date, Left, Joined, MV, Fee]
Index: []"
Danilo,808509,€32.00m,"May 26, 2026","Apr 29, 2001",25,1.78,Brazil,['Brazil'],Central Midfield,"                    0
0  Defensive Midfield
1  Attacking Midfield",Botafogo,,,"Jul 18, 2025","Jun 30, 2029",,"Empty DataFrame
Columns: [Season, Date, Left, Joined, MV, Fee]
Index: []"
Dan Burn,134270,€4.00m,"Jun 3, 2026","May 9, 1992",34,2.01,England,[],Centre-Back,,Newcastle,,,"Jan 31, 2022","Jun 30, 2027",,"Empty DataFrame
Columns: [Season, Date, Left, Joined, MV, Fee]
Index: []"
Steven Alzate,476237,€2.50m,"Jun 2, 2026","Sep 8, 1998",28,1.8,Colombia,[],Central Midfield,,Atlanta,,,"Aug 4, 2025","Dec 31, 2030",,"Empty DataFrame
Columns: [Season, Date, Left, Joined, MV, Fee]
Index: []"
Kris Moore,746067,€100k,"May 21, 2026","Nov 13, 2003",22,,England,['England'],Centre-Back,"            0
0  Right-Back",Without Club,Morton,"Sep 2, 2026",,,,"Empty DataFrame
Columns: [Season, Date, Left, Joined, MV, Fee]
Index: []"
Nico O'Reilly,743413,€70.00m,"Jun 3, 2026","Mar 21, 2005",21,1.93,England,"['England', 'Jamaica']",Left-Back,"                    0
0  Attacking Midfield
1    Central Midfield",Man City,,,"Jul 1, 2024","Jun 30, 2030",,"Empty DataFrame
Columns: [Season, Date, Left, Joined, MV, Fee]
Index: []"
Robin Olsen,75458,€500k,"Jun 29, 2026","Jan 8, 1990",36,1.96,Sweden,[],Goalkeeper,,Malmö,,,"Jul 8, 2025","Dec 31, 2029",,"Empty DataFrame
Columns: [Season, Date, Left, Joined, MV, Fee]
Index: []"
Nathaniel Clyne,85177,€300k,"Jun 3, 2026","Apr 5, 1991",35,1.75,England,"['England', 'Grenada']",Right-Back,"             0
0    Left-Back
1  Centre-Back",Without Club,Crystal Palace,"Jul 1, 2026",,,,"Empty DataFrame
Columns: [Season, Date, Left, Joined, MV, Fee]
Index: []"
Mykhaylo Mudryk,537860,€15.00m,"Sep 4, 2026","Jan 5, 2001",25,1.75,Ukraine,['Ukraine'],Left Winger,"              0
0  Right Winger",Tottenham,,,"Sep 1, 2026","Jun 30, 2027",,"Empty DataFrame
Columns: [Season, Date, Left, Joined, MV, Fee]
Index: []"
Zidane Iqbal,686845,€1.00m,"May 21, 2026","Apr 27, 2003",23,1.8,Iraq,"['England', 'Iraq']",Central Midfield,"                    0
0  Attacking Midfield
1  Defensive Midfield",Dundee United,,,"Sep 3, 2026","Jun 30, 2028",,"Empty DataFrame
Columns: [Season, Date, Left, Joined, MV, Fee]
Index: []"
Daniel Adu-Adjei,963878,€2.50m,"May 29, 2026","Jun 21, 2005",21,1.78,England,"['England', 'Ghana']",Centre-Forward,,HNK Rijeka,,,"Aug 26, 2025","Jun 30, 2029",,"Empty DataFrame
Columns: [Season, Date, Left, Joined, MV, Fee]
Index: []"
Pascal Struijk,410708,€22.00m,"Jun 3, 2026","Aug 11, 1999",27,1.91,Netherlands,[],Centre-Back,,Brighton,,,"Jul 1, 2026","Jun 30, 2031",,"Empty DataFrame
Columns: [Season, Date, Left, Joined, MV, Fee]
Index: []"
Crysencio Summerville,474701,€45.00m,"Jul 22, 2026","Oct 30, 2001",24,1.73,Netherlands,[],Left Winger,,Al-Hilal,,,"Jul 24, 2026","Jun 30, 2030",,"Empty DataFrame
Columns: [Season, Date, Left, Joined, MV, Fee]
Index: []"
Alex Oxlade-Chamberlain,143424,€1.00m,"May 20, 2026","Aug 15, 1993",33,1.8,England,[],Central Midfield,,Celtic,,,"Feb 7, 2026","May 31, 2027",,"Empty DataFrame
Columns: [Season, Date, Left, Joined, MV, Fee]
Index: []"
Mateo Kovacic,51471,€10.00m,"Jun 3, 2026","May 6, 1994",32,1.78,Croatia,"['Croatia', 'Austria']",Central Midfield,"                    0
0  Attacking Midfield
1  Defensive Midfield",Man City,,,"Jul 1, 2023","Jun 30, 2027",,"Empty DataFrame
Columns: [Season, Date, Left, Joined, MV, Fee]
Index: []"
Trent Alexander-Arnold,314353,€60.00m,"Jun 5, 2026","Oct 7, 1998",27,1.8,England,['England'],Right-Back,,Real Madrid,,,"Jun 1, 2025","Jun 30, 2031",,"Empty DataFrame
Columns: [Season, Date, Left, Joined, MV, Fee]
Index: []"
Kalvin Phillips,351749,€2.50m,"May 28, 2026","Dec 2, 1995",30,1.78,England,[],Defensive Midfield,,Sheff Utd,,,"Feb 2, 2026","Jun 30, 2027",,"Empty DataFrame
Columns: [Season, Date, Left, Joined, MV, Fee]
Index: []"
Christian Saydee,655835,€400k,"May 12, 2026","May 10, 2002",24,1.83,England,[],Centre-Forward,,Wigan,,,"Jul 1, 2025","Jun 30, 2028",,"Empty DataFrame
Columns: [Season, Date, Left, Joined, MV, Fee]
Index: []"
Tyrone Mings,253677,€3.00m,"Jun 3, 2026","Mar 13, 1993",33,1.96,England,['England'],Centre-Back,"           0
0  Left-Back",Aston Villa,,,"Jul 8, 2019","Jun 30, 2027",,"Empty DataFrame
Columns: [Season, Date, Left, Joined, MV, Fee]
Index: []"
Bobby De Cordova-Reid,186186,€700k,"May 28, 2026","Feb 2, 1993",33,1.7,Jamaica,"['England', 'Jamaica']",Attacking Midfield,"              0
0  Right Winger
1   Left Winger",Leicester,,,"Jul 6, 2024","Jun 30, 2027",,"Empty DataFrame
Columns: [Season, Date, Left, Joined, MV, Fee]
Index: []"
Jordan Pickford,130164,€13.00m,"Jun 3, 2026","Mar 7, 1994",32,1.85,England,['England'],Goalkeeper,,Everton,,,"Jul 1, 2017","Jun 30, 2029",,"Empty DataFrame
Columns: [Season, Date, Left, Joined, MV, Fee]
Index: []"
Harrison Reed,226973,€2.00m,"Jun 3, 2026","Jan 27, 1995",31,1.8,England,['England'],Central Midfield,"                    0
0  Defensive Midfield
1      Right Midfield",Fulham,,,"Aug 30, 2020","Jun 30, 2027",,"Empty DataFrame
Columns: [Season, Date, Left, Joined, MV, Fee]
Index: []"
Calum Chambers,215118,€900k,"May 12, 2026","Jan 20, 1995",31,1.83,England,['England'],Centre-Back,"                    0
0          Right-Back
1  Defensive Midfield",Cardiff,,,"Jul 14, 2024","Jun 30, 2027",,"Empty DataFrame
Columns: [Season, Date, Left, Joined, MV, Fee]
Index: []"
Máximo Perrone,668547,€35.00m,"May 29, 2026","Jan 7, 2003",23,1.78,Argentina,"['Argentina', 'Spain']",Defensive Midfield,"                  0
0  Central Midfield",Como,,,"Jul 18, 2025","Jun 30, 2029",,"Empty DataFrame
Columns: [Season, Date, Left, Joined, MV, Fee]
Index: []"
Jordan Smith,452707,€50k,"May 20, 2026","Dec 8, 1994",31,1.83,England,['England'],Goalkeeper,,Hibernian FC,,,"Jul 18, 2024","May 31, 2028",,"Empty DataFrame
Columns: [Season, Date, Left, Joined, MV, Fee]
Index: []"
Wout Faes,292808,€10.00m,"Jun 1, 2026","Apr 3, 1998",28,1.88,Belgium,['Belgium'],Centre-Back,,Leicester,,,"Sep 1, 2022","Jun 30, 2027",,"Empty DataFrame
Columns: [Season, Date, Left, Joined, MV, Fee]
Index: []"
Vitaly Janelt,270171,€16.00m,"Jun 3, 2026","May 10, 1998",28,1.83,Germany,"['Germany', 'Bosnia-Herzegovina']",Defensive Midfield,"                  0
0  Central Midfield
1         Left-Back",Brentford,,,"Oct 3, 2020","Jun 30, 2030",,"Empty DataFrame
Columns: [Season, Date, Left, Joined, MV, Fee]
Index: []"
Saša Lukić,245056,€10.00m,"Jun 3, 2026","Aug 13, 1996",30,1.83,Serbia,"['Serbia', 'Yugoslavia (Republic)']",Central Midfield,"                    0
0  Defensive Midfield",Ipswich,,,"Aug 8, 2026","Jun 30, 2030",,"Empty DataFrame
Columns: [Season, Date, Left, Joined, MV, Fee]
Index: []"
Virgil van Dijk,139208,€15.00m,"Jun 3, 2026","Jul 8, 1991",35,1.96,Netherlands,"['Suriname', 'Netherlands']",Centre-Back,,Liverpool,,,"Jan 1, 2018","Jun 30, 2027",,"Empty DataFrame
Columns: [Season, Date, Left, Joined, MV, Fee]
Index: []"
Jay Stansfield,696346,€18.00m,"May 28, 2026","Nov 24, 2002",23,1.88,England,[],Centre-Forward,,Birmingham,,,"Aug 30, 2024","Jun 30, 2031",,"Empty DataFrame
Columns: [Season, Date, Left, Joined, MV, Fee]
Index: []"
Martin Ødegaard,316264,€70.00m,"Jul 22, 2026","Dec 17, 1998",27,1.78,Norway,[],Attacking Midfield,,Arsenal,,,"Aug 20, 2021","Jun 30, 2028",,"Empty DataFrame
Columns: [Season, Date, Left, Joined, MV, Fee]
Index: []"
Adnan Kanuric,354017,€150k,"May 18, 2026","Aug 8, 2000",26,1.93,Bosnia-Herzegovina,"['Austria', 'Bosnia-Herzegovina']",Goalkeeper,,FC Malisheva,,,"Jul 1, 2026",-,,"Empty DataFrame
Columns: [Season, Date, Left, Joined, MV, Fee]
Index: []"
Joe Bryan,194460,,,"Sep 17, 1993",32,1.7,England,[],Left-Back,,Retired,Millwall,"Aug 12, 2026",,,,"Empty DataFrame
Columns: [Season, Date, Left, Joined, MV, Fee]
Index: []"
Ben Johnson,468002,€6.00m,"May 28, 2026","Jan 24, 2000",26,1.83,England,['England'],Right-Back,"             0
0    Left-Back
1  Centre-Back",Stoke City,,,"Aug 21, 2026","May 31, 2027",,"Empty DataFrame
Columns: [Season, Date, Left, Joined, MV, Fee]
Index: []"
Billy Gilmour,423744,€20.00m,"May 29, 2026","Jun 11, 2001",25,1.7,Scotland,['Scotland'],Defensive Midfield,"                  0
0  Central Midfield",Napoli,,,"Aug 30, 2024","Jun 30, 2029",,"Empty DataFrame
Columns: [Season, Date, Left, Joined, MV, Fee]
Index: []"
Giulian Biancone,536507,€2.50m,"Jun 4, 2026","Mar 31, 2000",26,1.88,France,[],Centre-Back,,RSC Anderlecht,,,"Jul 1, 2026","Jun 30, 2029",,"Empty DataFrame
Columns: [Season, Date, Left, Joined, MV, Fee]
Index: []"
Enzo Fernández,648195,€100.00m,"Jul 22, 2026","Jan 17, 2001",25,1.78,Argentina,[],Central Midfield,,Man City,,,"Sep 1, 2026","Jun 30, 2031",,"Empty DataFrame
Columns: [Season, Date, Left, Joined, MV, Fee]
Index: []"
Yves Bissouma,410425,€10.00m,"Jun 3, 2026","Aug 30, 1996",30,1.83,Mali,[],Defensive Midfield,,Without Club,Tottenham,"Jul 1, 2026",,,,"Empty DataFrame
Columns: [Season, Date, Left, Joined, MV, Fee]
Index: []"
Joe Aribo,468198,€1.80m,"May 28, 2026","Jul 21, 1996",30,1.83,Nigeria,[],Central Midfield,,Without Club,Southampton,"Jul 1, 2026",,,,"Empty DataFrame
Columns: [Season, Date, Left, Joined, MV, Fee]
Index: []"
Orel Mangala,289592,€9.00m,"Jun 1, 2026","Mar 18, 1998",28,1.78,Belgium,"['DR Congo', 'Belgium']",Defensive Midfield,"                  0
0  Central Midfield",Getafe,,,"Aug 6, 2026","Jun 30, 2027",,"Empty DataFrame
Columns: [Season, Date, Left, Joined, MV, Fee]
Index: []"
Youri Tielemans,249565,€40.00m,"Jul 22, 2026","May 7, 1997",29,1.75,Belgium,[],Central Midfield,,Man Utd,,,"Jul 14, 2026","Jun 30, 2031",,"Empty DataFrame
Columns: [Season, Date, Left, Joined, MV, Fee]
Index: []"
Darko Gyabi,663264,€2.00m,"May 28, 2026","Feb 18, 2004",22,1.96,England,[],Central Midfield,,Hull City,,,"Sep 1, 2025","Jun 30, 2028",,"Empty DataFrame
Columns: [Season, Date, Left, Joined, MV, Fee]
Index: []"
Pablo Fornals,357885,€8.00m,"Jun 5, 2026","Feb 22, 1996",30,1.78,Spain,[],Central Midfield,,Real Betis,,,"Feb 1, 2024","Jun 30, 2029",,"Empty DataFrame
Columns: [Season, Date, Left, Joined, MV, Fee]
Index: []"
Reece James,472423,€60.00m,"Jun 3, 2026","Dec 8, 1999",26,1.8,England,[],Right-Back,,Chelsea,,,"Jul 1, 2019","Jun 30, 2032",,"Empty DataFrame
Columns: [Season, Date, Left, Joined, MV, Fee]
Index: []"
Stefan Bajcetic,864799,€4.00m,"Jun 3, 2026","Oct 22, 2004",21,1.85,Spain,"['Serbia', 'Spain']",Defensive Midfield,"                  0
0       Centre-Back
1  Central Midfield",Celta Fortuna,,,"Aug 31, 2026","Jun 30, 2029",,"Empty DataFrame
Columns: [Season, Date, Left, Joined, MV, Fee]
Index: []"
Jordan Ayew,108354,€1.00m,"May 28, 2026","Sep 11, 1991",35,1.83,Ghana,"['Ghana', 'France']",Centre-Forward,"              0
0  Right Winger
1   Left Winger",Sheff Utd,,,"Sep 8, 2026","Jun 30, 2027",,"Empty DataFrame
Columns: [Season, Date, Left, Joined, MV, Fee]
Index: []"
Kevin Mbabu,183321,€2.20m,"May 25, 2026","Apr 19, 1995",31,1.83,Switzerland,[],Right-Back,,Sampdoria,,,"Aug 31, 2026","Jun 30, 2028",,"Empty DataFrame
Columns: [Season, Date, Left, Joined, MV, Fee]
Index: []"
Harry Arter,55742,,,"Dec 28, 1989",36,1.78,Ireland,[],Central Midfield,,Precision FC,,,"Jul 1, 2024",-,,"Empty DataFrame
Columns: [Season, Date, Left, Joined, MV, Fee]
Index: []"
Darko Gyabi,663264,€2.00m,"May 28, 2026","Feb 18, 2004",22,1.96,England,"['England', 'Ghana']",Central Midfield,"                    0
0  Defensive Midfield
1  Attacking Midfield",Hull City,,,"Sep 1, 2025","Jun 30, 2028",,"Empty DataFrame
Columns: [Season, Date, Left, Joined, MV, Fee]
Index: []"
Matty Longstaff,484387,€1.50m,"Jun 2, 2026","Mar 21, 2000",26,1.7,England,[],Central Midfield,,Montréal,,,"Aug 13, 2025","Dec 31, 2026",,"Empty DataFrame
Columns: [Season, Date, Left, Joined, MV, Fee]
Index: []"
Hakim Ziyech,217111,€2.20m,"Jun 22, 2026","Mar 19, 1993",33,1.8,Morocco,"['Morocco', 'Netherlands']",Right Winger,"                    0
0  Attacking Midfield",Botafogo,,,"Sep 10, 2026","Dec 31, 2028",,"Empty DataFrame
Columns: [Season, Date, Left, Joined, MV, Fee]
Index: []"
Boubacar Kamara,394327,€40.00m,"Jun 3, 2026","Nov 23, 1999",26,1.83,France,[],Defensive Midfield,,Aston Villa,,,"Jul 1, 2022","Jun 30, 2030",,"Empty DataFrame
Columns: [Season, Date, Left, Joined, MV, Fee]
Index: []"
George Wickens,502070,€1.00m,"May 12, 2026","Nov 8, 2001",24,1.98,England,[],Goalkeeper,,Lincoln City,,,"Jul 20, 2024","Jun 30, 2029",,"Empty DataFrame
Columns: [Season, Date, Left, Joined, MV, Fee]
Index: []"
Jesse Lingard,141660,€2.00m,"May 26, 2026","Dec 15, 1992",33,1.75,England,"['England', 'St. Vincent & Grenadinen']",Attacking Midfield,"              0
0   Left Winger
1  Right Winger",Corinthians,,,"Mar 2, 2026","Dec 31, 2026",,"Empty DataFrame
Columns: [Season, Date, Left, Joined, MV, Fee]
Index: []"
Mohamed Salah,148455,€22.00m,"Jun 3, 2026","Jun 15, 1992",34,1.75,Egypt,[],Right Winger,,Trabzonspor,,,"Aug 5, 2026","Jun 30, 2028",,"Empty DataFrame
Columns: [Season, Date, Left, Joined, MV, Fee]
Index: []"
Alex McCarthy,95976,€200k,"May 28, 2026","Dec 3, 1989",36,1.93,England,['England'],Goalkeeper,,Leicester,,,"Jul 16, 2026","Jun 30, 2028",,"Empty DataFrame
Columns: [Season, Date, Left, Joined, MV, Fee]
Index: []"
Jackson Smith,511964,€300k,"May 12, 2026","Oct 14, 2001",24,1.88,England,[],Goalkeeper,,Port Vale,,,"Jul 1, 2026","Jun 30, 2029",,"Empty DataFrame
Columns: [Season, Date, Left, Joined, MV, Fee]
Index: []"
Lewis Dunk,148153,€3.50m,"Jun 3, 2026","Nov 21, 1991",34,1.93,England,['England'],Centre-Back,,Brighton,,,"Jul 1, 2010","Jun 30, 2027",,"Empty DataFrame
Columns: [Season, Date, Left, Joined, MV, Fee]
Index: []"
Shola Shoretire,640026,€2.00m,"May 28, 2026","Feb 2, 2004",22,1.7,England,"['England', 'Nigeria']",Left Winger,"                    0
0        Right Winger
1  Attacking Midfield",PAOK,,,"Jul 30, 2024","Jun 30, 2028",,"Empty DataFrame
Columns: [Season, Date, Left, Joined, MV, Fee]
Index: []"
Enock Mwepu,490307,,,"Jan 1, 1998",28,1.83,Zambia,['Zambia'],Central Midfield,"                    0
0  Defensive Midfield
1      Right Midfield",Retired,Brighton,"Oct 10, 2022",,,,"Empty DataFrame
Columns: [Season, Date, Left, Joined, MV, Fee]
Index: []"
Kyle John,504507,€225k,"May 12, 2026","Feb 13, 2001",25,1.75,England,"['England', 'Wales']",Right-Back,"             0
0  Centre-Back
1    Left-Back",Port Vale,,,"Aug 9, 2024","Jun 30, 2027",,"Empty DataFrame
Columns: [Season, Date, Left, Joined, MV, Fee]
Index: []"
Kristian Sekularac,539810,€150k,"Jun 5, 2026","Dec 7, 2003",22,1.88,Switzerland,[],Attacking Midfield,,Zelez. Pancevo,,,"Oct 30, 2025","Jun 30, 2028",,"Empty DataFrame
Columns: [Season, Date, Left, Joined, MV, Fee]
Index: []"
Weston McKennie,332697,€30.00m,"May 29, 2026","Aug 28, 1998",28,1.8,United States,['United States'],Central Midfield,"                    0
0      Right Midfield
1  Attacking Midfield",Juventus,,,"Jul 1, 2021","Jun 30, 2030",,"Empty DataFrame
Columns: [Season, Date, Left, Joined, MV, Fee]
Index: []"
Eric Dier,175722,€4.00m,"Jun 1, 2026","Jan 15, 1994",32,1.91,England,"['England', 'Portugal']",Centre-Back,"                    0
0  Defensive Midfield
1          Right-Back",Monaco,,,"Jul 1, 2025","Jun 30, 2028",,"Empty DataFrame
Columns: [Season, Date, Left, Joined, MV, Fee]
Index: []"
Jed Steer,110867,,,"Sep 23, 1992",33,1.83,England,[],Goalkeeper,,Retired,Peterborough,"Oct 27, 2025",,,,"Empty DataFrame
Columns: [Season, Date, Left, Joined, MV, Fee]
Index: []"
Kalidou Koulibaly,93128,€4.50m,"Jun 4, 2026","Jun 20, 1991",35,1.85,Senegal,[],Centre-Back,,Al-Hilal,,,"Jul 1, 2023","Jun 30, 2027",,"Empty DataFrame
Columns: [Season, Date, Left, Joined, MV, Fee]
Index: []"
Raheem Sterling,134425,€3.00m,"May 28, 2026","Dec 8, 1994",31,1.73,England,"['England', 'Jamaica']",Right Winger,"                0
0     Left Winger
1  Centre-Forward",Without Club,Feyenoord,"Jul 1, 2026",,,,"Empty DataFrame
Columns: [Season, Date, Left, Joined, MV, Fee]
Index: []"
Nat Phillips,371814,€2.50m,"May 28, 2026","Mar 21, 1997",29,1.91,England,['England'],Centre-Back,,West Brom,,,"Jul 1, 2025","Jun 30, 2028",,"Empty DataFrame
Columns: [Season, Date, Left, Joined, MV, Fee]
Index: []"
Euan Pollock,655142,,,"Oct 3, 2002",23,1.73,England,['England'],Centre-Forward,,Weymouth FC,,,"Sep 26, 2025","Jun 30, 2027",,"Empty DataFrame
Columns: [Season, Date, Left, Joined, MV, Fee]
Index: []"
Andros Townsend,61842,€400k,"May 15, 2026","Jul 16, 1991",35,1.8,England,['England'],Right Winger,"                    0
0         Left Winger
1  Attacking Midfield",PT Prachuap FC,,,"Aug 7, 2026","Jun 30, 2027",,"Empty DataFrame
Columns: [Season, Date, Left, Joined, MV, Fee]
Index: []"
Taiwo Awoniyi,295313,€8.00m,"Jun 3, 2026","Aug 12, 1997",29,1.83,Nigeria,[],Centre-Forward,,Coventry,,,"Aug 17, 2026",-,,"Empty DataFrame
Columns: [Season, Date, Left, Joined, MV, Fee]
Index: []"
Brooklyn Genesini,655173,,,"Nov 18, 2001",24,1.8,England,['England'],Right-Back,,Weymouth FC,,,"Sep 5, 2025","Jun 30, 2026",,"Empty DataFrame
Columns: [Season, Date, Left, Joined, MV, Fee]
Index: []"
Omari Hutchinson,741238,€30.00m,"Jun 3, 2026","Oct 30, 2003",22,1.75,England,"['England', 'Jamaica']",Right Winger,"                    0
0  Attacking Midfield
1         Left Winger",AC Milan,,,"Aug 31, 2026","Jun 30, 2027",,"Empty DataFrame
Columns: [Season, Date, Left, Joined, MV, Fee]
Index: []"
Saïd Benrahma,290532,€8.50m,"Jun 4, 2026","Aug 10, 1995",31,1.73,Algeria,[],Left Winger,,NEOM SC,,,"Jul 3, 2025","Jun 30, 2027",,"Empty DataFrame
Columns: [Season, Date, Left, Joined, MV, Fee]
Index: []"
Darwin Núñez,546543,€20.00m,"Jun 4, 2026","Jun 24, 1999",27,1.85,Uruguay,['Uruguay'],Centre-Forward,"             0
0  Left Winger",Al-Diriyah,,,"Aug 22, 2026","Jun 30, 2027",,"Empty DataFrame
Columns: [Season, Date, Left, Joined, MV, Fee]
Index: []"
Oleksandr Zinchenko,203853,€8.00m,"May 28, 2026","Dec 15, 1996",29,1.75,Ukraine,['Ukraine'],Left-Back,"                  0
0     Left Midfield
1  Central Midfield",Without Club,Ajax,"Jul 1, 2026",,,,"Empty DataFrame
Columns: [Season, Date, Left, Joined, MV, Fee]
Index: []"
Yasin Ayari,667287,€40.00m,"Jul 22, 2026","Oct 6, 2003",22,1.73,Sweden,"['Sweden', 'Tunisia']",Central Midfield,"                    0
0  Defensive Midfield
1  Attacking Midfield",Brighton,,,"Jan 30, 2023","Jun 30, 2027",,"Empty DataFrame
Columns: [Season, Date, Left, Joined, MV, Fee]
Index: []"
Lewis Cook,249089,€11.00m,"Jun 3, 2026","Feb 3, 1997",29,1.75,England,[],Central Midfield,,Bournemouth,,,"Jul 8, 2016","Jun 30, 2028",,"Empty DataFrame
Columns: [Season, Date, Left, Joined, MV, Fee]
Index: []"
Ben Godfrey,343475,€5.00m,"May 25, 2026","Jan 15, 1998",28,1.83,England,[],Centre-Back,,Rangers,,,"Jul 1, 2026","Jun 30, 2027",,"Empty DataFrame
Columns: [Season, Date, Left, Joined, MV, Fee]
Index: []"
Wesley Fofana,475411,€28.00m,"Jun 3, 2026","Dec 17, 2000",25,1.88,France,"[""Cote d'Ivoire"", 'France']",Centre-Back,"            0
0  Right-Back",Chelsea,,,"Aug 31, 2022","Jun 30, 2029",,"Empty DataFrame
Columns: [Season, Date, Left, Joined, MV, Fee]
Index: []"
Rodrigo,131505,€2.50m,"May 14, 2026","Mar 6, 1991",35,1.83,Spain,"['Spain', 'Brazil']",Centre-Forward,"                0
0  Second Striker
1    Right Winger",Lusail SC,,,"Jul 16, 2026","Jun 30, 2027",,"Empty DataFrame
Columns: [Season, Date, Left, Joined, MV, Fee]
Index: []"
Gabriel Jesus,363205,€17.00m,"Jun 3, 2026","Apr 3, 1997",29,1.75,Brazil,[],Centre-Forward,,Barcelona,,,"Sep 1, 2026","Jun 30, 2029",,"Empty DataFrame
Columns: [Season, Date, Left, Joined, MV, Fee]
Index: []"
Viljami Sinisalo,484838,€1.00m,"May 20, 2026","Oct 11, 2001",24,1.91,Finland,[],Goalkeeper,,Celtic,,,"Jul 16, 2024","Jun 30, 2029",,"Empty DataFrame
Columns: [Season, Date, Left, Joined, MV, Fee]
Index: []"
Jack Spong,530916,,,"Feb 4, 2002",24,,England,[],Central Midfield,,Farnham Town,,,"Aug 6, 2026","Jun 30, 2027",,"Empty DataFrame
Columns: [Season, Date, Left, Joined, MV, Fee]
Index: []"
Nat Phillips,371814,€2.50m,"May 28, 2026","Mar 21, 1997",29,1.91,England,[],Centre-Back,,West Brom,,,"Jul 1, 2025","Jun 30, 2028",,"Empty DataFrame
Columns: [Season, Date, Left, Joined, MV, Fee]
Index: []"
Scott McTominay,315969,€40.00m,"May 29, 2026","Dec 8, 1996",29,1.93,Scotland,"['England', 'Scotland']",Central Midfield,"                    0
0  Attacking Midfield
1  Defensive Midfield",Napoli,,,"Aug 30, 2024","Jun 30, 2028",,"Empty DataFrame
Columns: [Season, Date, Left, Joined, MV, Fee]
Index: []"
Sergio Gómez,366930,€15.00m,"Jun 5, 2026","Sep 4, 2000",26,1.73,Spain,['Spain'],Left-Back,"               0
0  Left Midfield
1    Left Winger",Real Sociedad,,,"Jul 12, 2024","Jun 30, 2030",,"Empty DataFrame
Columns: [Season, Date, Left, Joined, MV, Fee]
Index: []"
Dennis Praet,129588,€1.50m,"Jun 4, 2026","May 14, 1994",32,1.8,Belgium,[],Central Midfield,,KV Mechelen,,,"Jul 16, 2026","Jun 30, 2028",,"Empty DataFrame
Columns: [Season, Date, Left, Joined, MV, Fee]
Index: []"
Deniz Undav,339314,€22.00m,"May 27, 2026","Jul 19, 1996",30,1.78,Germany,['Germany'],Centre-Forward,"                0
0  Second Striker",Stuttgart,,,"Aug 9, 2024","Jun 30, 2029",,"Empty DataFrame
Columns: [Season, Date, Left, Joined, MV, Fee]
Index: []"
Alfie Gilchrist,790992,€3.50m,"May 28, 2026","Nov 28, 2003",22,1.83,England,['England'],Right-Back,"             0
0  Centre-Back",Leyton Orient,,,"Aug 11, 2026","Jun 30, 2027",,"Empty DataFrame
Columns: [Season, Date, Left, Joined, MV, Fee]
Index: []"
Charlie McNeill,614262,€800k,"May 28, 2026","Sep 9, 2003",23,1.8,England,"['England', 'Ireland']",Centre-Forward,"              0
0  Right Winger",Crewe Alexandra,,,"Aug 13, 2026","Jun 30, 2027",,"Empty DataFrame
Columns: [Season, Date, Left, Joined, MV, Fee]
Index: []"
Hamed Traoré,391065,€15.00m,"Jun 1, 2026","Feb 16, 2000",26,1.78,Cote d'Ivoire,[],Left Winger,,Genoa,,,"Jul 17, 2026","Jun 30, 2027",,"Empty DataFrame
Columns: [Season, Date, Left, Joined, MV, Fee]
Index: []"
Kieran Trippier,95810,€1.50m,"Jun 3, 2026","Sep 19, 1990",35,1.73,England,[],Right-Back,,Wolves,,,"Jul 1, 2026","Jun 30, 2028",,"Empty DataFrame
Columns: [Season, Date, Left, Joined, MV, Fee]
Index: []"
Armstrong Oko-Flex,531461,€1.50m,"Sep 7, 2026","Mar 2, 2002",24,1.8,Ireland,"['England', 'Ireland']",Left Winger,"                0
0    Right Winger
1  Centre-Forward",Levski Sofia,,,"Jan 14, 2026","Dec 31, 2028",,"Empty DataFrame
Columns: [Season, Date, Left, Joined, MV, Fee]
Index: []"
Jack Wells-Morrison,814811,,,"Feb 18, 2004",22,1.8,England,[],Central Midfield,,Wealdstone,,,"Mar 21, 2026","Jun 30, 2027",,"Empty DataFrame
Columns: [Season, Date, Left, Joined, MV, Fee]
Index: []"
David Raya,262749,€30.00m,"Jun 3, 2026","Sep 15, 1995",30,1.85,Spain,['Spain'],Goalkeeper,,Arsenal,,,"Jul 4, 2024","Jun 30, 2028",,"Empty DataFrame
Columns: [Season, Date, Left, Joined, MV, Fee]
Index: []"
Danny Ward,203026,€600k,"May 28, 2026","Jun 22, 1993",33,1.91,Wales,['Wales'],Goalkeeper,,Wrexham,,,"Jul 1, 2025","Jun 30, 2027",,"Empty DataFrame
Columns: [Season, Date, Left, Joined, MV, Fee]
Index: []"
Brandon Williams,507700,€800k,"Apr 9, 2026","Sep 3, 2000",26,1.8,England,[],Left-Back,,Without Club,Hull City,"Feb 3, 2026",,,,"Empty DataFrame
Columns: [Season, Date, Left, Joined, MV, Fee]
Index: []"
Alexander Isak,349066,€85.00m,"Jun 3, 2026","Sep 21, 1999",26,1.91,Sweden,"['Eritrea', 'Sweden']",Centre-Forward,,Liverpool,,,"Sep 1, 2025","Jun 30, 2031",,"Empty DataFrame
Columns: [Season, Date, Left, Joined, MV, Fee]
Index: []"
Emmanuel Dennis,448854,€1.20m,"May 25, 2026","Nov 15, 1997",28,1.75,Nigeria,['Nigeria'],Centre-Forward,"              0
0   Left Winger
1  Right Winger",Bröndby IF,,,"Jan 22, 2026","Jun 30, 2028",,"Empty DataFrame
Columns: [Season, Date, Left, Joined, MV, Fee]
Index: []"
Rob Holding,253341,€3.00m,"Jun 2, 2026","Sep 20, 1995",30,1.88,England,['England'],Centre-Back,"            0
0  Right-Back",Colorado,,,"Aug 3, 2025","Dec 31, 2026",,"Empty DataFrame
Columns: [Season, Date, Left, Joined, MV, Fee]
Index: []"
Scott Carson,14555,,,"Sep 3, 1985",41,1.88,England,['England'],Goalkeeper,,Retired,Man City,"Oct 23, 2025",,,,"Empty DataFrame
Columns: [Season, Date, Left, Joined, MV, Fee]
Index: []"
Neeskens Kebano,111422,,,"Mar 10, 1992",34,1.7,DR Congo,"['DR Congo', 'France']",Left Winger,"                    0
0  Attacking Midfield
1        Right Winger",Without Club,Qadsia SC,"Jul 1, 2026",,,,"Empty DataFrame
Columns: [Season, Date, Left, Joined, MV, Fee]
Index: []"
Sepp van den Berg,541231,€32.00m,"Jun 3, 2026","Dec 20, 2001",24,1.93,Netherlands,['Netherlands'],Centre-Back,"            0
0  Right-Back",Brentford,,,"Aug 22, 2024","Jun 30, 2029",,"Empty DataFrame
Columns: [Season, Date, Left, Joined, MV, Fee]
Index: []"
Harrison Ashby,559130,€1.20m,"May 12, 2026","Nov 14, 2001",24,1.78,Scotland,[],Right-Back,,Luton,,,"Jul 9, 2026","May 31, 2027",,"Empty DataFrame
Columns: [Season, Date, Left, Joined, MV, Fee]
Index: []"
Andrew Robertson,234803,€7.00m,"Jun 3, 2026","Mar 11, 1994",32,1.78,Scotland,['Scotland'],Left-Back,"               0
0  Left Midfield",Tottenham,,,"Jul 1, 2026","Jun 30, 2030",,"Empty DataFrame
Columns: [Season, Date, Left, Joined, MV, Fee]
Index: []"
Marc Guéhi,392757,€70.00m,"Jun 3, 2026","Jul 13, 2000",26,1.83,England,"[""Cote d'Ivoire"", 'England']",Centre-Back,"                    0
0  Defensive Midfield",Man City,,,"Jan 19, 2026","Jun 30, 2031",,"Empty DataFrame
Columns: [Season, Date, Left, Joined, MV, Fee]
Index: []"
Neeskens Kebano,111422,,,"Mar 10, 1992",34,1.7,DR Congo,[],Left Winger,,Without Club,Qadsia SC,"Jul 1, 2026",,,,"Empty DataFrame
Columns: [Season, Date, Left, Joined, MV, Fee]
Index: []"
Kalidou Koulibaly,93128,€4.50m,"Jun 4, 2026","Jun 20, 1991",35,1.85,Senegal,"['Senegal', 'France']",Centre-Back,,Al-Hilal,,,"Jul 1, 2023","Jun 30, 2027",,"Empty DataFrame
Columns: [Season, Date, Left, Joined, MV, Fee]
Index: []"
Gavin Bazunu,585550,€8.00m,"May 28, 2026","Feb 20, 2002",24,1.88,Ireland,"['Ireland', 'Nigeria']",Goalkeeper,,Bolton,,,"Aug 28, 2026","Jun 30, 2029",,"Empty DataFrame
Columns: [Season, Date, Left, Joined, MV, Fee]
Index: []"
Kristian Sekularac,539810,€150k,"Jun 5, 2026","Dec 7, 2003",22,1.88,Switzerland,"['England', 'Switzerland']",Attacking Midfield,"                0
0  Second Striker
1    Right Winger",Zelez. Pancevo,,,"Oct 30, 2025","Jun 30, 2028",,"Empty DataFrame
Columns: [Season, Date, Left, Joined, MV, Fee]
Index: []"
Nathan Bishop,495033,€350k,"May 12, 2026","Oct 15, 1999",26,1.85,England,['England'],Goalkeeper,,AFC Wimbledon,,,"Jul 1, 2025","Jun 30, 2028",,"Empty DataFrame
Columns: [Season, Date, Left, Joined, MV, Fee]
Index: []"
Heung-min Son,91845,€15.00m,"Jun 2, 2026","Jul 8, 1992",34,1.83,"Korea, South","['Korea, South']",Left Winger,"                0
0  Centre-Forward
1  Second Striker",LAFC,,,"Aug 6, 2025","Dec 31, 2027",,"Empty DataFrame
Columns: [Season, Date, Left, Joined, MV, Fee]
Index: []"
Callum Hudson-Odoi,392768,€30.00m,"Jun 3, 2026","Nov 7, 2000",25,1.78,England,[],Left Winger,,Nott'm Forest,,,"Sep 1, 2023","Jun 30, 2028",,"Empty DataFrame
Columns: [Season, Date, Left, Joined, MV, Fee]
Index: []"
Pape Matar Sarr,568693,€30.00m,"Jun 3, 2026","Sep 14, 2002",23,1.85,Senegal,['Senegal'],Central Midfield,"                    0
0  Defensive Midfield",Juventus,,,"Sep 1, 2026","Jun 30, 2027",,"Empty DataFrame
Columns: [Season, Date, Left, Joined, MV, Fee]
Index: []"
Daniel Iversen,260841,€2.50m,"May 28, 2026","Jul 19, 1997",29,1.93,Denmark,['Denmark'],Goalkeeper,,Preston,,,"Jul 1, 2025","Jun 30, 2029",,"Empty DataFrame
Columns: [Season, Date, Left, Joined, MV, Fee]
Index: []"
Dan Chesters,561452,€75k,"May 15, 2026","Apr 4, 2002",24,1.78,England,['England'],Right Midfield,"                    0
0    Central Midfield
1  Attacking Midfield",Wealdstone,,,"Jul 22, 2026",-,,"Empty DataFrame
Columns: [Season, Date, Left, Joined, MV, Fee]
Index: []"
Séamus Coleman,68390,€200k,"Jun 3, 2026","Oct 11, 1988",37,1.78,Ireland,[],Right-Back,,Without Club,Everton,"Jul 1, 2026",,,,"Empty DataFrame
Columns: [Season, Date, Left, Joined, MV, Fee]
Index: []"
Kai Havertz,309400,€55.00m,"Jun 3, 2026","Jun 11, 1999",27,1.93,Germany,[],Centre-Forward,,Arsenal,,,"Jul 1, 2023","Jun 30, 2028",,"Empty DataFrame
Columns: [Season, Date, Left, Joined, MV, Fee]
Index: []"
Joël Matip,82105,,,N/A (35),35,1.96,Cameroon,[],Centre-Back,,Retired,Liverpool,"Jul 1, 2024",,,,"Empty DataFrame
Columns: [Season, Date, Left, Joined, MV, Fee]
Index: []"
Łukasz Fabiański,29692,,,"Apr 18, 1985",41,1.91,Poland,[],Goalkeeper,,Retired,West Ham,"Jul 1, 2026",,,,"Empty DataFrame
Columns: [Season, Date, Left, Joined, MV, Fee]
Index: []"
Karl Hein,493513,€3.00m,"May 27, 2026","Apr 13, 2002",24,1.93,Estonia,[],Goalkeeper,,Werder Bremen,,,"Jul 1, 2026","Jun 30, 2030",,"Empty DataFrame
Columns: [Season, Date, Left, Joined, MV, Fee]
Index: []"
Hee-chan Hwang,292246,€6.00m,"Jun 3, 2026","Jan 26, 1996",30,1.78,"Korea, South","['Korea, South']",Centre-Forward,"              0
0   Left Winger
1  Right Winger",FC Schalke 04,,,"Sep 1, 2026","Jun 30, 2027",,"Empty DataFrame
Columns: [Season, Date, Left, Joined, MV, Fee]
Index: []"
Rodrigo Bentancur,354362,€20.00m,"Jun 3, 2026","Jun 25, 1997",29,1.88,Uruguay,[],Defensive Midfield,,Tottenham,,,"Jan 31, 2022","Jun 30, 2029",,"Empty DataFrame
Columns: [Season, Date, Left, Joined, MV, Fee]
Index: []"
Arthur Melo,362842,€4.00m,"May 26, 2026","Aug 12, 1996",30,1.73,Brazil,[],Defensive Midfield,,Santos,,,"Aug 31, 2026","Dec 31, 2026",,"Empty DataFrame
Columns: [Season, Date, Left, Joined, MV, Fee]
Index: []"
Manor Solomon,396638,€8.00m,"May 29, 2026","Jul 24, 1999",27,1.7,Israel,"['Portugal', 'Israel']",Left Winger,"                    0
0        Right Winger
1  Attacking Midfield",West Ham,,,"Aug 10, 2026","Jun 30, 2029",,"Empty DataFrame
Columns: [Season, Date, Left, Joined, MV, Fee]
Index: []"
Tom Heaton,34130,€100k,"Jun 3, 2026","Apr 15, 1986",40,1.88,England,['England'],Goalkeeper,,Man Utd,,,"Jul 2, 2021","Jun 30, 2027",,"Empty DataFrame
Columns: [Season, Date, Left, Joined, MV, Fee]
Index: []"
Matthew Craig,633659,€250k,"Dec 17, 2025","Apr 16, 2003",23,1.83,Scotland,"['England', 'Scotland']",Defensive Midfield,"                    0
0  Defensive Midfield
1  Attacking Midfield",Port Vale,,,"Jul 1, 2026","Jun 30, 2029",,"Empty DataFrame
Columns: [Season, Date, Left, Joined, MV, Fee]
Index: []"
Luka Milivojevic,74300,€600k,"May 26, 2026","Apr 7, 1991",35,1.83,Serbia,"['Jugoslawien (SFR)', 'Serbia']",Defensive Midfield,"                  0
0  Central Midfield",Without Club,Al-Nasr,"Jul 1, 2026",,,,"Empty DataFrame
Columns: [Season, Date, Left, Joined, MV, Fee]
Index: []"
Cameron Peupion,703626,€450k,"May 21, 2026","Sep 23, 2002",23,1.75,Australia,[],Left Winger,,ADO Den Haag,,,"Jan 31, 2025","Jun 30, 2027",,"Empty DataFrame
Columns: [Season, Date, Left, Joined, MV, Fee]
Index: []"
Ryan Bertrand,40611,,,"Aug 5, 1989",37,1.78,England,[],Left-Back,,Retired,Leicester,"Jul 1, 2023",,,,"Empty DataFrame
Columns: [Season, Date, Left, Joined, MV, Fee]
Index: []"
James Tarkowski,173504,€5.00m,"Jun 3, 2026","Nov 19, 1992",33,1.85,England,"['England', 'Poland']",Centre-Back,,Everton,,,"Jul 2, 2022","Jun 30, 2028",,"Empty DataFrame
Columns: [Season, Date, Left, Joined, MV, Fee]
Index: []"
Flynn Downes,506189,€10.00m,"May 28, 2026","Jan 20, 1999",27,1.78,England,['England'],Defensive Midfield,"                    0
0    Central Midfield
1  Attacking Midfield",Southampton,,,"Jul 16, 2024","Jun 30, 2028",,"Empty DataFrame
Columns: [Season, Date, Left, Joined, MV, Fee]
Index: []"
Cody Drameh,531957,€3.00m,"May 28, 2026","Dec 8, 2001",24,1.8,England,"['The Gambia', 'England']",Right-Back,"                0
0  Right Midfield
1       Left-Back",Genoa,,,"Sep 1, 2026",-,,"Empty DataFrame
Columns: [Season, Date, Left, Joined, MV, Fee]
Index: []"
Bashir Humphreys,612517,€12.00m,"Jun 3, 2026","Mar 15, 2003",23,1.85,England,"['England', 'Uganda']",Centre-Back,"            0
0   Left-Back
1  Right-Back",Burnley,,,"Jul 1, 2025","Jun 30, 2029",,"Empty DataFrame
Columns: [Season, Date, Left, Joined, MV, Fee]
Index: []"
Esapa Osong,921532,€150k,"May 15, 2026","Sep 21, 2004",21,,England,"['England', 'Cameroon']",Centre-Forward,,Without Club,Nottingham U21,"Jul 1, 2026",,,,"Empty DataFrame
Columns: [Season, Date, Left, Joined, MV, Fee]
Index: []"
Kortney Hause,233124,€500k,"Apr 9, 2026","Jul 16, 1995",31,1.91,England,[],Centre-Back,,Without Club,Aston Villa,"Jul 1, 2025",,,,"Empty DataFrame
Columns: [Season, Date, Left, Joined, MV, Fee]
Index: []"
Youri Tielemans,249565,€40.00m,"Jul 22, 2026","May 7, 1997",29,1.75,Belgium,"['DR Congo', 'Belgium']",Central Midfield,"                    0
0  Defensive Midfield
1  Attacking Midfield",Man Utd,,,"Jul 14, 2026","Jun 30, 2031",,"Empty DataFrame
Columns: [Season, Date, Left, Joined, MV, Fee]
Index: []"
Mason Holgate,348623,€2.00m,"May 14, 2026","Oct 22, 1996",29,1.88,Jamaica,[],Centre-Back,,Al-Gharafa,,,"Jul 12, 2025","Jun 30, 2027",,"Empty DataFrame
Columns: [Season, Date, Left, Joined, MV, Fee]
Index: []"
Radek Vítek,622236,€6.00m,"May 28, 2026","Oct 24, 2003",22,1.98,Czech Republic,['Czech Republic'],Goalkeeper,,Middlesbrough,,,"Aug 8, 2026",-,,"Empty DataFrame
Columns: [Season, Date, Left, Joined, MV, Fee]
Index: []"
Jordan Zemura,633530,€5.00m,"May 29, 2026","Nov 14, 1999",26,1.73,Zimbabwe,"['England', 'Zimbabwe']",Left-Back,"               0
0  Left Midfield",Watford,,,"Aug 2, 2026","Jun 30, 2027",,"Empty DataFrame
Columns: [Season, Date, Left, Joined, MV, Fee]
Index: []"
Charles Sagoe Jr,796037,€1.50m,"Jun 29, 2026","Jul 24, 2004",22,1.7,England,"['England', 'Ghana']",Left Winger,"                    0
0        Right Winger
1  Attacking Midfield",Kalmar FF,,,"Feb 10, 2026","Dec 31, 2026",,"Empty DataFrame
Columns: [Season, Date, Left, Joined, MV, Fee]
Index: []"
Zach Abbott,933017,€4.00m,"Jun 3, 2026","May 13, 2006",20,1.88,England,[],Centre-Back,,Southampton,,,"Sep 1, 2026","Jun 30, 2027",,"Empty DataFrame
Columns: [Season, Date, Left, Joined, MV, Fee]
Index: []"
Morgan Gibbs-White,429014,€70.00m,"Jun 3, 2026","Jan 27, 2000",26,1.8,England,[],Attacking Midfield,,Nott'm Forest,,,"Aug 19, 2022","Jun 30, 2028",,"Empty DataFrame
Columns: [Season, Date, Left, Joined, MV, Fee]
Index: []"
Joseph Anang,576099,€350k,"Jun 5, 2026","Jun 8, 2000",26,1.91,Ghana,[],Goalkeeper,,St. Pat's,,,"Jul 1, 2024","Nov 30, 2026",,"Empty DataFrame
Columns: [Season, Date, Left, Joined, MV, Fee]
Index: []"
Aaron Hickey,591949,€16.00m,"Jun 3, 2026","Jun 10, 2002",24,1.85,Scotland,[],Right-Back,,Brentford,,,"Jul 9, 2022","Jun 30, 2028",,"Empty DataFrame
Columns: [Season, Date, Left, Joined, MV, Fee]
Index: []"
Auston Trusty,389253,€6.00m,"May 20, 2026","Aug 12, 1998",28,1.91,United States,[],Centre-Back,,Celtic,,,"Aug 30, 2024","Jun 30, 2029",,"Empty DataFrame
Columns: [Season, Date, Left, Joined, MV, Fee]
Index: []"
Nayef Aguerd,361914,€15.00m,"Jun 1, 2026","Mar 30, 1996",30,1.91,Morocco,[],Centre-Back,,Marseille,,,"Sep 1, 2025","Jun 30, 2030",,"Empty DataFrame
Columns: [Season, Date, Left, Joined, MV, Fee]
Index: []"
Jed Steer,110867,,,"Sep 23, 1992",33,1.83,England,"['England', 'Scotland']",Goalkeeper,,Retired,Peterborough,"Oct 27, 2025",,,,"Empty DataFrame
Columns: [Season, Date, Left, Joined, MV, Fee]
Index: []"
John-Kymani Gordon,659331,€150k,"May 15, 2026","Feb 13, 2003",23,1.8,England,"['England', 'Jamaica']",Left Winger,"                    0
0  Attacking Midfield
1        Right Winger",Without Club,Colchester Utd.,"Jul 1, 2026",,,,"Empty DataFrame
Columns: [Season, Date, Left, Joined, MV, Fee]
Index: []"
Wilfried Zaha,145988,€3.50m,"Jun 2, 2026","Nov 10, 1992",33,1.8,Cote d'Ivoire,"[""Cote d'Ivoire"", 'England']",Left Winger,"                0
0    Right Winger
1  Centre-Forward",Without Club,Galatasaray,"Jul 1, 2026",,,,"Empty DataFrame
Columns: [Season, Date, Left, Joined, MV, Fee]
Index: []"
Boubacar Kamara,394327,€40.00m,"Jun 3, 2026","Nov 23, 1999",26,1.83,France,"['Senegal', 'France']",Defensive Midfield,"                  0
0       Centre-Back
1  Central Midfield",Aston Villa,,,"Jul 1, 2022","Jun 30, 2030",,"Empty DataFrame
Columns: [Season, Date, Left, Joined, MV, Fee]
Index: []"
Tim Ream,145466,€150k,"Jun 2, 2026","Oct 5, 1987",38,1.85,United States,['United States'],Centre-Back,"           0
0  Left-Back",Charlotte,,,"Aug 7, 2024","Dec 31, 2026",,"Empty DataFrame
Columns: [Season, Date, Left, Joined, MV, Fee]
Index: []"
Diego Llorente,246291,€2.50m,"Jun 5, 2026","Aug 16, 1993",33,1.85,Spain,['Spain'],Centre-Back,"                    0
0  Defensive Midfield",Real Betis,,,"Jul 9, 2024","Jun 30, 2028",,"Empty DataFrame
Columns: [Season, Date, Left, Joined, MV, Fee]
Index: []"
Abdoulaye Doucouré,127187,€5.00m,"Jun 4, 2026","Jan 1, 1993",33,1.83,Mali,"['France', 'Mali']",Attacking Midfield,"                    0
0  Defensive Midfield
1    Central Midfield",Without Club,NEOM SC,"Jul 1, 2026",,,,"Empty DataFrame
Columns: [Season, Date, Left, Joined, MV, Fee]
Index: []"
Jack Wells-Morrison,814811,,,"Feb 18, 2004",22,1.8,England,['England'],Central Midfield,"                    0
0  Defensive Midfield
1  Attacking Midfield",Wealdstone,,,"Mar 21, 2026","Jun 30, 2027",,"Empty DataFrame
Columns: [Season, Date, Left, Joined, MV, Fee]
Index: []"
Alex Iwobi,242631,€20.00m,"Jun 3, 2026","May 3, 1996",30,1.83,Nigeria,"['England', 'Nigeria']",Defensive Midfield,"              0
0   Left Winger
1  Right Winger",Fulham,,,"Sep 1, 2023","Jun 30, 2028",,"Empty DataFrame
Columns: [Season, Date, Left, Joined, MV, Fee]
Index: []"
Philippe Coutinho,80444,€2.50m,"Apr 9, 2026","Jun 12, 1992",34,1.73,Brazil,[],Attacking Midfield,,Without Club,Vasco da Gama,"Feb 20, 2026",,,,"Empty DataFrame
Columns: [Season, Date, Left, Joined, MV, Fee]
Index: []"
Connor Ronan,337787,€1.20m,"Jun 2, 2026","Mar 6, 1998",28,1.7,Ireland,"['England', 'Ireland']",Central Midfield,"                    0
0  Defensive Midfield
1  Attacking Midfield",Aberdeen FC,,,"Jul 1, 2026","Jun 30, 2028",,"Empty DataFrame
Columns: [Season, Date, Left, Joined, MV, Fee]
Index: []"
Ryan Fraser,146795,€1.50m,"May 28, 2026","Feb 24, 1994",32,1.63,Scotland,[],Left Winger,,Macarthur,,,"Aug 31, 2026","Jun 30, 2027",,"Empty DataFrame
Columns: [Season, Date, Left, Joined, MV, Fee]
Index: []"
Ryan Sessegnon,392775,€22.00m,"Jun 3, 2026","May 18, 2000",26,1.78,England,['England'],Left-Back,"               0
0  Left Midfield
1    Left Winger",Fulham,,,"Jul 26, 2024","Jun 30, 2027",,"Empty DataFrame
Columns: [Season, Date, Left, Joined, MV, Fee]
Index: []"
Lucas Moura,77100,€2.00m,"May 26, 2026","Aug 13, 1992",34,1.73,Brazil,[],Right Winger,,São Paulo,,,"Aug 2, 2023","Dec 31, 2026",,"Empty DataFrame
Columns: [Season, Date, Left, Joined, MV, Fee]
Index: []"
Juan Larios,646738,€1.20m,"Jun 22, 2026","Jan 12, 2004",22,1.7,Spain,['Spain'],Left-Back,,Eldense,,,"Sep 3, 2026","Jun 30, 2028",,"Empty DataFrame
Columns: [Season, Date, Left, Joined, MV, Fee]
Index: []"
Marcos Senesi,469781,€25.00m,"Jun 3, 2026","May 10, 1997",29,1.83,Argentina,"['Argentina', 'Italy']",Centre-Back,,Tottenham,,,"Jul 1, 2026","Jun 30, 2030",,"Empty DataFrame
Columns: [Season, Date, Left, Joined, MV, Fee]
Index: []"
Lino Sousa,743414,€700k,"May 12, 2026","Jan 19, 2005",21,1.85,England,[],Left-Back,,Shrewsbury,,,"Aug 31, 2026","Jun 30, 2027",,"Empty DataFrame
Columns: [Season, Date, Left, Joined, MV, Fee]
Index: []"
Rico Henry,339556,€13.00m,"Jun 3, 2026","Jul 8, 1997",29,1.7,Jamaica,[],Left-Back,,Brentford,,,"Aug 31, 2016","Jun 30, 2027",,"Empty DataFrame
Columns: [Season, Date, Left, Joined, MV, Fee]
Index: []"
Calvin Ramsay,633652,€1.50m,"Jun 3, 2026","Jul 31, 2003",23,1.85,Scotland,['Scotland'],Right-Back,"                0
0  Right Midfield",St. Mirren,,,"Aug 25, 2026","May 31, 2027",,"Empty DataFrame
Columns: [Season, Date, Left, Joined, MV, Fee]
Index: []"
Ethan Ampadu,392771,€30.00m,"Jun 3, 2026","Sep 14, 2000",25,1.83,Wales,"['England', 'Wales']",Defensive Midfield,"             0
0  Centre-Back",Leeds,,,"Jul 19, 2023","Jun 30, 2030",,"Empty DataFrame
Columns: [Season, Date, Left, Joined, MV, Fee]
Index: []"
Phil Jones,117996,,,"Feb 21, 1992",34,1.85,England,['England'],Centre-Back,"                    0
0  Defensive Midfield
1          Right-Back",Retired,Man Utd,"Mar 8, 2024",,,,"Empty DataFrame
Columns: [Season, Date, Left, Joined, MV, Fee]
Index: []"
Neal Maupay,217115,€4.00m,"Jun 5, 2026","Aug 14, 1996",30,1.7,France,"['Argentina', 'France']",Centre-Forward,"                0
0  Second Striker",Marseille,,,"Jul 1, 2025","Jun 30, 2028",,"Empty DataFrame
Columns: [Season, Date, Left, Joined, MV, Fee]
Index: []"
João Moutinho,29364,€500k,"May 28, 2026","Sep 8, 1986",40,1.7,Portugal,['Portugal'],Central Midfield,"                    0
0  Attacking Midfield",Braga,,,"Aug 25, 2023","Jun 30, 2027",,"Empty DataFrame
Columns: [Season, Date, Left, Joined, MV, Fee]
Index: []"
Marek Rodák,186901,€2.80m,"Jun 4, 2026","Dec 13, 1996",29,1.93,Slovakia,[],Goalkeeper,,Al-Ettifaq,,,"Jul 26, 2024","Jun 30, 2027",,"Empty DataFrame
Columns: [Season, Date, Left, Joined, MV, Fee]
Index: []"
Cristian Romero,355915,€50.00m,"Jul 22, 2026","Apr 27, 1998",28,1.85,Argentina,[],Centre-Back,,Atlético,,,"Aug 15, 2026","Jun 30, 2031",,"Empty DataFrame
Columns: [Season, Date, Left, Joined, MV, Fee]
Index: []"
Facundo Pellistri,676318,€5.00m,"Jun 4, 2026","Dec 20, 2001",24,1.75,Uruguay,[],Right Winger,,Panathinaikos,,,"Aug 21, 2024","Jun 30, 2028",,"Empty DataFrame
Columns: [Season, Date, Left, Joined, MV, Fee]
Index: []"
Connor Ronan,337787,€1.20m,"Jun 2, 2026","Mar 6, 1998",28,1.7,Ireland,[],Central Midfield,,Aberdeen FC,,,"Jul 1, 2026","Jun 30, 2028",,"Empty DataFrame
Columns: [Season, Date, Left, Joined, MV, Fee]
Index: []"
Stefan Bajcetic,864799,€4.00m,"Jun 3, 2026","Oct 22, 2004",21,1.85,Spain,[],Defensive Midfield,,Celta Fortuna,,,"Aug 31, 2026","Jun 30, 2029",,"Empty DataFrame
Columns: [Season, Date, Left, Joined, MV, Fee]
Index: []"
Davinson Sánchez,341429,€16.00m,"May 21, 2026","Jun 12, 1996",30,1.88,Colombia,['Colombia'],Centre-Back,,Galatasaray,,,"Sep 4, 2023","Jun 30, 2029",,"Empty DataFrame
Columns: [Season, Date, Left, Joined, MV, Fee]
Index: []"
Saša Lukić,245056,€10.00m,"Jun 3, 2026","Aug 13, 1996",30,1.83,Serbia,[],Central Midfield,,Ipswich,,,"Aug 8, 2026","Jun 30, 2030",,"Empty DataFrame
Columns: [Season, Date, Left, Joined, MV, Fee]
Index: []"
Jack Stephens,163744,€1.00m,"May 28, 2026","Jan 27, 1994",32,1.85,England,[],Centre-Back,,Southampton,,,"Jul 1, 2013","Jun 30, 2028",,"Empty DataFrame
Columns: [Season, Date, Left, Joined, MV, Fee]
Index: []"
Javier Manquillo,162029,,,"May 5, 1994",32,1.78,Spain,['Spain'],Right-Back,"             0
0    Left-Back
1  Centre-Back",Retired,Celta de Vigo,"Jul 1, 2025",,,,"Empty DataFrame
Columns: [Season, Date, Left, Joined, MV, Fee]
Index: []"
James Milner,3333,,,"Jan 4, 1986",40,1.75,England,[],Central Midfield,,Retired,Brighton,"Jul 1, 2026",,,,"Empty DataFrame
Columns: [Season, Date, Left, Joined, MV, Fee]
Index: []"
Julián Alvarez,576024,€120.00m,"Jul 22, 2026","Jan 31, 2000",26,1.7,Argentina,[],Centre-Forward,,Atlético,,,"Aug 12, 2024","Jun 30, 2030",,"Empty DataFrame
Columns: [Season, Date, Left, Joined, MV, Fee]
Index: []"
Tyler Roberts,296986,€800k,"May 12, 2026","Jan 12, 1999",27,1.8,Wales,"['England', 'Wales']",Second Striker,"                    0
0      Centre-Forward
1  Attacking Midfield",Mansfield Town,,,"Feb 2, 2026","Jun 30, 2027",,"Empty DataFrame
Columns: [Season, Date, Left, Joined, MV, Fee]
Index: []"
Brandon Austin,428016,€500k,"Jun 3, 2026","Jan 8, 1999",27,1.88,England,"['England', 'United States']",Goalkeeper,,Tottenham,,,"Aug 1, 2021","Jun 30, 2029",,"Empty DataFrame
Columns: [Season, Date, Left, Joined, MV, Fee]
Index: []"
Marquinhos,668268,€2.50m,"May 26, 2026","Apr 7, 2003",23,1.75,Brazil,[],Right Winger,,Cruzeiro,,,"Jul 1, 2025","Dec 31, 2028",,"Empty DataFrame
Columns: [Season, Date, Left, Joined, MV, Fee]
Index: []"
Junior Firpo,374139,€3.50m,"Jun 5, 2026","Aug 22, 1996",30,1.83,Dominican Republic,[],Left-Back,,Real Betis,,,"Jul 17, 2025","Jun 30, 2028",,"Empty DataFrame
Columns: [Season, Date, Left, Joined, MV, Fee]
Index: []"
Marc Guéhi,392757,€70.00m,"Jun 3, 2026","Jul 13, 2000",26,1.83,England,[],Centre-Back,,Man City,,,"Jan 19, 2026","Jun 30, 2031",,"Empty DataFrame
Columns: [Season, Date, Left, Joined, MV, Fee]
Index: []"
Harvey Barnes,398065,€32.00m,"Jun 3, 2026","Dec 9, 1997",28,1.83,England,"['England', 'Scotland']",Left Winger,"                    0
0       Left Midfield
1  Attacking Midfield",Newcastle,,,"Jul 23, 2023",-,,"Empty DataFrame
Columns: [Season, Date, Left, Joined, MV, Fee]
Index: []"
Yago Santiago,706947,€1.00m,"Jun 5, 2026","Apr 15, 2003",23,1.8,Spain,['Spain'],Left Winger,"                    0
0  Attacking Midfield
1        Right Winger",Elche CF,,,"Jul 30, 2024","Jun 30, 2027",,"Empty DataFrame
Columns: [Season, Date, Left, Joined, MV, Fee]
Index: []"
Stefan Parkes,657724,,,"Mar 28, 2004",22,,England,[],Left-Back,,Hemel,,,"Aug 7, 2026",-,,"Empty DataFrame
Columns: [Season, Date, Left, Joined, MV, Fee]
Index: []"
Eddie Nketiah,340324,€10.00m,"Jun 3, 2026","May 30, 1999",27,1.75,England,[],Centre-Forward,,Crystal Palace,,,"Aug 30, 2024","Jun 30, 2029",,"Empty DataFrame
Columns: [Season, Date, Left, Joined, MV, Fee]
Index: []"
Will Dennis,582078,€325k,"May 12, 2026","Jul 10, 2000",26,1.88,England,[],Goalkeeper,,MK Dons,,,"Aug 26, 2026",-,,"Empty DataFrame
Columns: [Season, Date, Left, Joined, MV, Fee]
Index: []"
Hugo Bueno,698678,€12.00m,"Jun 3, 2026","Sep 18, 2002",23,1.8,Spain,['Spain'],Left-Back,"               0
0  Left Midfield",Wolves,,,"Jul 1, 2022","Jun 30, 2028",,"Empty DataFrame
Columns: [Season, Date, Left, Joined, MV, Fee]
Index: []"
Allan,126422,€1.00m,"May 26, 2026","Jan 8, 1991",35,1.75,Brazil,"['Portugal', 'Brazil']",Defensive Midfield,"                  0
0  Central Midfield",Botafogo,,,"Jul 10, 2024","Dec 31, 2026",,"Empty DataFrame
Columns: [Season, Date, Left, Joined, MV, Fee]
Index: []"
Lewis Warrington,652979,€250k,"May 15, 2026","Oct 10, 2002",23,1.83,England,['England'],Central Midfield,"                    0
0  Defensive Midfield
1  Attacking Midfield",Tranmere,,,"Feb 1, 2026","Jun 30, 2028",,"Empty DataFrame
Columns: [Season, Date, Left, Joined, MV, Fee]
Index: []"
Noni Madueke,503987,€50.00m,"Jun 3, 2026","Mar 10, 2002",24,1.83,England,[],Right Winger,,Arsenal,,,"Jul 18, 2025","Jun 30, 2030",,"Empty DataFrame
Columns: [Season, Date, Left, Joined, MV, Fee]
Index: []"
Ishé Samuels-Smith,922698,€700k,"May 28, 2026","Jun 5, 2006",20,1.85,England,"['England', 'Jamaica']",Left-Back,"               0
0    Centre-Back
1  Left Midfield",Notts County,,,"Aug 11, 2026","May 31, 2027",,"Empty DataFrame
Columns: [Season, Date, Left, Joined, MV, Fee]
Index: []"
Willy Caballero,19948,,,"Sep 28, 1981",44,1.85,Argentina,[],Goalkeeper,,Retired,Southampton,"Jul 1, 2023",,,,"Empty DataFrame
Columns: [Season, Date, Left, Joined, MV, Fee]
Index: []"
Edouard Mendy,442531,€4.00m,"Jun 4, 2026","Mar 1, 1992",34,1.93,Senegal,"['Guinea-Bissau', 'Senegal', 'France']",Goalkeeper,,Al-Ahli,,,"Jul 1, 2023","Jun 30, 2028",,"Empty DataFrame
Columns: [Season, Date, Left, Joined, MV, Fee]
Index: []"
Jamaal Lascelles,183318,€800k,"May 28, 2026","Nov 11, 1993",32,1.88,England,[],Centre-Back,,Without Club,Leicester,"Jul 1, 2026",,,,"Empty DataFrame
Columns: [Season, Date, Left, Joined, MV, Fee]
Index: []"
David de Gea,59377,€3.50m,"May 29, 2026","Nov 7, 1990",35,1.93,Spain,['Spain'],Goalkeeper,,Fiorentina,,,"Aug 9, 2024","Jun 30, 2028",,"Empty DataFrame
Columns: [Season, Date, Left, Joined, MV, Fee]
Index: []"
Tayo Adaramola,724529,€800k,"May 28, 2026","Nov 14, 2003",22,1.78,Ireland,"['Ireland', 'Nigeria']",Left-Back,"               0
0  Left Midfield",Cercle Brugge,,,"Aug 17, 2026","Jun 30, 2030",,"Empty DataFrame
Columns: [Season, Date, Left, Joined, MV, Fee]
Index: []"
Lewis Brunt,533657,€800k,"May 28, 2026","Nov 6, 2000",25,1.88,England,['England'],Centre-Back,"                    0
0  Defensive Midfield
1           Left-Back",Bolton,,,"Aug 12, 2026","Jun 30, 2030",,"Empty DataFrame
Columns: [Season, Date, Left, Joined, MV, Fee]
Index: []"
Rúben Vinagre,357158,€1.50m,"Jun 4, 2026","Apr 9, 1999",27,1.75,Portugal,['Portugal'],Left Midfield,"           0
0  Left-Back",Legia Warszawa,,,"Feb 6, 2025","Jun 30, 2028",,"Empty DataFrame
Columns: [Season, Date, Left, Joined, MV, Fee]
Index: []"
Lisandro Martínez,480762,€45.00m,"Jul 22, 2026","Jan 18, 1998",28,1.75,Argentina,[],Centre-Back,,Man Utd,,,"Jul 27, 2022","Jun 30, 2027",,"Empty DataFrame
Columns: [Season, Date, Left, Joined, MV, Fee]
Index: []"
Kelechi Iheanacho,295330,€3.00m,"May 20, 2026","Oct 3, 1996",29,1.85,Nigeria,"['United Kingdom', 'Nigeria']",Centre-Forward,"                0
0  Second Striker",Bursaspor,,,"Jul 17, 2026","Jun 30, 2029",,"Empty DataFrame
Columns: [Season, Date, Left, Joined, MV, Fee]
Index: []"
Thiago Silva,29241,€500k,"May 28, 2026","Sep 22, 1984",41,1.8,Brazil,"['Brazil', 'France']",Centre-Back,,Fluminense,,,"Jul 1, 2026","Dec 31, 2026",,"Empty DataFrame
Columns: [Season, Date, Left, Joined, MV, Fee]
Index: []"
Jordan Pickford,130164,€13.00m,"Jun 3, 2026","Mar 7, 1994",32,1.85,England,[],Goalkeeper,,Everton,,,"Jul 1, 2017","Jun 30, 2029",,"Empty DataFrame
Columns: [Season, Date, Left, Joined, MV, Fee]
Index: []"
Stefan Ortega,85941,€4.00m,"Jun 3, 2026","Nov 6, 1992",33,1.85,Germany,"['Spain', 'Germany']",Goalkeeper,,Olympiacos,,,"Jul 29, 2026","Jun 30, 2027",,"Empty DataFrame
Columns: [Season, Date, Left, Joined, MV, Fee]
Index: []"
Sam Surridge,398402,€8.00m,"Jun 2, 2026","Jul 28, 1998",28,1.91,England,['England'],Centre-Forward,,Nashville,,,"Jul 25, 2023","Jun 30, 2028",,"Empty DataFrame
Columns: [Season, Date, Left, Joined, MV, Fee]
Index: []"
Kasey McAteer,621193,€10.00m,"May 28, 2026","Nov 22, 2001",24,1.78,Ireland,[],Right Midfield,,Ipswich,,,"Aug 22, 2025","Jun 30, 2029",,"Empty DataFrame
Columns: [Season, Date, Left, Joined, MV, Fee]
Index: []"
Max Kinsey,939615,,,"Feb 2, 2005",21,1.83,England,['England'],Centre-Back,,Truro City,,,"Aug 7, 2026","Jun 30, 2028",,"Empty DataFrame
Columns: [Season, Date, Left, Joined, MV, Fee]
Index: []"
Alfie Devine,728734,€8.00m,"May 28, 2026","Aug 1, 2004",22,1.83,England,[],Attacking Midfield,,Preston,,,"Jul 7, 2026","Jun 30, 2031",,"Empty DataFrame
Columns: [Season, Date, Left, Joined, MV, Fee]
Index: []"
Joe Willock,340329,€14.00m,"Jun 3, 2026","Aug 20, 1999",27,1.78,England,[],Central Midfield,,Newcastle,,,"Aug 13, 2021","Jun 30, 2027",,"Empty DataFrame
Columns: [Season, Date, Left, Joined, MV, Fee]
Index: []"
Nathan Bishop,495033,€350k,"May 12, 2026","Oct 15, 1999",26,1.85,England,[],Goalkeeper,,AFC Wimbledon,,,"Jul 1, 2025","Jun 30, 2028",,"Empty DataFrame
Columns: [Season, Date, Left, Joined, MV, Fee]
Index: []"
George Wickens,502070,€1.00m,"May 12, 2026","Nov 8, 2001",24,1.98,England,['England'],Goalkeeper,,Lincoln City,,,"Jul 20, 2024","Jun 30, 2029",,"Empty DataFrame
Columns: [Season, Date, Left, Joined, MV, Fee]
Index: []"
Federico Fernández,85475,,,"Feb 21, 1989",37,1.88,Argentina,[],Centre-Back,,Retired,Estudiantes LP,"Jan 1, 2025",,,,"Empty DataFrame
Columns: [Season, Date, Left, Joined, MV, Fee]
Index: []"
Kell Watts,484389,€600k,"May 15, 2026","Nov 3, 1999",26,1.93,England,['England'],Centre-Back,"                    0
0  Defensive Midfield",Cambridge Utd.,,,"Jul 1, 2024","Jun 30, 2027",,"Empty DataFrame
Columns: [Season, Date, Left, Joined, MV, Fee]
Index: []"
Sam Greenwood,532178,€2.00m,"Jun 4, 2026","Jan 26, 2002",24,1.8,England,[],Attacking Midfield,,Bristol City,,,"Jul 1, 2026","Jun 30, 2030",,"Empty DataFrame
Columns: [Season, Date, Left, Joined, MV, Fee]
Index: []"
Mateo Joseph,834742,€3.50m,"Jun 5, 2026","Oct 19, 2003",22,1.85,Spain,"['Spain', 'England']",Centre-Forward,"              0
0  Right Winger
1   Left Winger",Leeds,,,"Jul 1, 2023","Jun 30, 2028",,"Empty DataFrame
Columns: [Season, Date, Left, Joined, MV, Fee]
Index: []"
Kieran Tierney,300716,€8.00m,"May 20, 2026","Jun 5, 1997",29,1.8,Scotland,[],Left-Back,,Celtic,,,"Jul 1, 2025","Jun 30, 2030",,"Empty DataFrame
Columns: [Season, Date, Left, Joined, MV, Fee]
Index: []"
Ryan Christie,188077,€8.00m,"Jun 3, 2026","Feb 22, 1995",31,1.78,Scotland,['Scotland'],Central Midfield,"                    0
0  Defensive Midfield
1      Right Midfield",Bournemouth,,,"Aug 31, 2021","Jun 30, 2029",,"Empty DataFrame
Columns: [Season, Date, Left, Joined, MV, Fee]
Index: []"
Alejandro Garnacho,811779,€28.00m,"Jun 3, 2026","Jul 1, 2004",22,1.8,Argentina,"['Spain', 'Argentina']",Left Winger,"                    0
0  Attacking Midfield
1        Right Winger",Aston Villa,,,"Jul 23, 2026","Jun 30, 2027",,"Empty DataFrame
Columns: [Season, Date, Left, Joined, MV, Fee]
Index: []"
James Tomkins,61592,,,"Mar 29, 1989",37,1.93,England,['England'],Centre-Back,"            0
0  Right-Back",Retired,Crystal Palace,"Mar 24, 2025",,,,"Empty DataFrame
Columns: [Season, Date, Left, Joined, MV, Fee]
Index: []"
Matija Sarkic,293257,,,"Jul 23, 1997",1997,,Montenegro,[],Goalkeeper,,,,,,,,"Empty DataFrame
Columns: [Season, Date, Left, Joined, MV, Fee]
Index: []"
Ashley Young,14086,,,"Jul 9, 1985",41,1.75,England,"['England', 'Jamaica']",Right-Back,"               0
0      Left-Back
1  Left Midfield",Retired,Ipswich,"Jul 1, 2026",,,,"Empty DataFrame
Columns: [Season, Date, Left, Joined, MV, Fee]
Index: []"
Callum Hudson-Odoi,392768,€30.00m,"Jun 3, 2026","Nov 7, 2000",25,1.78,England,"['England', 'Ghana']",Left Winger,"                    0
0        Right Winger
1  Attacking Midfield",Nott'm Forest,,,"Sep 1, 2023","Jun 30, 2028",,"Empty DataFrame
Columns: [Season, Date, Left, Joined, MV, Fee]
Index: []"
Kyle Walker,95424,€1.50m,"Jun 3, 2026","May 28, 1990",36,1.83,England,['England'],Right-Back,"             0
0  Centre-Back",Burnley,,,"Jul 5, 2025","Jun 30, 2027",,"Empty DataFrame
Columns: [Season, Date, Left, Joined, MV, Fee]
Index: []"
Martial Godo,992686,€22.00m,"Jun 1, 2026","Mar 14, 2003",23,1.78,Cote d'Ivoire,[],Left Winger,,R. Strasbourg,,,"Sep 1, 2025","Jun 30, 2030",,"Empty DataFrame
Columns: [Season, Date, Left, Joined, MV, Fee]
Index: []"
Aaron Ramsdale,427568,€12.00m,"Jun 3, 2026","May 14, 1998",28,1.91,England,['England'],Goalkeeper,,Southampton,,,"Aug 30, 2024","Jun 30, 2028",,"Empty DataFrame
Columns: [Season, Date, Left, Joined, MV, Fee]
Index: []"
Oliver Hammond,646214,€100k,"May 15, 2026","Nov 13, 2002",23,1.78,Wales,['Wales'],Central Midfield,"                    0
0  Defensive Midfield
1  Attacking Midfield",Oldham Athletic,,,"Jan 19, 2024","Jun 30, 2027",,"Empty DataFrame
Columns: [Season, Date, Left, Joined, MV, Fee]
Index: []"
Mikkel Damsgaard,540941,€30.00m,"Jun 3, 2026","Jul 3, 2000",26,1.8,Denmark,[],Attacking Midfield,,Brentford,,,"Aug 10, 2022","Jun 30, 2030",,"Empty DataFrame
Columns: [Season, Date, Left, Joined, MV, Fee]
Index: []"
Matty Longstaff,484387,€1.50m,"Jun 2, 2026","Mar 21, 2000",26,1.7,England,['England'],Central Midfield,"                    0
0  Defensive Midfield",Montréal,,,"Aug 13, 2025","Dec 31, 2026",,"Empty DataFrame
Columns: [Season, Date, Left, Joined, MV, Fee]
Index: []"
Chem Campbell,614603,€1.00m,"May 12, 2026","Dec 30, 2002",23,1.8,Wales,"['England', 'Wales']",Left Winger,"                    0
0        Right Winger
1  Attacking Midfield",Stevenage,,,"Jul 1, 2025",-,,"Empty DataFrame
Columns: [Season, Date, Left, Joined, MV, Fee]
Index: []"
Joe Worrall,415970,€2.00m,"Jun 3, 2026","Jan 10, 1997",29,1.91,England,[],Centre-Back,,Wrexham,,,"Sep 1, 2026","Jun 30, 2028",,"Empty DataFrame
Columns: [Season, Date, Left, Joined, MV, Fee]
Index: []"
Luke Mbete,609883,€700k,"Dec 17, 2025","Sep 18, 2003",22,1.85,England,"['England', 'DR Congo']",Centre-Back,"           0
0  Left-Back",Man City U21,,,"Jul 1, 2020","Jun 30, 2027",,"Empty DataFrame
Columns: [Season, Date, Left, Joined, MV, Fee]
Index: []"
Leon Bailey,387626,€14.00m,"Jun 3, 2026","Aug 9, 1997",29,1.78,Jamaica,['Jamaica'],Right Winger,"                0
0     Left Winger
1  Right Midfield",Olympiacos,,,"Sep 2, 2026","Jun 30, 2029",,"Empty DataFrame
Columns: [Season, Date, Left, Joined, MV, Fee]
Index: []"
Asmir Begovic,33873,€150k,"May 28, 2026","Jun 20, 1987",39,1.98,Bosnia-Herzegovina,"['Jugoslawien (SFR)', 'Bosnia-Herzegovina', 'Canada']",Goalkeeper,,Without Club,Leicester,"Jul 1, 2026",,,,"Empty DataFrame
Columns: [Season, Date, Left, Joined, MV, Fee]
Index: []"
Jarrod Bowen,314875,€30.00m,"Jun 3, 2026","Dec 20, 1996",29,1.75,England,['England'],Right Winger,"                0
0  Centre-Forward
1  Second Striker",West Ham,,,"Jan 31, 2020","Jun 30, 2030",,"Empty DataFrame
Columns: [Season, Date, Left, Joined, MV, Fee]
Index: []"
Harvey White,581598,€700k,"May 12, 2026","Sep 19, 2001",24,1.68,England,[],Defensive Midfield,,Plymouth,,,"Jul 1, 2026","Jun 30, 2029",,"Empty DataFrame
Columns: [Season, Date, Left, Joined, MV, Fee]
Index: []"
Oleksandr Zinchenko,203853,€8.00m,"May 28, 2026","Dec 15, 1996",29,1.75,Ukraine,[],Left-Back,,Without Club,Ajax,"Jul 1, 2026",,,,"Empty DataFrame
Columns: [Season, Date, Left, Joined, MV, Fee]
Index: []"
Donny van de Beek,288255,€1.80m,"Jun 5, 2026","Apr 18, 1997",29,1.83,Netherlands,[],Central Midfield,,Girona,,,"Jul 11, 2024","Jun 30, 2028",,"Empty DataFrame
Columns: [Season, Date, Left, Joined, MV, Fee]
Index: []"
Marcus Tavernier,399434,€25.00m,"Jun 3, 2026","Mar 22, 1999",27,1.78,England,['England'],Attacking Midfield,"              0
0   Left Winger
1  Right Winger",Bournemouth,,,"Aug 1, 2022","Jun 30, 2029",,"Empty DataFrame
Columns: [Season, Date, Left, Joined, MV, Fee]
Index: []"
Callum Wilson,123682,€4.00m,"Jun 3, 2026","Feb 27, 1992",34,1.8,England,[],Centre-Forward,,Brentford,,,"Jul 9, 2026","Jun 30, 2027",,"Empty DataFrame
Columns: [Season, Date, Left, Joined, MV, Fee]
Index: []"
Harry Kane,132098,€60.00m,"May 27, 2026","Jul 28, 1993",33,1.88,England,[],Centre-Forward,,Bayern Munich,,,"Aug 12, 2023","Jun 30, 2027",,"Empty DataFrame
Columns: [Season, Date, Left, Joined, MV, Fee]
Index: []"
William Saliba,495666,€100.00m,"Jun 3, 2026","Mar 24, 2001",25,1.93,France,"['Cameroon', 'France']",Centre-Back,,Arsenal,,,"Jul 25, 2019","Jun 30, 2030",,"Empty DataFrame
Columns: [Season, Date, Left, Joined, MV, Fee]
Index: []"
Harvey Davies,706815,€500k,"Jun 3, 2026","Sep 3, 2003",23,1.91,England,[],Goalkeeper,,Liverpool,,,"Jul 1, 2024","Jun 30, 2027",,"Empty DataFrame
Columns: [Season, Date, Left, Joined, MV, Fee]
Index: []"
Steven Sessegnon,406558,€250k,"May 12, 2026","May 18, 2000",26,1.75,England,"['England', 'Benin']",Right-Back,"           0
0  Left-Back",AFC Wimbledon,,,"Jul 1, 2026","Jun 30, 2028",,"Empty DataFrame
Columns: [Season, Date, Left, Joined, MV, Fee]
Index: []"
Nathan Redmond,129078,€600k,"May 28, 2026","Mar 6, 1994",32,1.73,England,"['England', 'Jamaica']",Right Winger,"                0
0     Left Winger
1  Second Striker",Without Club,Blackburn,"Jul 1, 2026",,,,"Empty DataFrame
Columns: [Season, Date, Left, Joined, MV, Fee]
Index: []"
Kaoru Mitoma,504849,€22.00m,"Jun 3, 2026","May 20, 1997",29,1.78,Japan,['Japan'],Left Winger,"               0
0  Left Midfield",Brighton,,,"Aug 10, 2021","Jun 30, 2027",,"Empty DataFrame
Columns: [Season, Date, Left, Joined, MV, Fee]
Index: []"
Pierre-Emerick Aubameyang,58864,€2.50m,"Jun 1, 2026","Jun 18, 1989",37,1.88,Gabon,"['France', 'Gabon']",Centre-Forward,"              0
0  Right Winger
1   Left Winger",Dep. A Coruña,,,"Jul 17, 2026","Jun 30, 2028",,"Empty DataFrame
Columns: [Season, Date, Left, Joined, MV, Fee]
Index: []"
Danny Ings,134294,€1.20m,"May 28, 2026","Jul 23, 1992",34,1.78,England,['England'],Centre-Forward,"                0
0  Second Striker",Without Club,Sheff Utd,"Jul 1, 2026",,,,"Empty DataFrame
Columns: [Season, Date, Left, Joined, MV, Fee]
Index: []"
Mohammed Salisu,563963,€10.00m,"Jun 1, 2026","Apr 17, 1999",27,1.88,Ghana,['Ghana'],Centre-Back,,Monaco,,,"Aug 1, 2023","Jun 30, 2028",,"Empty DataFrame
Columns: [Season, Date, Left, Joined, MV, Fee]
Index: []"
Tom McGill,406556,€500k,"Jun 3, 2026","Mar 25, 2000",26,1.85,Canada,[],Goalkeeper,,Brighton,,,"Jul 29, 2022","Jun 30, 2027",,"Empty DataFrame
Columns: [Season, Date, Left, Joined, MV, Fee]
Index: []"
Tim Ream,145466,€150k,"Jun 2, 2026","Oct 5, 1987",38,1.85,United States,[],Centre-Back,,Charlotte,,,"Aug 7, 2024","Dec 31, 2026",,"Empty DataFrame
Columns: [Season, Date, Left, Joined, MV, Fee]
Index: []"
Jimmy-Jay Morgan,936867,€350k,"May 12, 2026","Jan 21, 2006",20,1.8,England,['England'],Centre-Forward,"              0
0   Left Winger
1  Right Winger",West Brom,,,"Jul 1, 2026","Jun 30, 2030",,"Empty DataFrame
Columns: [Season, Date, Left, Joined, MV, Fee]
Index: []"
Frank Onyeka,421637,€8.00m,"May 28, 2026","Jan 1, 1998",28,1.83,Nigeria,[],Central Midfield,,Coventry,,,"Jul 1, 2026","Jun 30, 2030",,"Empty DataFrame
Columns: [Season, Date, Left, Joined, MV, Fee]
Index: []"
Matej Kovar,550829,€8.00m,"May 28, 2026","May 17, 2000",26,1.96,Czech Republic,['Czech Republic'],Goalkeeper,,PSV,,,"Jul 1, 2026","Jun 30, 2030",,"Empty DataFrame
Columns: [Season, Date, Left, Joined, MV, Fee]
Index: []"
Harvey Elliott,565822,€20.00m,"Jun 3, 2026","Apr 4, 2003",23,1.7,England,[],Attacking Midfield,,Valencia,,,"Sep 1, 2026","Jun 30, 2027",,"Empty DataFrame
Columns: [Season, Date, Left, Joined, MV, Fee]
Index: []"
Joel Ward,92572,€200k,"May 28, 2026","Oct 29, 1989",36,1.85,England,['England'],Right-Back,"                0
0       Left-Back
1  Right Midfield",Without Club,Swansea,"Jul 1, 2026",,,,"Empty DataFrame
Columns: [Season, Date, Left, Joined, MV, Fee]
Index: []"
Moussa Djenepo,485424,€900k,"May 21, 2026","Jun 15, 1998",28,1.78,Mali,['Mali'],Left Winger,"                    0
0        Right Winger
1  Attacking Midfield",Panetolikos,,,"Aug 7, 2026","Jun 30, 2028",,"Empty DataFrame
Columns: [Season, Date, Left, Joined, MV, Fee]
Index: []"
Boubacar Traoré,649020,€4.00m,"Jun 1, 2026","Aug 20, 2001",25,1.83,Mali,[],Defensive Midfield,,Wolves,,,"Jul 1, 2023","Jun 30, 2027",,"Empty DataFrame
Columns: [Season, Date, Left, Joined, MV, Fee]
Index: []"
Daniel Amartey,214056,€500k,"Apr 9, 2026","Dec 21, 1994",31,1.85,Ghana,['Ghana'],Centre-Back,"                    0
0  Defensive Midfield
1          Right-Back",Without Club,Besiktas,"Sep 13, 2024",,,,"Empty DataFrame
Columns: [Season, Date, Left, Joined, MV, Fee]
Index: []"
Ben Mee,74810,,,"Sep 21, 1989",36,1.8,England,['England'],Centre-Back,"           0
0  Left-Back",Retired,Sheff Utd,"Jul 1, 2026",,,,"Empty DataFrame
Columns: [Season, Date, Left, Joined, MV, Fee]
Index: []"
Ilya Zabarnyi,659089,€40.00m,"Jun 1, 2026","Sep 1, 2002",24,1.88,Ukraine,['Ukraine'],Centre-Back,,PSG,,,"Aug 12, 2025","Jun 30, 2030",,"Empty DataFrame
Columns: [Season, Date, Left, Joined, MV, Fee]
Index: []"
Fábio Carvalho,559263,€8.00m,"Jun 3, 2026","Aug 30, 2002",24,1.7,Portugal,[],Attacking Midfield,,Brentford,,,"Aug 12, 2024","Jun 30, 2029",,"Empty DataFrame
Columns: [Season, Date, Left, Joined, MV, Fee]
Index: []"
Kiernan Dewsbury-Hall,475188,€35.00m,"Jun 3, 2026","Sep 6, 1998",28,1.75,England,[],Central Midfield,,Everton,,,"Aug 6, 2025","Jun 30, 2030",,"Empty DataFrame
Columns: [Season, Date, Left, Joined, MV, Fee]
Index: []"
Anthony Elanga,583189,€32.00m,"Jun 3, 2026","Apr 27, 2002",24,1.78,Sweden,"['Cameroon', 'Sweden']",Right Winger,"                0
0     Left Winger
1  Centre-Forward",Newcastle,,,"Jul 11, 2025","Jun 30, 2030",,"Empty DataFrame
Columns: [Season, Date, Left, Joined, MV, Fee]
Index: []"
Ryan Finnigan,807318,€150k,"May 12, 2026","Sep 23, 2003",22,1.85,England,['England'],Central Midfield,"                    0
0  Defensive Midfield",Dundee FC,,,"Jul 1, 2026",-,,"Empty DataFrame
Columns: [Season, Date, Left, Joined, MV, Fee]
Index: []"
Alfie Whiteman,282823,,,"Oct 2, 1998",27,1.88,England,['England'],Goalkeeper,,Retired,Tottenham,"Oct 30, 2025",,,,"Empty DataFrame
Columns: [Season, Date, Left, Joined, MV, Fee]
Index: []"
Josh Wilson-Esbrand,576121,€2.50m,"Jun 4, 2026","Dec 26, 2002",23,1.75,England,[],Left-Back,,Man City,,,"Jan 1, 2023","Jun 30, 2027",,"Empty DataFrame
Columns: [Season, Date, Left, Joined, MV, Fee]
Index: []"
Adam Forshaw,121257,€150k,"May 28, 2026","Oct 8, 1991",34,1.75,England,['England'],Central Midfield,"                    0
0  Attacking Midfield
1      Right Midfield",Blackburn,,,"Jan 11, 2025","Jun 30, 2027",,"Empty DataFrame
Columns: [Season, Date, Left, Joined, MV, Fee]
Index: []"
Darren Randolph,51321,,,"May 12, 1987",39,1.88,Ireland,[],Goalkeeper,,Retired,Bournemouth,"Jul 1, 2024",,,,"Empty DataFrame
Columns: [Season, Date, Left, Joined, MV, Fee]
Index: []"
John McGinn,193116,€13.00m,"Jun 3, 2026","Oct 18, 1994",31,1.78,Scotland,['Scotland'],Central Midfield,"                0
0   Left Midfield
1  Right Midfield",Aston Villa,,,"Aug 8, 2018","Jun 30, 2028",,"Empty DataFrame
Columns: [Season, Date, Left, Joined, MV, Fee]
Index: []"
Sonny Perkins,670877,€600k,"May 12, 2026","Feb 10, 2004",22,1.88,England,"['England', 'Ireland']",Right Winger,"                0
0     Left Winger
1  Centre-Forward",Wigan,,,"Jul 1, 2026","Jun 30, 2028",,"Empty DataFrame
Columns: [Season, Date, Left, Joined, MV, Fee]
Index: []"
Reece James,472423,€60.00m,"Jun 3, 2026","Dec 8, 1999",26,1.8,England,"['England', 'Grenada']",Right-Back,"                    0
0  Defensive Midfield
1      Right Midfield",Chelsea,,,"Jul 1, 2019","Jun 30, 2032",,"Empty DataFrame
Columns: [Season, Date, Left, Joined, MV, Fee]
Index: []"
Alex Robertson,609887,€1.50m,"May 12, 2026","Apr 17, 2003",23,1.83,Australia,[],Central Midfield,,Cardiff,,,"Aug 7, 2024","Jun 30, 2028",,"Empty DataFrame
Columns: [Season, Date, Left, Joined, MV, Fee]
Index: []"
Benjamin Mendy,157495,€400k,"Jun 4, 2026","Jul 17, 1994",32,1.85,France,"['Senegal', 'France']",Left-Back,"               0
0  Left Midfield",Pogon Szczecin,,,"Sep 16, 2025","Jun 30, 2027",,"Empty DataFrame
Columns: [Season, Date, Left, Joined, MV, Fee]
Index: []"
Matt Smith,528894,€325k,"May 12, 2026","Oct 5, 2000",25,1.75,England,[],Central Midfield,,Stevenage,,,"Sep 7, 2026",-,,"Empty DataFrame
Columns: [Season, Date, Left, Joined, MV, Fee]
Index: []"
Dean Henderson,258919,€28.00m,"Jun 3, 2026","Mar 12, 1997",29,1.88,England,[],Goalkeeper,,Crystal Palace,,,"Aug 31, 2023","Jun 30, 2028",,"Empty DataFrame
Columns: [Season, Date, Left, Joined, MV, Fee]
Index: []"
César Azpilicueta,57500,,,"Aug 28, 1989",37,1.78,Spain,['Spain'],Right-Back,"             0
0  Centre-Back
1    Left-Back",Retired,Sevilla FC,"Jul 1, 2026",,,,"Empty DataFrame
Columns: [Season, Date, Left, Joined, MV, Fee]
Index: []"
Bertrand Traoré,131996,€4.00m,"Jun 3, 2026","Sep 6, 1995",31,1.8,Burkina Faso,[],Right Winger,,Wolves,,,"Sep 7, 2026","Jun 30, 2027",,"Empty DataFrame
Columns: [Season, Date, Left, Joined, MV, Fee]
Index: []"
Connor McAvoy,565817,,,"Feb 16, 2002",24,1.91,Scotland,[],Centre-Back,,Wealdstone,,,"Aug 1, 2025","Jun 30, 2026",,"Empty DataFrame
Columns: [Season, Date, Left, Joined, MV, Fee]
Index: []"
Shola Shoretire,640026,€2.00m,"May 28, 2026","Feb 2, 2004",22,1.7,England,[],Left Winger,,PAOK,,,"Jul 30, 2024","Jun 30, 2028",,"Empty DataFrame
Columns: [Season, Date, Left, Joined, MV, Fee]
Index: []"
Manuel Akanji,284730,€17.00m,"May 29, 2026","Jul 19, 1995",31,1.88,Switzerland,[],Centre-Back,,Inter,,,"Jul 1, 2026","Jun 30, 2028",,"Empty DataFrame
Columns: [Season, Date, Left, Joined, MV, Fee]
Index: []"
Aaron Donnelly,624243,€300k,"May 20, 2026","Jun 8, 2003",23,1.85,Northern Ireland,[],Centre-Back,,Dunfermline A.,,,"Jul 30, 2026","May 31, 2027",,"Empty DataFrame
Columns: [Season, Date, Left, Joined, MV, Fee]
Index: []"
Romain Perraud,318523,€7.00m,"Jun 1, 2026","Sep 22, 1997",28,1.73,France,['France'],Left-Back,,Lille,,,"Aug 8, 2025","Jun 30, 2028",,"Empty DataFrame
Columns: [Season, Date, Left, Joined, MV, Fee]
Index: []"
Alfie McCalmont,471368,€375k,"May 28, 2026","Mar 25, 2000",26,1.75,Northern Ireland,[],Central Midfield,,Without Club,Central Coast,"Jul 8, 2026",,,,"Empty DataFrame
Columns: [Season, Date, Left, Joined, MV, Fee]
Index: []"
Sam Johnstone,110864,€2.00m,"Jun 3, 2026","Mar 25, 1993",33,1.93,England,[],Goalkeeper,,Celtic,,,"Sep 2, 2026","Jun 30, 2027",,"Empty DataFrame
Columns: [Season, Date, Left, Joined, MV, Fee]
Index: []"
Issa Diop,272622,€8.00m,"Jun 3, 2026","Jan 9, 1997",29,1.93,Morocco,[],Centre-Back,,Ipswich,,,"Jul 22, 2026","Jun 30, 2030",,"Empty DataFrame
Columns: [Season, Date, Left, Joined, MV, Fee]
Index: []"
Casemiro,16306,€6.00m,"Jun 3, 2026","Feb 23, 1992",34,1.85,Brazil,"['Spain', 'Brazil']",Defensive Midfield,"                  0
0       Centre-Back
1  Central Midfield",Miami,,,"Jul 22, 2026","Jun 30, 2027",,"Empty DataFrame
Columns: [Season, Date, Left, Joined, MV, Fee]
Index: []"
Daniel Bentley,136401,€800k,"Jun 3, 2026","Jul 13, 1993",33,1.93,England,['England'],Goalkeeper,,Coventry,,,"Aug 21, 2026","Jun 30, 2028",,"Empty DataFrame
Columns: [Season, Date, Left, Joined, MV, Fee]
Index: []"
Fin Stevens,587019,€500k,"May 27, 2026","Apr 10, 2003",23,1.78,Wales,[],Right-Back,,Leyton Orient,,,"Jul 1, 2026","Jun 30, 2029",,"Empty DataFrame
Columns: [Season, Date, Left, Joined, MV, Fee]
Index: []"
Matt Turner,425306,€2.50m,"Jun 2, 2026","Jun 24, 1994",32,1.91,United States,"['Lithuania', 'United States']",Goalkeeper,,New England,,,"Aug 2, 2025","Dec 31, 2026",,"Empty DataFrame
Columns: [Season, Date, Left, Joined, MV, Fee]
Index: []"
Steven Alzate,476237,€2.50m,"Jun 2, 2026","Sep 8, 1998",28,1.8,Colombia,"['England', 'Colombia']",Central Midfield,"                    0
0  Attacking Midfield
1  Defensive Midfield",Atlanta,,,"Aug 4, 2025","Dec 31, 2030",,"Empty DataFrame
Columns: [Season, Date, Left, Joined, MV, Fee]
Index: []"
Kristoffer Ajer,328658,€22.00m,"Jul 22, 2026","Apr 17, 1998",28,1.98,Norway,[],Centre-Back,,Brentford,,,"Jul 21, 2021","Jun 30, 2030",,"Empty DataFrame
Columns: [Season, Date, Left, Joined, MV, Fee]
Index: []"
Keylor Navas,79422,€750k,"May 20, 2026","Dec 15, 1986",39,1.85,Costa Rica,"['Spain', 'Costa Rica']",Goalkeeper,,UNAM Pumas,,,"Jul 21, 2025","Jun 30, 2027",,"Empty DataFrame
Columns: [Season, Date, Left, Joined, MV, Fee]
Index: []"
Pervis Estupiñán,349599,€12.00m,"May 29, 2026","Jan 21, 1998",28,1.75,Ecuador,"['Spain', 'Ecuador']",Left-Back,"               0
0  Left Midfield",AC Milan,,,"Jul 24, 2025","Jun 30, 2030",,"Empty DataFrame
Columns: [Season, Date, Left, Joined, MV, Fee]
Index: []"
Philip Billing,320411,€6.00m,"May 25, 2026","Jun 11, 1996",30,1.93,Denmark,[],Central Midfield,,Midtjylland,,,"Aug 26, 2025","Jun 30, 2030",,"Empty DataFrame
Columns: [Season, Date, Left, Joined, MV, Fee]
Index: []"
Riyad Mahrez,171424,€5.00m,"Jun 4, 2026","Feb 21, 1991",35,1.78,Algeria,"['Algeria', 'France']",Right Winger,"                    0
0         Left Winger
1  Attacking Midfield",Without Club,Al-Ahli,"Jul 4, 2026",,,,"Empty DataFrame
Columns: [Season, Date, Left, Joined, MV, Fee]
Index: []"
Oriol Romeu,66100,€400k,"May 28, 2026","Sep 24, 1991",34,1.83,Spain,['Spain'],Defensive Midfield,"                  0
0  Central Midfield",Avispa Fukuoka,,,"Jul 13, 2026",-,,"Empty DataFrame
Columns: [Season, Date, Left, Joined, MV, Fee]
Index: []"
Tino Livramento,503981,€45.00m,"Jun 3, 2026","Nov 12, 2002",23,1.83,England,[],Right-Back,,Newcastle,,,"Aug 8, 2023","Jun 30, 2028",,"Empty DataFrame
Columns: [Season, Date, Left, Joined, MV, Fee]
Index: []"
Harry Arter,55742,,,"Dec 28, 1989",36,1.78,Ireland,"['England', 'Ireland']",Central Midfield,"                    0
0  Defensive Midfield",Precision FC,,,"Jul 1, 2024",-,,"Empty DataFrame
Columns: [Season, Date, Left, Joined, MV, Fee]
Index: []"
Chris Wood,108725,€5.00m,"Jun 3, 2026","Dec 7, 1991",34,1.91,New Zealand,[],Centre-Forward,,Nott'm Forest,,,"Jul 1, 2023","Jun 30, 2027",,"Empty DataFrame
Columns: [Season, Date, Left, Joined, MV, Fee]
Index: []"
Pierre-Emile Højbjerg,167799,€15.00m,"Jun 1, 2026","Aug 5, 1995",31,1.85,Denmark,"['Denmark', 'France']",Defensive Midfield,"                  0
0  Central Midfield",Marseille,,,"Jul 1, 2025","Jun 30, 2028",,"Empty DataFrame
Columns: [Season, Date, Left, Joined, MV, Fee]
Index: []"
Rico Henry,339556,€13.00m,"Jun 3, 2026","Jul 8, 1997",29,1.7,Jamaica,"['England', 'Jamaica']",Left-Back,"               0
0  Left Midfield",Brentford,,,"Aug 31, 2016","Jun 30, 2027",,"Empty DataFrame
Columns: [Season, Date, Left, Joined, MV, Fee]
Index: []"
Armel Bella-Kotchap,467563,€7.00m,"May 29, 2026","Dec 11, 2001",24,1.91,Germany,[],Centre-Back,,Venezia,,,"Jul 1, 2026","Jun 30, 2030",,"Empty DataFrame
Columns: [Season, Date, Left, Joined, MV, Fee]
Index: []"
Nathan Trott,431422,€1.50m,"May 12, 2026","Nov 21, 1998",27,1.88,England,"['England', 'Bermuda']",Goalkeeper,,Cardiff,,,"Jul 1, 2026","Jun 30, 2029",,"Empty DataFrame
Columns: [Season, Date, Left, Joined, MV, Fee]
Index: []"
Dale Taylor,624267,€600k,"May 12, 2026","Dec 12, 2003",22,1.85,Northern Ireland,[],Centre-Forward,,Blackpool,,,"Aug 7, 2025","Jun 30, 2029",,"Empty DataFrame
Columns: [Season, Date, Left, Joined, MV, Fee]
Index: []"
Lyle Taylor,104495,,,"Mar 29, 1990",36,1.88,Montserrat,"['England', 'Montserrat']",Centre-Forward,"              0
0  Right Winger
1   Left Winger",Chelmsford,,,"Aug 7, 2025","Jun 30, 2027",,"Empty DataFrame
Columns: [Season, Date, Left, Joined, MV, Fee]
Index: []"
Evan Ferguson,648046,€20.00m,"May 29, 2026","Oct 19, 2004",21,1.88,Ireland,[],Centre-Forward,,Brighton,,,"Jul 1, 2022","Jun 30, 2029",,"Empty DataFrame
Columns: [Season, Date, Left, Joined, MV, Fee]
Index: []"
Marc Jurado,709960,€150k,"Jun 23, 2026","Apr 13, 2004",22,1.78,Spain,['Spain'],Right-Back,"           0
0  Left-Back",FC Cartagena,,,"Jul 26, 2025","Jun 30, 2027",,"Empty DataFrame
Columns: [Season, Date, Left, Joined, MV, Fee]
Index: []"
Keylor Navas,79422,€750k,"May 20, 2026","Dec 15, 1986",39,1.85,Costa Rica,[],Goalkeeper,,UNAM Pumas,,,"Jul 21, 2025","Jun 30, 2027",,"Empty DataFrame
Columns: [Season, Date, Left, Joined, MV, Fee]
Index: []"
Rúben Neves,225161,€25.00m,"Jun 4, 2026","Mar 13, 1997",29,1.83,Portugal,['Portugal'],Defensive Midfield,"                  0
0  Central Midfield",Al-Hilal,,,"Jul 1, 2023","Jun 30, 2029",,"Empty DataFrame
Columns: [Season, Date, Left, Joined, MV, Fee]
Index: []"
Khayon Edwards,741650,€400k,"May 28, 2026","Sep 12, 2003",22,1.8,Jamaica,[],Centre-Forward,,Without Club,Estoril,"Sep 10, 2026",,,,"Empty DataFrame
Columns: [Season, Date, Left, Joined, MV, Fee]
Index: []"
Andros Townsend,61842,€400k,"May 15, 2026","Jul 16, 1991",35,1.8,England,[],Right Winger,,PT Prachuap FC,,,"Aug 7, 2026","Jun 30, 2027",,"Empty DataFrame
Columns: [Season, Date, Left, Joined, MV, Fee]
Index: []"
Tristan Crama,732529,€12.00m,"May 28, 2026","Nov 8, 2001",24,1.93,France,['France'],Centre-Back,"            0
0  Right-Back",Millwall,,,"Jan 17, 2025","Jun 30, 2028",,"Empty DataFrame
Columns: [Season, Date, Left, Joined, MV, Fee]
Index: []"
Ben Davies,192765,€3.00m,"Jun 3, 2026","Apr 24, 1993",33,1.8,Wales,[],Centre-Back,,Tottenham,,,"Jul 23, 2014","Jun 30, 2027",,"Empty DataFrame
Columns: [Season, Date, Left, Joined, MV, Fee]
Index: []"
Keane Lewis-Potter,644401,€25.00m,"Jun 3, 2026","Feb 22, 2001",25,1.7,England,[],Left Midfield,,Brentford,,,"Jul 12, 2022","Jun 30, 2031",,"Empty DataFrame
Columns: [Season, Date, Left, Joined, MV, Fee]
Index: []"
Nathan Ferguson,507254,,,"Oct 6, 2000",25,1.83,England,"['England', 'Jamaica']",Centre-Back,"            0
0  Right-Back
1   Left-Back",Without Club,Crystal Palace,"Jul 1, 2024",,,,"Empty DataFrame
Columns: [Season, Date, Left, Joined, MV, Fee]
Index: []"
Jake Cain,565420,,,"Sep 2, 2001",25,1.75,England,['England'],Central Midfield,"                    0
0  Attacking Midfield
1       Left Midfield",Morecambe FC,,,"Aug 21, 2025","Jun 30, 2027",,"Empty DataFrame
Columns: [Season, Date, Left, Joined, MV, Fee]
Index: []"
Neco Williams,503680,€28.00m,"Jun 3, 2026","Apr 13, 2001",25,1.83,Wales,[],Left-Back,,Nott'm Forest,,,"Jul 10, 2022","Jun 30, 2030",,"Empty DataFrame
Columns: [Season, Date, Left, Joined, MV, Fee]
Index: []"
Ché Adams,346779,€5.00m,"May 29, 2026","Jul 13, 1996",30,1.75,Scotland,[],Centre-Forward,,Torino,,,"Jul 23, 2024","Jun 30, 2027",,"Empty DataFrame
Columns: [Season, Date, Left, Joined, MV, Fee]
Index: []"
Carlos Alcaraz,748319,€15.00m,"Jun 3, 2026","Nov 30, 2002",23,1.75,Argentina,[],Central Midfield,,Everton,,,"Jul 1, 2025","Jun 30, 2027",,"Empty DataFrame
Columns: [Season, Date, Left, Joined, MV, Fee]
Index: []"
Alexander Isak,349066,€85.00m,"Jun 3, 2026","Sep 21, 1999",26,1.91,Sweden,[],Centre-Forward,,Liverpool,,,"Sep 1, 2025","Jun 30, 2031",,"Empty DataFrame
Columns: [Season, Date, Left, Joined, MV, Fee]
Index: []"
Renan Lodi,476352,€11.00m,"May 26, 2026","Apr 8, 1998",28,1.73,Brazil,[],Left-Back,,Atlético-MG,,,"Jan 1, 2026","Dec 31, 2030",,"Empty DataFrame
Columns: [Season, Date, Left, Joined, MV, Fee]
Index: []"
Kaden Rodney,860078,€200k,"Jun 3, 2026","Oct 7, 2004",21,1.88,England,['England'],Defensive Midfield,"             0
0  Centre-Back
1   Right-Back",Muaither SC,,,"Aug 8, 2026",-,,"Empty DataFrame
Columns: [Season, Date, Left, Joined, MV, Fee]
Index: []"
Victor Lindelöf,184573,€5.00m,"Jun 3, 2026","Jul 17, 1994",32,1.88,Sweden,[],Centre-Back,,Aston Villa,,,"Sep 1, 2025","Jun 30, 2027",,"Empty DataFrame
Columns: [Season, Date, Left, Joined, MV, Fee]
Index: []"
Alex Smithies,33754,,,"Mar 5, 1990",36,1.88,England,[],Goalkeeper,,Retired,Leicester,"Jan 22, 2024",,,,"Empty DataFrame
Columns: [Season, Date, Left, Joined, MV, Fee]
Index: []"
Dominic Sadi,936901,€800k,"Jun 5, 2026","Sep 2, 2003",23,1.75,England,[],Attacking Midfield,,Novi Pazar,,,"Feb 13, 2026","Jun 30, 2028",,"Empty DataFrame
Columns: [Season, Date, Left, Joined, MV, Fee]
Index: []"
Jefferson Lerma,262980,€6.00m,"Jun 3, 2026","Oct 25, 1994",31,1.8,Colombia,['Colombia'],Defensive Midfield,"                  0
0  Central Midfield
1       Centre-Back",Crystal Palace,,,"Jul 1, 2023","Jun 30, 2027",,"Empty DataFrame
Columns: [Season, Date, Left, Joined, MV, Fee]
Index: []"
Victor Kristiansen,564529,€9.00m,"May 28, 2026","Dec 16, 2002",23,1.8,Denmark,[],Left-Back,,Panathinaikos,,,"Jul 13, 2026","Jun 30, 2027",,"Empty DataFrame
Columns: [Season, Date, Left, Joined, MV, Fee]
Index: []"
Emiliano Marcondes,232964,€600k,"May 28, 2026","Mar 9, 1995",31,1.83,Denmark,"['Denmark', 'Brazil']",Attacking Midfield,"                0
0  Centre-Forward
1     Left Winger",Melbourne City,,,"Aug 20, 2026","Jun 30, 2027",,"Empty DataFrame
Columns: [Season, Date, Left, Joined, MV, Fee]
Index: []"
Jackson Smith,511964,€300k,"May 12, 2026","Oct 14, 2001",24,1.88,England,['England'],Goalkeeper,,Port Vale,,,"Jul 1, 2026","Jun 30, 2029",,"Empty DataFrame
Columns: [Season, Date, Left, Joined, MV, Fee]
Index: []"
Jack Spong,530916,,,"Feb 4, 2002",24,,England,['England'],Central Midfield,"                    0
0  Defensive Midfield
1  Attacking Midfield",Farnham Town,,,"Aug 6, 2026","Jun 30, 2027",,"Empty DataFrame
Columns: [Season, Date, Left, Joined, MV, Fee]
Index: []"
Jordan Ayew,108354,€1.00m,"May 28, 2026","Sep 11, 1991",35,1.83,Ghana,[],Centre-Forward,,Sheff Utd,,,"Sep 8, 2026","Jun 30, 2027",,"Empty DataFrame
Columns: [Season, Date, Left, Joined, MV, Fee]
Index: []"
Jordan Zemura,633530,€5.00m,"May 29, 2026","Nov 14, 1999",26,1.73,Zimbabwe,[],Left-Back,,Watford,,,"Aug 2, 2026","Jun 30, 2027",,"Empty DataFrame
Columns: [Season, Date, Left, Joined, MV, Fee]
Index: []"
Chris Wood,108725,€5.00m,"Jun 3, 2026","Dec 7, 1991",34,1.91,New Zealand,['New Zealand'],Centre-Forward,,Nott'm Forest,,,"Jul 1, 2023","Jun 30, 2027",,"Empty DataFrame
Columns: [Season, Date, Left, Joined, MV, Fee]
Index: []"
Diamond Edwards,614261,,,"Sep 18, 2003",22,1.75,England,['England'],Attacking Midfield,"                  0
0  Central Midfield
1    Right Midfield",Hungerford,,,"Oct 10, 2025",-,,"Empty DataFrame
Columns: [Season, Date, Left, Joined, MV, Fee]
Index: []"
Siriki Dembélé,488656,€800k,"May 28, 2026","Sep 7, 1996",30,1.73,Scotland,[],Left Winger,,Oxford United,,,"Aug 29, 2024",-,,"Empty DataFrame
Columns: [Season, Date, Left, Joined, MV, Fee]
Index: []"
Joe Bryan,194460,,,"Sep 17, 1993",32,1.7,England,['England'],Left-Back,"               0
0  Left Midfield",Retired,Millwall,"Aug 12, 2026",,,,"Empty DataFrame
Columns: [Season, Date, Left, Joined, MV, Fee]
Index: []"
Emerson,181778,€9.00m,"Jun 1, 2026","Aug 3, 1994",32,1.75,Italy,[],Left-Back,,Marseille,,,"Sep 1, 2025","Jun 30, 2027",,"Empty DataFrame
Columns: [Season, Date, Left, Joined, MV, Fee]
Index: []"
Jamal Baptiste,610706,€250k,"May 12, 2026","Nov 11, 2003",22,1.91,England,['England'],Centre-Back,"            0
0  Right-Back",Sheff Utd,,,"Jul 1, 2026",-,,"Empty DataFrame
Columns: [Season, Date, Left, Joined, MV, Fee]
Index: []"
Keinan Davis,412660,€10.00m,"May 29, 2026","Feb 13, 1998",28,1.88,England,"['England', 'Jamaica']",Centre-Forward,"                0
0  Second Striker",Udinese,,,"Sep 1, 2023","Jun 30, 2031",,"Empty DataFrame
Columns: [Season, Date, Left, Joined, MV, Fee]
Index: []"
Raúl Jiménez,206040,€3.00m,"Jun 3, 2026","May 5, 1991",35,1.88,Mexico,['Mexico'],Centre-Forward,,Wolves,,,"Jul 1, 2026","Jun 30, 2028",,"Empty DataFrame
Columns: [Season, Date, Left, Joined, MV, Fee]
Index: []"
Ian Poveda,392763,€1.20m,"Jun 4, 2026","Feb 9, 2000",26,1.68,Colombia,"['England', 'Colombia']",Right Winger,"             0
0  Left Winger",Atl. Nacional,,,"Aug 8, 2026","Dec 31, 2027",,"Empty DataFrame
Columns: [Season, Date, Left, Joined, MV, Fee]
Index: []"
Tyrick Mitchell,730893,€25.00m,"Jun 3, 2026","Sep 1, 1999",27,1.8,England,"['England', 'Jamaica']",Left-Back,"               0
0  Left Midfield",Crystal Palace,,,"Jul 1, 2020","Jun 30, 2027",,"Empty DataFrame
Columns: [Season, Date, Left, Joined, MV, Fee]
Index: []"
Rodrigo Bentancur,354362,€20.00m,"Jun 3, 2026","Jun 25, 1997",29,1.88,Uruguay,['Uruguay'],Defensive Midfield,"                  0
0  Central Midfield",Tottenham,,,"Jan 31, 2022","Jun 30, 2029",,"Empty DataFrame
Columns: [Season, Date, Left, Joined, MV, Fee]
Index: []"
José Sá,249994,€3.50m,"Jun 3, 2026","Jan 17, 1993",33,1.93,Portugal,['Portugal'],Goalkeeper,,Wolves,,,"Jul 15, 2021","Jun 30, 2028",,"Empty DataFrame
Columns: [Season, Date, Left, Joined, MV, Fee]
Index: []"
Luciano D'Auria-Henry,610789,,,"Nov 11, 2002",23,1.75,England,[],Right-Back,,Without Club,Walton & Hersh.,"Jul 1, 2026",,,,"Empty DataFrame
Columns: [Season, Date, Left, Joined, MV, Fee]
Index: []"
Alex Gilbert,542884,€1.00m,"May 28, 2026","Dec 28, 2001",24,1.83,Ireland,[],Attacking Midfield,,Leyton Orient,,,"Sep 3, 2026","Jun 30, 2029",,"Empty DataFrame
Columns: [Season, Date, Left, Joined, MV, Fee]
Index: []"
Pablo Sarabia,74230,€3.50m,"May 14, 2026","May 11, 1992",34,1.75,Spain,['Spain'],Attacking Midfield,"              0
0  Right Winger
1   Left Winger",Al-Arabi SC,,,"Jul 1, 2025","Jun 30, 2027",,"Empty DataFrame
Columns: [Season, Date, Left, Joined, MV, Fee]
Index: []"
Cafú,203655,€250k,"May 21, 2026","Feb 26, 1993",33,1.85,Portugal,[],Central Midfield,,AEL Limassol,,,"Aug 6, 2026","May 31, 2028",,"Empty DataFrame
Columns: [Season, Date, Left, Joined, MV, Fee]
Index: []"
Matt Doherty,171679,€1.00m,"Jun 3, 2026","Jan 16, 1992",34,1.85,Ireland,[],Right-Back,,Sheff Utd,,,"Jul 20, 2026","Jun 30, 2027",,"Empty DataFrame
Columns: [Season, Date, Left, Joined, MV, Fee]
Index: []"
Serge Aurier,127032,,,"Dec 24, 1992",33,1.75,Cote d'Ivoire,"[""Cote d'Ivoire""]",Right-Back,"                0
0       Left-Back
1  Right Midfield",Retired,Persepolis FC,"Aug 11, 2026",,,,"Empty DataFrame
Columns: [Season, Date, Left, Joined, MV, Fee]
Index: []"
Cheikhou Kouyaté,66934,,,"Dec 21, 1989",36,1.88,Senegal,[],Defensive Midfield,,Retired,Amed SK,"May 25, 2026",,,,"Empty DataFrame
Columns: [Season, Date, Left, Joined, MV, Fee]
Index: []"
Jorginho,102017,€4.00m,"May 26, 2026","Dec 20, 1991",34,1.8,Italy,"['Italy', 'Brazil']",Defensive Midfield,"                  0
0  Central Midfield",Flamengo,,,"Jun 6, 2025","Jun 30, 2028",,"Empty DataFrame
Columns: [Season, Date, Left, Joined, MV, Fee]
Index: []"
Joe Wormleighton,814524,€125k,"May 12, 2026","Oct 16, 2003",22,1.8,England,['England'],Right-Back,"                0
0  Right Midfield
1       Left-Back",Northampton,,,"Jul 11, 2025","Jun 30, 2027",,"Empty DataFrame
Columns: [Season, Date, Left, Joined, MV, Fee]
Index: []"
Michael Olise,566723,€170.00m,"Jul 22, 2026","Dec 12, 2001",24,1.8,France,"['England', 'France']",Right Winger,"                    0
0  Attacking Midfield",Bayern Munich,,,"Jul 7, 2024","Jun 30, 2029",,"Empty DataFrame
Columns: [Season, Date, Left, Joined, MV, Fee]
Index: []"
Mislav Orsic,119150,€900k,"Jun 2, 2026","Dec 29, 1992",33,1.78,Croatia,[],Left Winger,,Dinamo Zagreb,,,"Jul 1, 2026",-,,"Empty DataFrame
Columns: [Season, Date, Left, Joined, MV, Fee]
Index: []"
Alex Robertson,609887,€1.50m,"May 12, 2026","Apr 17, 2003",23,1.83,Australia,"['Scotland', 'Peru', 'Australia']",Central Midfield,"                    0
0  Attacking Midfield
1  Defensive Midfield",Cardiff,,,"Aug 7, 2024","Jun 30, 2028",,"Empty DataFrame
Columns: [Season, Date, Left, Joined, MV, Fee]
Index: []"
Nikola Vlašić,293200,€10.00m,"May 29, 2026","Oct 4, 1997",28,1.78,Croatia,['Croatia'],Attacking Midfield,"                  0
0  Central Midfield
1    Second Striker",Torino,,,"Aug 8, 2023","Jun 30, 2027",,"Empty DataFrame
Columns: [Season, Date, Left, Joined, MV, Fee]
Index: []"
Zidane Iqbal,686845,€1.00m,"May 21, 2026","Apr 27, 2003",23,1.8,Iraq,[],Central Midfield,,Dundee United,,,"Sep 3, 2026","Jun 30, 2028",,"Empty DataFrame
Columns: [Season, Date, Left, Joined, MV, Fee]
Index: []"
Caoimhín Kelleher,340918,€28.00m,"Jun 3, 2026","Nov 23, 1998",27,1.88,Ireland,[],Goalkeeper,,Brentford,,,"Jul 1, 2025","Jun 30, 2030",,"Empty DataFrame
Columns: [Season, Date, Left, Joined, MV, Fee]
Index: []"
Josh Onomah,243589,€250k,"Jun 10, 2026","Apr 27, 1997",29,1.85,England,[],Central Midfield,,Without Club,Dinamo Tbilisi,"Jul 1, 2026",,,,"Empty DataFrame
Columns: [Season, Date, Left, Joined, MV, Fee]
Index: []"
Mads Bech Sørensen,372240,€6.00m,"May 25, 2026","Jan 7, 1999",27,1.88,Denmark,[],Centre-Back,,Midtjylland,,,"Sep 1, 2023","Jun 30, 2027",,"Empty DataFrame
Columns: [Season, Date, Left, Joined, MV, Fee]
Index: []"
Nélson Semedo,231572,€6.00m,"May 21, 2026","Nov 16, 1993",32,1.78,Portugal,[],Right-Back,,Fenerbahçe,,,"Jul 30, 2025","Jun 30, 2027",,"Empty DataFrame
Columns: [Season, Date, Left, Joined, MV, Fee]
Index: []"
Jonjo Shelvey,71292,,,"Feb 27, 1992",34,1.83,England,[],Central Midfield,,Retired,Arabian Falcons,"Apr 14, 2026",,,,"Empty DataFrame
Columns: [Season, Date, Left, Joined, MV, Fee]
Index: []"
Kristoffer Klaesson,418561,,,"Nov 27, 2000",25,1.88,Norway,[],Goalkeeper,,Retired,Aalesunds FK,"Jul 1, 2026",,,,"Empty DataFrame
Columns: [Season, Date, Left, Joined, MV, Fee]
Index: []"
Fin Stevens,587019,€500k,"May 27, 2026","Apr 10, 2003",23,1.78,Wales,"['England', 'Wales']",Right-Back,"                0
0  Right Midfield",Leyton Orient,,,"Jul 1, 2026","Jun 30, 2029",,"Empty DataFrame
Columns: [Season, Date, Left, Joined, MV, Fee]
Index: []"
Zanka,52059,€200k,"May 25, 2026","Apr 23, 1990",36,1.88,Denmark,['Denmark'],Centre-Back,,Without Club,Copenhagen,"Jul 1, 2026",,,,"Empty DataFrame
Columns: [Season, Date, Left, Joined, MV, Fee]
Index: []"
Harry Toffolo,198516,€2.00m,"Jun 2, 2026","Aug 19, 1995",31,1.83,England,"['England', 'Italy']",Left-Back,"               0
0  Left Midfield",Charlotte,,,"Aug 5, 2025","Dec 31, 2028",,"Empty DataFrame
Columns: [Season, Date, Left, Joined, MV, Fee]
Index: []"
Gustavo Scarpa,330085,€4.50m,"May 26, 2026","Jan 5, 1994",32,1.78,Brazil,[],Attacking Midfield,,Atlético-MG,,,"Jan 11, 2024","Dec 31, 2027",,"Empty DataFrame
Columns: [Season, Date, Left, Joined, MV, Fee]
Index: []"
Chiquinho,695454,€5.00m,"May 28, 2026","Feb 5, 2000",26,1.78,Portugal,[],Left Winger,,Alverca,,,"Jul 9, 2025","Jun 30, 2028",,"Empty DataFrame
Columns: [Season, Date, Left, Joined, MV, Fee]
Index: []"
Charlie McNeill,614262,€800k,"May 28, 2026","Sep 9, 2003",23,1.8,England,[],Centre-Forward,,Crewe Alexandra,,,"Aug 13, 2026","Jun 30, 2027",,"Empty DataFrame
Columns: [Season, Date, Left, Joined, MV, Fee]
Index: []"
Alex Mighten,503988,€700k,"Jun 2, 2026","Apr 11, 2002",24,1.7,England,"['United States', 'England']",Left Winger,"               0
0   Right Winger
1  Left Midfield",San Diego,,,"Aug 30, 2024","Dec 31, 2026",,"Empty DataFrame
Columns: [Season, Date, Left, Joined, MV, Fee]
Index: []"
Adrion Pajaziti,626301,€1.50m,"May 29, 2026","Nov 16, 2002",23,1.8,Albania,[],Defensive Midfield,,Hajduk Split,,,"Jul 8, 2025","Jun 30, 2029",,"Empty DataFrame
Columns: [Season, Date, Left, Joined, MV, Fee]
Index: []"
Ben Greenwood,646333,,,"Mar 26, 2002",24,1.7,Ireland,[],Left-Back,,Gosport Borough,,,"Nov 18, 2025",-,,"Empty DataFrame
Columns: [Season, Date, Left, Joined, MV, Fee]
Index: []"
Diogo Monteiro,670713,€300k,"May 28, 2026","Jan 28, 2005",21,1.88,Portugal,"['Portugal', 'Switzerland']",Centre-Back,"            0
0  Right-Back",Arouca,,,"Aug 11, 2025","Jun 30, 2028",,"Empty DataFrame
Columns: [Season, Date, Left, Joined, MV, Fee]
Index: []"
Sergi Canós,251845,€600k,"Jun 22, 2026","Feb 2, 1997",29,1.78,Spain,[],Left Winger,,Valencia,,,"Aug 20, 2023","Jun 30, 2027",,"Empty DataFrame
Columns: [Season, Date, Left, Joined, MV, Fee]
Index: []"
Junior Stanislas,87672,,,"Nov 26, 1989",36,1.83,England,[],Left Winger,,Retired,Bournemouth,"Oct 12, 2023",,,,"Empty DataFrame
Columns: [Season, Date, Left, Joined, MV, Fee]
Index: []"
Joelinton,333241,€25.00m,"Jun 3, 2026","Aug 14, 1996",30,1.85,Brazil,['Brazil'],Central Midfield,"                    0
0  Attacking Midfield
1         Left Winger",Newcastle,,,"Jul 23, 2019","Jun 30, 2028",,"Empty DataFrame
Columns: [Season, Date, Left, Joined, MV, Fee]
Index: []"
Gabriel Martinelli,655488,€45.00m,"Jun 3, 2026","Jun 18, 2001",25,1.78,Brazil,"['Italy', 'Brazil']",Left Winger,"              0
0  Right Winger",Al-Hilal,,,"Sep 3, 2026","Jun 30, 2030",,"Empty DataFrame
Columns: [Season, Date, Left, Joined, MV, Fee]
Index: []"
Patson Daka,365172,€3.00m,"May 28, 2026","Oct 9, 1998",27,1.83,Zambia,['Zambia'],Centre-Forward,,Hamburg,,,"Jul 22, 2026","Jun 30, 2027",,"Empty DataFrame
Columns: [Season, Date, Left, Joined, MV, Fee]
Index: []"
Jan Paul van Hecke,576314,€60.00m,"Jul 22, 2026","Jun 8, 2000",26,1.88,Netherlands,[],Centre-Back,,Tottenham,,,"Jul 1, 2026",-,,"Empty DataFrame
Columns: [Season, Date, Left, Joined, MV, Fee]
Index: []"
Sil Swinkels,646710,€250k,"May 15, 2026","Jan 6, 2004",22,1.91,Netherlands,['Netherlands'],Centre-Back,"           0
0  Left-Back",Sheff Wed,,,"Jul 2, 2026","Jun 30, 2029",,"Empty DataFrame
Columns: [Season, Date, Left, Joined, MV, Fee]
Index: []"
Ibrahima Diallo,413032,€3.50m,"May 14, 2026","Mar 8, 1999",27,1.78,France,"['Senegal', 'France']",Defensive Midfield,"                  0
0  Central Midfield",Al-Shahania SC,,,"Aug 16, 2026","Jun 30, 2027",,"Empty DataFrame
Columns: [Season, Date, Left, Joined, MV, Fee]
Index: []"
Tim Iroegbunam,696589,€18.00m,"Jun 3, 2026","Jun 30, 2003",23,1.83,England,[],Central Midfield,,Hull City,,,"Sep 1, 2026","Jun 30, 2031",,"Empty DataFrame
Columns: [Season, Date, Left, Joined, MV, Fee]
Index: []"
Wilfred Ndidi,274839,€8.00m,"May 21, 2026","Dec 16, 1996",29,1.8,Nigeria,[],Defensive Midfield,,Besiktas,,,"Aug 7, 2025","Jun 30, 2028",,"Empty DataFrame
Columns: [Season, Date, Left, Joined, MV, Fee]
Index: []"
Moussa Niakhaté,291200,€15.00m,"Jun 1, 2026","Mar 8, 1996",30,1.91,Senegal,[],Centre-Back,,Lyon,,,"Jul 4, 2024","Jun 30, 2028",,"Empty DataFrame
Columns: [Season, Date, Left, Joined, MV, Fee]
Index: []"
Will Smallbone,444211,€3.50m,"May 28, 2026","Feb 21, 2000",26,1.83,Ireland,"['England', 'Ireland']",Central Midfield,"                    0
0  Attacking Midfield
1  Defensive Midfield",Without Club,Southampton,"Jul 1, 2026",,,,"Empty DataFrame
Columns: [Season, Date, Left, Joined, MV, Fee]
Index: []"
Omari Hutchinson,741238,€30.00m,"Jun 3, 2026","Oct 30, 2003",22,1.75,England,[],Right Winger,,AC Milan,,,"Aug 31, 2026","Jun 30, 2027",,"Empty DataFrame
Columns: [Season, Date, Left, Joined, MV, Fee]
Index: []"
Nick Pope,192080,€5.00m,"Jun 3, 2026","Apr 19, 1992",34,1.98,England,[],Goalkeeper,,Newcastle,,,"Jul 1, 2022","Jun 30, 2027",,"Empty DataFrame
Columns: [Season, Date, Left, Joined, MV, Fee]
Index: []"
George Abbott,907215,€750k,"May 12, 2026","Aug 17, 2005",21,1.75,England,['England'],Defensive Midfield,"            0
0  Right-Back",Mansfield Town,,,"Sep 1, 2026","May 31, 2027",,"Empty DataFrame
Columns: [Season, Date, Left, Joined, MV, Fee]
Index: []"
Naby Keïta,302215,€1.50m,"May 19, 2026","Feb 10, 1995",31,1.73,Guinea,['Guinea'],Central Midfield,"                    0
0  Defensive Midfield
1  Attacking Midfield",Ferencváros,,,"Jan 15, 2026",-,,"Empty DataFrame
Columns: [Season, Date, Left, Joined, MV, Fee]
Index: []"
Sam Johnstone,110864,€2.00m,"Jun 3, 2026","Mar 25, 1993",33,1.93,England,['England'],Goalkeeper,,Celtic,,,"Sep 2, 2026","Jun 30, 2027",,"Empty DataFrame
Columns: [Season, Date, Left, Joined, MV, Fee]
Index: []"
Sasa Kalajdzic,369567,€4.00m,"May 26, 2026","Jul 7, 1997",29,2.01,Austria,[],Centre-Forward,,LASK,,,"Aug 30, 2026","Jun 30, 2029",,"Empty DataFrame
Columns: [Season, Date, Left, Joined, MV, Fee]
Index: []"
Joe Rothwell,183293,€600k,"May 28, 2026","Jan 11, 1995",31,1.85,England,[],Central Midfield,,Sheff Utd,,,"Feb 2, 2026","Jun 30, 2027",,"Empty DataFrame
Columns: [Season, Date, Left, Joined, MV, Fee]
Index: []"
David Brooks,277033,€12.00m,"Jun 3, 2026","Jul 8, 1997",29,1.73,Wales,[],Right Winger,,Bournemouth,,,"Jul 1, 2018","Jun 30, 2029",,"Empty DataFrame
Columns: [Season, Date, Left, Joined, MV, Fee]
Index: []"
Ivan Perisic,42460,€1.20m,"May 28, 2026","Feb 2, 1989",37,1.85,Croatia,"['Jugoslawien (SFR)', 'Croatia']",Right Winger,"               0
0  Left Midfield
1    Left Winger",PSV,,,"Sep 18, 2024","Jun 30, 2027",,"Empty DataFrame
Columns: [Season, Date, Left, Joined, MV, Fee]
Index: []"
Curtis Jones,433188,€35.00m,"Jun 3, 2026","Jan 30, 2001",25,1.85,England,[],Central Midfield,,Inter,,,"Aug 21, 2026","Jun 30, 2031",,"Empty DataFrame
Columns: [Season, Date, Left, Joined, MV, Fee]
Index: []"
Bruno Fernandes,240306,€35.00m,"Jun 3, 2026","Sep 8, 1994",32,1.83,Portugal,[],Attacking Midfield,,Man Utd,,,"Jan 29, 2020","Jun 30, 2027",,"Empty DataFrame
Columns: [Season, Date, Left, Joined, MV, Fee]
Index: []"
Pedro Porro,553875,€45.00m,"Jul 22, 2026","Sep 13, 1999",26,1.73,Spain,[],Right-Back,,Tottenham,,,"Jul 1, 2023","Jun 30, 2031",,"Empty DataFrame
Columns: [Season, Date, Left, Joined, MV, Fee]
Index: []"
Kieffer Moore,275590,€1.30m,"May 28, 2026","Aug 8, 1992",34,1.96,Wales,[],Centre-Forward,,Wrexham,,,"Aug 5, 2025","Jun 30, 2028",,"Empty DataFrame
Columns: [Season, Date, Left, Joined, MV, Fee]
Index: []"
Harry Kane,132098,€60.00m,"May 27, 2026","Jul 28, 1993",33,1.88,England,"['England', 'Ireland']",Centre-Forward,"                0
0  Second Striker",Bayern Munich,,,"Aug 12, 2023","Jun 30, 2027",,"Empty DataFrame
Columns: [Season, Date, Left, Joined, MV, Fee]
Index: []"
Leon Bailey,387626,€14.00m,"Jun 3, 2026","Aug 9, 1997",29,1.78,Jamaica,[],Right Winger,,Olympiacos,,,"Sep 2, 2026","Jun 30, 2029",,"Empty DataFrame
Columns: [Season, Date, Left, Joined, MV, Fee]
Index: []"
José Sá,249994,€3.50m,"Jun 3, 2026","Jan 17, 1993",33,1.93,Portugal,[],Goalkeeper,,Wolves,,,"Jul 15, 2021","Jun 30, 2028",,"Empty DataFrame
Columns: [Season, Date, Left, Joined, MV, Fee]
Index: []"
Tosin Adarabioyo,258878,€16.00m,"Jun 3, 2026","Sep 24, 1997",28,1.98,England,[],Centre-Back,,Tottenham,,,"Sep 1, 2026",-,,"Empty DataFrame
Columns: [Season, Date, Left, Joined, MV, Fee]
Index: []"
Ryan Bertrand,40611,,,"Aug 5, 1989",37,1.78,England,['England'],Left-Back,"               0
0  Left Midfield",Retired,Leicester,"Jul 1, 2023",,,,"Empty DataFrame
Columns: [Season, Date, Left, Joined, MV, Fee]
Index: []"
Tomáš Souček,283628,€10.00m,"Jun 3, 2026","Feb 27, 1995",31,1.93,Czech Republic,['Czech Republic'],Defensive Midfield,"                    0
0    Central Midfield
1  Attacking Midfield",West Ham,,,"Jul 27, 2020","Jun 30, 2027",,"Empty DataFrame
Columns: [Season, Date, Left, Joined, MV, Fee]
Index: []"
N'Golo Kanté,225083,€4.00m,"May 21, 2026","Mar 29, 1991",35,1.68,France,[],Defensive Midfield,,Fenerbahçe,,,"Feb 2, 2026","Jun 30, 2028",,"Empty DataFrame
Columns: [Season, Date, Left, Joined, MV, Fee]
Index: []"
Kevin Mbabu,183321,€2.20m,"May 25, 2026","Apr 19, 1995",31,1.83,Switzerland,"['DR Congo', 'Switzerland']",Right-Back,"                0
0  Right Midfield",Sampdoria,,,"Aug 31, 2026","Jun 30, 2028",,"Empty DataFrame
Columns: [Season, Date, Left, Joined, MV, Fee]
Index: []"
Pascal Struijk,410708,€22.00m,"Jun 3, 2026","Aug 11, 1999",27,1.91,Netherlands,"['Belgium', 'Netherlands']",Centre-Back,"                    0
0           Left-Back
1  Defensive Midfield",Brighton,,,"Jul 1, 2026","Jun 30, 2031",,"Empty DataFrame
Columns: [Season, Date, Left, Joined, MV, Fee]
Index: []"
João Cancelo,182712,€8.00m,"Jun 5, 2026","May 27, 1994",32,1.83,Portugal,[],Right-Back,,Barcelona,,,"Aug 20, 2026","Jun 30, 2029",,"Empty DataFrame
Columns: [Season, Date, Left, Joined, MV, Fee]
Index: []"
Pedro Porro,553875,€45.00m,"Jul 22, 2026","Sep 13, 1999",26,1.73,Spain,['Spain'],Right-Back,"                0
0  Right Midfield",Tottenham,,,"Jul 1, 2023","Jun 30, 2031",,"Empty DataFrame
Columns: [Season, Date, Left, Joined, MV, Fee]
Index: []"
Alexis Mac Allister,534033,€70.00m,"Jun 3, 2026","Dec 24, 1998",27,1.75,Argentina,[],Central Midfield,,Liverpool,,,"Jul 1, 2023","Jun 30, 2028",,"Empty DataFrame
Columns: [Season, Date, Left, Joined, MV, Fee]
Index: []"
Nathan Collins,469050,€30.00m,"Jun 3, 2026","Apr 30, 2001",25,1.93,Ireland,[],Centre-Back,,Brentford,,,"Jul 4, 2023","Jun 30, 2029",,"Empty DataFrame
Columns: [Season, Date, Left, Joined, MV, Fee]
Index: []"
Danny Welbeck,67063,€3.00m,"Jun 3, 2026","Nov 26, 1990",35,1.85,England,"['England', 'Ghana']",Centre-Forward,"             0
0  Left Winger",Chelsea,,,"Aug 1, 2026","Jun 30, 2028",,"Empty DataFrame
Columns: [Season, Date, Left, Joined, MV, Fee]
Index: []"
Mateo Kovacic,51471,€10.00m,"Jun 3, 2026","May 6, 1994",32,1.78,Croatia,[],Central Midfield,,Man City,,,"Jul 1, 2023","Jun 30, 2027",,"Empty DataFrame
Columns: [Season, Date, Left, Joined, MV, Fee]
Index: []"
Nayef Aguerd,361914,€15.00m,"Jun 1, 2026","Mar 30, 1996",30,1.91,Morocco,['Morocco'],Centre-Back,,Marseille,,,"Sep 1, 2025","Jun 30, 2030",,"Empty DataFrame
Columns: [Season, Date, Left, Joined, MV, Fee]
Index: []"
Daniel Iversen,260841,€2.50m,"May 28, 2026","Jul 19, 1997",29,1.93,Denmark,[],Goalkeeper,,Preston,,,"Jul 1, 2025","Jun 30, 2029",,"Empty DataFrame
Columns: [Season, Date, Left, Joined, MV, Fee]
Index: []"
Robert Sánchez,403151,€22.00m,"Jun 3, 2026","Nov 18, 1997",28,1.98,Spain,"['Spain', 'England']",Goalkeeper,,Como,,,"Sep 1, 2026","Jun 30, 2027",,"Empty DataFrame
Columns: [Season, Date, Left, Joined, MV, Fee]
Index: []"
Fred,191614,€4.50m,"May 21, 2026","Mar 5, 1993",33,1.7,Brazil,[],Central Midfield,,Atlético-MG,,,"Aug 14, 2026","Dec 31, 2029",,"Empty DataFrame
Columns: [Season, Date, Left, Joined, MV, Fee]
Index: []"
David de Gea,59377,€3.50m,"May 29, 2026","Nov 7, 1990",35,1.93,Spain,[],Goalkeeper,,Fiorentina,,,"Aug 9, 2024","Jun 30, 2028",,"Empty DataFrame
Columns: [Season, Date, Left, Joined, MV, Fee]
Index: []"
Luke Harris,817612,€900k,"May 12, 2026","Mar 4, 2005",21,1.78,Wales,[],Attacking Midfield,,Wigan,,,"Aug 21, 2026","May 31, 2027",,"Empty DataFrame
Columns: [Season, Date, Left, Joined, MV, Fee]
Index: []"
Martial Godo,992686,€22.00m,"Jun 1, 2026","Mar 14, 2003",23,1.78,Cote d'Ivoire,"[""Cote d'Ivoire"", 'England']",Left Winger,"                    0
0        Right Winger
1  Attacking Midfield",R. Strasbourg,,,"Sep 1, 2025","Jun 30, 2030",,"Empty DataFrame
Columns: [Season, Date, Left, Joined, MV, Fee]
Index: []"
Yegor Yarmolyuk,717411,€32.00m,"Jun 3, 2026","Mar 1, 2004",22,1.8,Ukraine,[],Central Midfield,,Brentford,,,"Jul 1, 2023","Jun 30, 2031",,"Empty DataFrame
Columns: [Season, Date, Left, Joined, MV, Fee]
Index: []"
Yerry Mina,289446,€2.50m,"May 29, 2026","Sep 23, 1994",31,1.96,Colombia,['Colombia'],Centre-Back,,Cagliari,,,"Feb 1, 2024","Jun 30, 2028",,"Empty DataFrame
Columns: [Season, Date, Left, Joined, MV, Fee]
Index: []"
Jarell Quansah,632349,€45.00m,"May 27, 2026","Jan 29, 2003",23,1.91,England,"['England', 'Scotland']",Centre-Back,"            0
0  Right-Back",Leverkusen,,,"Jul 2, 2025","Jun 30, 2030",,"Empty DataFrame
Columns: [Season, Date, Left, Joined, MV, Fee]
Index: []"
Willian,52769,€400k,"May 26, 2026","Aug 9, 1988",38,1.75,Brazil,['Brazil'],Left Winger,"                    0
0        Right Winger
1  Attacking Midfield",Without Club,Grêmio,"Aug 29, 2026",,,,"Empty DataFrame
Columns: [Season, Date, Left, Joined, MV, Fee]
Index: []"
Ian Poveda,392763,€1.20m,"Jun 4, 2026","Feb 9, 2000",26,1.68,Colombia,[],Right Winger,,Atl. Nacional,,,"Aug 8, 2026","Dec 31, 2027",,"Empty DataFrame
Columns: [Season, Date, Left, Joined, MV, Fee]
Index: []"
Diego Llorente,246291,€2.50m,"Jun 5, 2026","Aug 16, 1993",33,1.85,Spain,[],Centre-Back,,Real Betis,,,"Jul 9, 2024","Jun 30, 2028",,"Empty DataFrame
Columns: [Season, Date, Left, Joined, MV, Fee]
Index: []"
Lyle Taylor,104495,,,"Mar 29, 1990",36,1.88,Montserrat,[],Centre-Forward,,Chelmsford,,,"Aug 7, 2025","Jun 30, 2027",,"Empty DataFrame
Columns: [Season, Date, Left, Joined, MV, Fee]
Index: []"
Evan Ferguson,648046,€20.00m,"May 29, 2026","Oct 19, 2004",21,1.88,Ireland,"['England', 'Ireland']",Centre-Forward,,Brighton,,,"Jul 1, 2022","Jun 30, 2029",,"Empty DataFrame
Columns: [Season, Date, Left, Joined, MV, Fee]
Index: []"
Richarlison,378710,€25.00m,"Jun 3, 2026","May 10, 1997",29,1.83,Brazil,[],Centre-Forward,,Tottenham,,,"Jul 1, 2022","Jun 30, 2027",,"Empty DataFrame
Columns: [Season, Date, Left, Joined, MV, Fee]
Index: []"
Vitaliy Mykolenko,404842,€25.00m,"Jun 3, 2026","May 29, 1999",27,1.8,Ukraine,['Ukraine'],Left-Back,"               0
0    Centre-Back
1  Left Midfield",Everton,,,"Jan 1, 2022","Jun 30, 2029",,"Empty DataFrame
Columns: [Season, Date, Left, Joined, MV, Fee]
Index: []"
Jamal Lewis,346018,€1.50m,"May 28, 2026","Jan 25, 1998",28,1.78,Northern Ireland,"['England', 'Northern Ireland']",Left-Back,"               0
0  Left Midfield",Without Club,Preston,"Jul 1, 2026",,,,"Empty DataFrame
Columns: [Season, Date, Left, Joined, MV, Fee]
Index: []"
Harvey Vale,581675,€4.00m,"May 28, 2026","Sep 11, 2003",23,1.8,Ireland,"['England', 'Ireland']",Right Midfield,"                    0
0  Attacking Midfield
1       Left Midfield",QPR,,,"Feb 3, 2025","Jun 30, 2028",,"Empty DataFrame
Columns: [Season, Date, Left, Joined, MV, Fee]
Index: []"
Ethan Pinnock,442248,€3.00m,"Jun 3, 2026","May 29, 1993",33,1.93,Jamaica,"['England', 'Jamaica']",Centre-Back,,Coventry,,,"Aug 26, 2026",-,,"Empty DataFrame
Columns: [Season, Date, Left, Joined, MV, Fee]
Index: []"
Jaden Philogene,665390,€20.00m,"May 28, 2026","Feb 8, 2002",24,1.8,England,[],Left Winger,,Ipswich,,,"Jan 15, 2025","Jun 30, 2029",,"Empty DataFrame
Columns: [Season, Date, Left, Joined, MV, Fee]
Index: []"
Jonny Otto,175446,€2.20m,"Jun 5, 2026","Mar 3, 1994",32,1.75,Spain,[],Right-Back,,Alavés,,,"Jul 2, 2025","Jun 30, 2027",,"Empty DataFrame
Columns: [Season, Date, Left, Joined, MV, Fee]
Index: []"
Mohamed Elneny,160438,€1.20m,"May 26, 2026","Jul 11, 1992",34,1.8,Egypt,[],Defensive Midfield,,Without Club,Al-Jazira,"Jul 1, 2026",,,,"Empty DataFrame
Columns: [Season, Date, Left, Joined, MV, Fee]
Index: []"
James Bree,324223,€2.50m,"May 28, 2026","Dec 11, 1997",28,1.83,England,['England'],Right-Back,,Southampton,,,"Jan 26, 2023","Jun 30, 2029",,"Empty DataFrame
Columns: [Season, Date, Left, Joined, MV, Fee]
Index: []"
Jamal Lowe,239949,€500k,"May 28, 2026","Jul 21, 1994",32,1.83,Jamaica,"['England', 'Jamaica']",Centre-Forward,"              0
0   Left Winger
1  Right Winger",Sheff Wed,,,"Jul 1, 2024","Jun 30, 2027",,"Empty DataFrame
Columns: [Season, Date, Left, Joined, MV, Fee]
Index: []"
Tomáš Souček,283628,€10.00m,"Jun 3, 2026","Feb 27, 1995",31,1.93,Czech Republic,[],Defensive Midfield,,West Ham,,,"Jul 27, 2020","Jun 30, 2027",,"Empty DataFrame
Columns: [Season, Date, Left, Joined, MV, Fee]
Index: []"
Christian Eriksen,69633,€2.50m,"May 27, 2026","Feb 14, 1992",34,1.83,Denmark,[],Attacking Midfield,,Wolfsburg,,,"Sep 10, 2025","Jun 30, 2027",,"Empty DataFrame
Columns: [Season, Date, Left, Joined, MV, Fee]
Index: []"
James Ward-Prowse,181579,€5.00m,"Jun 3, 2026","Nov 1, 1994",31,1.78,England,['England'],Central Midfield,"                    0
0  Attacking Midfield
1      Right Midfield",Southampton,,,"Aug 28, 2026","Jun 30, 2028",,"Empty DataFrame
Columns: [Season, Date, Left, Joined, MV, Fee]
Index: []"
Lewis Hall,670858,€40.00m,"Jun 3, 2026","Sep 8, 2004",22,1.78,England,[],Left-Back,,Newcastle,,,"Jul 1, 2024",-,,"Empty DataFrame
Columns: [Season, Date, Left, Joined, MV, Fee]
Index: []"
Ivan Perisic,42460,€1.20m,"May 28, 2026","Feb 2, 1989",37,1.85,Croatia,[],Right Winger,,PSV,,,"Sep 18, 2024","Jun 30, 2027",,"Empty DataFrame
Columns: [Season, Date, Left, Joined, MV, Fee]
Index: []"
Antef Tsoungui,503858,€1.00m,"May 28, 2026","Dec 30, 2002",23,1.85,Belgium,"['England', 'Belgium']",Defensive Midfield,"             0
0  Centre-Back
1   Right-Back",Estoril,,,"Sep 1, 2025","Jun 30, 2029",,"Empty DataFrame
Columns: [Season, Date, Left, Joined, MV, Fee]
Index: []"
Lucas Paquetá,444523,€32.00m,"May 26, 2026","Aug 27, 1997",29,1.83,Brazil,"['Portugal', 'Brazil']",Attacking Midfield,"                  0
0  Central Midfield
1     Left Midfield",Flamengo,,,"Jan 28, 2026","Dec 31, 2030",,"Empty DataFrame
Columns: [Season, Date, Left, Joined, MV, Fee]
Index: []"
Eberechi Eze,479999,€65.00m,"Jun 3, 2026","Jun 29, 1998",28,1.78,England,"['England', 'Nigeria']",Attacking Midfield,"                  0
0       Left Winger
1  Central Midfield",Arsenal,,,"Aug 23, 2025","Jun 30, 2029",,"Empty DataFrame
Columns: [Season, Date, Left, Joined, MV, Fee]
Index: []"
Luis Díaz,480692,€70.00m,"May 27, 2026","Jan 13, 1997",29,1.78,Colombia,[],Left Winger,,Bayern Munich,,,"Jul 30, 2025","Jun 30, 2029",,"Empty DataFrame
Columns: [Season, Date, Left, Joined, MV, Fee]
Index: []"
Ivan Toney,251664,€20.00m,"Jun 4, 2026","Mar 16, 1996",30,1.85,England,"['England', 'Jamaica']",Centre-Forward,,Al-Ahli,,,"Aug 31, 2024","Jun 30, 2028",,"Empty DataFrame
Columns: [Season, Date, Left, Joined, MV, Fee]
Index: []"
Krisztián Hegyi,543726,€400k,"May 19, 2026","Sep 24, 2002",23,1.96,Hungary,[],Goalkeeper,,Sparta Prague,,,"Jul 1, 2026",-,,"Empty DataFrame
Columns: [Season, Date, Left, Joined, MV, Fee]
Index: []"
Conor Coady,128901,€1.00m,"May 28, 2026","Feb 25, 1993",33,1.85,England,[],Centre-Back,,Without Club,Wrexham,"Aug 31, 2026",,,,"Empty DataFrame
Columns: [Season, Date, Left, Joined, MV, Fee]
Index: []"
Travis Patterson,874902,€300k,"May 26, 2026","Oct 6, 2005",20,1.78,England,['England'],Left-Back,"                  0
0     Left Midfield
1  Central Midfield",Aston Villa U21,,,"Jul 1, 2023",-,,"Empty DataFrame
Columns: [Season, Date, Left, Joined, MV, Fee]
Index: []"
Álvaro Carreras,811778,€50.00m,"Jun 5, 2026","Mar 23, 2003",23,1.85,Spain,['Spain'],Left-Back,,Real Madrid,,,"Jul 14, 2025","Jun 30, 2031",,"Empty DataFrame
Columns: [Season, Date, Left, Joined, MV, Fee]
Index: []"
Diogo Dalot,357147,€30.00m,"Jun 3, 2026","Mar 18, 1999",27,1.83,Portugal,[],Right-Back,,Man Utd,,,"Jul 1, 2018","Jun 30, 2028",,"Empty DataFrame
Columns: [Season, Date, Left, Joined, MV, Fee]
Index: []"
Lewis Brunt,533657,€800k,"May 28, 2026","Nov 6, 2000",25,1.88,England,[],Centre-Back,,Bolton,,,"Aug 12, 2026","Jun 30, 2030",,"Empty DataFrame
Columns: [Season, Date, Left, Joined, MV, Fee]
Index: []"
Vicente Guaita,64399,€100k,"Apr 9, 2026","Jan 10, 1987",39,1.91,Spain,['Spain'],Goalkeeper,,Without Club,Parma,"Jan 23, 2026",,,,"Empty DataFrame
Columns: [Season, Date, Left, Joined, MV, Fee]
Index: []"
Liam Cooper,75067,€200k,"May 28, 2026","Aug 30, 1991",35,1.85,Scotland,[],Centre-Back,,Sheff Wed,,,"Nov 17, 2025","Jun 30, 2027",,"Empty DataFrame
Columns: [Season, Date, Left, Joined, MV, Fee]
Index: []"
Raphaël Varane,164770,,,"Apr 25, 1993",33,1.91,France,"['Martinique', 'France']",Centre-Back,,Retired,Como,"Sep 25, 2024",,,,"Empty DataFrame
Columns: [Season, Date, Left, Joined, MV, Fee]
Index: []"
Weston McKennie,332697,€30.00m,"May 29, 2026","Aug 28, 1998",28,1.8,United States,[],Central Midfield,,Juventus,,,"Jul 1, 2021","Jun 30, 2030",,"Empty DataFrame
Columns: [Season, Date, Left, Joined, MV, Fee]
Index: []"
Emiliano Martínez,111873,€12.00m,"Jun 3, 2026","Sep 2, 1992",34,1.96,Argentina,[],Goalkeeper,,Chelsea,,,"Aug 30, 2026","Jun 30, 2029",,"Empty DataFrame
Columns: [Season, Date, Left, Joined, MV, Fee]
Index: []"
Jack Stephens,163744,€1.00m,"May 28, 2026","Jan 27, 1994",32,1.85,England,['England'],Centre-Back,"                    0
0  Defensive Midfield
1          Right-Back",Southampton,,,"Jul 1, 2013","Jun 30, 2028",,"Empty DataFrame
Columns: [Season, Date, Left, Joined, MV, Fee]
Index: []"
Michael Keane,118534,€3.00m,"Jun 3, 2026","Jan 11, 1993",33,1.88,England,"['England', 'Ireland']",Centre-Back,,Everton,,,"Jul 3, 2017","Jun 30, 2027",,"Empty DataFrame
Columns: [Season, Date, Left, Joined, MV, Fee]
Index: []"
Scott McKenna,255906,€4.00m,"May 29, 2026","Nov 12, 1996",29,1.88,Scotland,[],Centre-Back,,Dinamo Zagreb,,,"Jul 16, 2025","Jun 30, 2029",,"Empty DataFrame
Columns: [Season, Date, Left, Joined, MV, Fee]
Index: []"
Oliver Skipp,406638,€4.00m,"May 28, 2026","Sep 16, 2000",25,1.75,England,[],Defensive Midfield,,Charlton,,,"Sep 1, 2026","Jun 30, 2027",,"Empty DataFrame
Columns: [Season, Date, Left, Joined, MV, Fee]
Index: []"
Jefferson Lerma,262980,€6.00m,"Jun 3, 2026","Oct 25, 1994",31,1.8,Colombia,[],Defensive Midfield,,Crystal Palace,,,"Jul 1, 2023","Jun 30, 2027",,"Empty DataFrame
Columns: [Season, Date, Left, Joined, MV, Fee]
Index: []"
Diego Costa,44779,,,"Oct 7, 1988",37,1.85,Spain,[],Centre-Forward,,Retired,Grêmio,"Jan 1, 2026",,,,"Empty DataFrame
Columns: [Season, Date, Left, Joined, MV, Fee]
Index: []"
Nico Lawrence,989472,,,"Nov 22, 2003",22,,England,"['England', 'Italy']",Centre-Back,"                    0
0  Defensive Midfield",Without Club,Farnborough,"Jul 1, 2026",,,,"Empty DataFrame
Columns: [Season, Date, Left, Joined, MV, Fee]
Index: []"
Julio Enciso,660867,€25.00m,"Jun 1, 2026","Jan 23, 2004",22,1.73,Paraguay,['Paraguay'],Attacking Midfield,"                0
0     Left Winger
1  Centre-Forward",Ipswich,,,"Aug 17, 2026","Jun 30, 2031",,"Empty DataFrame
Columns: [Season, Date, Left, Joined, MV, Fee]
Index: []"
Ellis Simms,511550,€12.00m,"May 28, 2026","Jan 5, 2001",25,1.91,England,"['England', 'Poland']",Centre-Forward,,Coventry,,,"Jul 7, 2023","Jun 30, 2027",,"Empty DataFrame
Columns: [Season, Date, Left, Joined, MV, Fee]
Index: []"
Kelechi Iheanacho,295330,€3.00m,"May 20, 2026","Oct 3, 1996",29,1.85,Nigeria,[],Centre-Forward,,Bursaspor,,,"Jul 17, 2026","Jun 30, 2029",,"Empty DataFrame
Columns: [Season, Date, Left, Joined, MV, Fee]
Index: []"
Moisés Caicedo,687626,€100.00m,"Jun 3, 2026","Nov 2, 2001",24,1.78,Ecuador,['Ecuador'],Defensive Midfield,"                  0
0  Central Midfield
1        Right-Back",Chelsea,,,"Aug 14, 2023","Jun 30, 2033",,"Empty DataFrame
Columns: [Season, Date, Left, Joined, MV, Fee]
Index: []"
Matt Targett,250478,€3.00m,"May 28, 2026","Sep 18, 1995",30,1.83,England,"['England', 'Scotland']",Left-Back,"               0
0  Left Midfield",Hull City,,,"Jul 23, 2026","Jun 30, 2028",,"Empty DataFrame
Columns: [Season, Date, Left, Joined, MV, Fee]
Index: []"
Andrew Moran,724537,€1.50m,"May 28, 2026","Oct 15, 2003",22,1.78,Ireland,['Ireland'],Attacking Midfield,"                  0
0  Central Midfield
1      Right Winger",Preston,,,"Feb 2, 2026","Jun 30, 2029",,"Empty DataFrame
Columns: [Season, Date, Left, Joined, MV, Fee]
Index: []"
James McArthur,41416,,,"Oct 7, 1987",38,1.78,Scotland,[],Central Midfield,,Retired,Crystal Palace,"Aug 7, 2023",,,,"Empty DataFrame
Columns: [Season, Date, Left, Joined, MV, Fee]
Index: []"
Layvin Kurzawa,126710,€600k,"May 27, 2026","Sep 4, 1992",34,1.83,France,[],Left-Back,,Without Club,PERSIB,"Jul 1, 2026",,,,"Empty DataFrame
Columns: [Season, Date, Left, Joined, MV, Fee]
Index: []"
Phil Foden,406635,€70.00m,"Jun 3, 2026","May 28, 2000",26,1.7,England,['England'],Attacking Midfield,"              0
0   Left Winger
1  Right Winger",Man City,,,"Jul 1, 2017","Jun 30, 2030",,"Empty DataFrame
Columns: [Season, Date, Left, Joined, MV, Fee]
Index: []"
Jakub Kiwior,425918,€35.00m,"May 28, 2026","Feb 15, 2000",26,1.88,Poland,[],Centre-Back,,Porto,,,"Jul 1, 2026","Jun 30, 2030",,"Empty DataFrame
Columns: [Season, Date, Left, Joined, MV, Fee]
Index: []"
Jan Bednarek,243028,€11.00m,"May 28, 2026","Apr 12, 1996",30,1.88,Poland,['Poland'],Centre-Back,,Porto,,,"Jul 28, 2025","Jun 30, 2029",,"Empty DataFrame
Columns: [Season, Date, Left, Joined, MV, Fee]
Index: []"
Dan Nlundulu,346482,€350k,"May 20, 2026","Feb 5, 1999",27,1.85,England,[],Centre-Forward,,Petrolul,,,"Jul 9, 2026","Jun 30, 2028",,"Empty DataFrame
Columns: [Season, Date, Left, Joined, MV, Fee]
Index: []"
Ollie O'Neill,610786,€650k,"May 12, 2026","Jan 8, 2003",23,1.85,Ireland,"['England', 'Ireland']",Left Winger,"               0
0   Right Winger
1  Left Midfield",Leyton Orient,,,"Jan 23, 2024","Jun 30, 2028",,"Empty DataFrame
Columns: [Season, Date, Left, Joined, MV, Fee]
Index: []"
Edouard Mendy,442531,€4.00m,"Jun 4, 2026","Mar 1, 1992",34,1.93,Senegal,[],Goalkeeper,,Al-Ahli,,,"Jul 1, 2023","Jun 30, 2028",,"Empty DataFrame
Columns: [Season, Date, Left, Joined, MV, Fee]
Index: []"
Abdoulaye Doucouré,127187,€5.00m,"Jun 4, 2026","Jan 1, 1993",33,1.83,Mali,[],Attacking Midfield,,Without Club,NEOM SC,"Jul 1, 2026",,,,"Empty DataFrame
Columns: [Season, Date, Left, Joined, MV, Fee]
Index: []"
Rob Holding,253341,€3.00m,"Jun 2, 2026","Sep 20, 1995",30,1.88,England,[],Centre-Back,,Colorado,,,"Aug 3, 2025","Dec 31, 2026",,"Empty DataFrame
Columns: [Season, Date, Left, Joined, MV, Fee]
Index: []"
Jeff Hendrick,148262,,,"Jan 31, 1992",34,1.85,Ireland,[],Central Midfield,,Retired,Derby,"Jul 1, 2025",,,,"Empty DataFrame
Columns: [Season, Date, Left, Joined, MV, Fee]
Index: []"
Amari Miller,733308,,,"Nov 4, 2002",23,1.75,England,['England'],Left Winger,"              0
0  Right Winger",Without Club,Leeds United U23,"Jul 1, 2025",,,,"Empty DataFrame
Columns: [Season, Date, Left, Joined, MV, Fee]
Index: []"
Keane Lewis-Potter,644401,€25.00m,"Jun 3, 2026","Feb 22, 2001",25,1.7,England,['England'],Left Midfield,"             0
0    Left-Back
1  Left Winger",Brentford,,,"Jul 12, 2022","Jun 30, 2031",,"Empty DataFrame
Columns: [Season, Date, Left, Joined, MV, Fee]
Index: []"
Sam Surridge,398402,€8.00m,"Jun 2, 2026","Jul 28, 1998",28,1.91,England,[],Centre-Forward,,Nashville,,,"Jul 25, 2023","Jun 30, 2028",,"Empty DataFrame
Columns: [Season, Date, Left, Joined, MV, Fee]
Index: []"
Sonny Perkins,670877,€600k,"May 12, 2026","Feb 10, 2004",22,1.88,England,[],Right Winger,,Wigan,,,"Jul 1, 2026","Jun 30, 2028",,"Empty DataFrame
Columns: [Season, Date, Left, Joined, MV, Fee]
Index: []"
Viljami Sinisalo,484838,€1.00m,"May 20, 2026","Oct 11, 2001",24,1.91,Finland,['Finland'],Goalkeeper,,Celtic,,,"Jul 16, 2024","Jun 30, 2029",,"Empty DataFrame
Columns: [Season, Date, Left, Joined, MV, Fee]
Index: []"
Kristoffer Klaesson,418561,,,"Nov 27, 2000",25,1.88,Norway,['Norway'],Goalkeeper,,Retired,Aalesunds FK,"Jul 1, 2026",,,,"Empty DataFrame
Columns: [Season, Date, Left, Joined, MV, Fee]
Index: []"
Takehiro Tomiyasu,331560,€5.00m,"May 28, 2026","Nov 5, 1998",27,1.88,Japan,[],Centre-Back,,Crystal Palace,,,"Aug 7, 2026",-,,"Empty DataFrame
Columns: [Season, Date, Left, Joined, MV, Fee]
Index: []"
Isaac Hayden,206225,€400k,"May 28, 2026","Mar 22, 1995",31,1.88,Jamaica,"['England', 'Jamaica']",Defensive Midfield,"             0
0  Centre-Back",Leyton Orient,,,"Jul 10, 2026","Jun 30, 2028",,"Empty DataFrame
Columns: [Season, Date, Left, Joined, MV, Fee]
Index: []"
Stanley Mills,801005,€1.00m,"May 28, 2026","Oct 25, 2003",22,1.8,England,[],Right Winger,,Preston,,,"Aug 27, 2026","Jun 30, 2029",,"Empty DataFrame
Columns: [Season, Date, Left, Joined, MV, Fee]
Index: []"
Andrew Robertson,234803,€7.00m,"Jun 3, 2026","Mar 11, 1994",32,1.78,Scotland,[],Left-Back,,Tottenham,,,"Jul 1, 2026","Jun 30, 2030",,"Empty DataFrame
Columns: [Season, Date, Left, Joined, MV, Fee]
Index: []"
Jeremy Sarmiento,568005,€5.00m,"May 28, 2026","Jun 16, 2002",24,1.78,Ecuador,[],Left Winger,,Middlesbrough,,,"Jul 1, 2026","Jun 30, 2030",,"Empty DataFrame
Columns: [Season, Date, Left, Joined, MV, Fee]
Index: []"
Wilfried Zaha,145988,€3.50m,"Jun 2, 2026","Nov 10, 1992",33,1.8,Cote d'Ivoire,[],Left Winger,,Without Club,Galatasaray,"Jul 1, 2026",,,,"Empty DataFrame
Columns: [Season, Date, Left, Joined, MV, Fee]
Index: []"
Emiliano Buendía,321247,€16.00m,"Jun 3, 2026","Dec 25, 1996",29,1.73,Argentina,"['Argentina', 'Spain']",Attacking Midfield,"              0
0  Right Winger
1   Left Winger",Aston Villa,,,"Jul 1, 2021","Jun 30, 2027",,"Empty DataFrame
Columns: [Season, Date, Left, Joined, MV, Fee]
Index: []"
Bradley Ibrahim,871837,€550k,"May 12, 2026","Oct 21, 2004",21,1.88,England,[],Defensive Midfield,,Plymouth,,,"Jul 1, 2025","Jun 30, 2029",,"Empty DataFrame
Columns: [Season, Date, Left, Joined, MV, Fee]
Index: []"
Tyler Adams,332705,€25.00m,"Jun 3, 2026","Feb 14, 1999",27,1.75,United States,[],Defensive Midfield,,Bournemouth,,,"Aug 20, 2023","Jun 30, 2028",,"Empty DataFrame
Columns: [Season, Date, Left, Joined, MV, Fee]
Index: []"
Mason Mount,346483,€25.00m,"Jun 3, 2026","Jan 10, 1999",27,1.8,England,[],Attacking Midfield,,Man Utd,,,"Jul 5, 2023","Jun 30, 2028",,"Empty DataFrame
Columns: [Season, Date, Left, Joined, MV, Fee]
Index: []"
Jean-Philippe Mateta,420002,€30.00m,"Jun 3, 2026","Jun 28, 1997",29,1.93,France,"['DR Congo', 'France']",Centre-Forward,,Crystal Palace,,,"Jan 31, 2022","Jun 30, 2027",,"Empty DataFrame
Columns: [Season, Date, Left, Joined, MV, Fee]
Index: []"
Joël Veltman,111195,€1.50m,"Jun 3, 2026","Jan 15, 1992",34,1.83,Netherlands,[],Right-Back,,West Ham,,,"Aug 6, 2026","Jun 30, 2027",,"Empty DataFrame
Columns: [Season, Date, Left, Joined, MV, Fee]
Index: []"
Vladimír Coufal,157672,€2.50m,"May 27, 2026","Aug 22, 1992",34,1.75,Czech Republic,"['Czech Republic', 'CSSR']",Right-Back,"                0
0  Right Midfield",Hoffenheim,,,"Aug 5, 2025","Jun 30, 2028",,"Empty DataFrame
Columns: [Season, Date, Left, Joined, MV, Fee]
Index: []"
Thilo Kehrer,228948,€12.00m,"Jun 1, 2026","Sep 21, 1996",29,1.85,Germany,"['Burundi', 'Germany']",Centre-Back,"                    0
0          Right-Back
1  Defensive Midfield",Ajax,,,"Sep 2, 2026","Jun 30, 2027",,"Empty DataFrame
Columns: [Season, Date, Left, Joined, MV, Fee]
Index: []"
Tom Cannon,669366,€7.00m,"May 28, 2026","Dec 28, 2002",23,1.8,Ireland,"['England', 'Ireland']",Centre-Forward,,Sheff Utd,,,"Jan 23, 2025","Jun 30, 2029",,"Empty DataFrame
Columns: [Season, Date, Left, Joined, MV, Fee]
Index: []"
Mathias Jensen,319859,€10.00m,"Jun 3, 2026","Jan 1, 1996",30,1.8,Denmark,[],Central Midfield,,Brentford,,,"Jul 10, 2019","Jun 30, 2027",,"Empty DataFrame
Columns: [Season, Date, Left, Joined, MV, Fee]
Index: []"
Leander Dendoncker,168157,€1.80m,"Jun 5, 2026","Apr 15, 1995",31,1.88,Belgium,['Belgium'],Defensive Midfield,"                  0
0  Central Midfield
1       Centre-Back",Hajduk Split,,,"Sep 3, 2026","Jun 30, 2028",,"Empty DataFrame
Columns: [Season, Date, Left, Joined, MV, Fee]
Index: []"
Aaron Wan-Bissaka,477758,€15.00m,"Jun 3, 2026","Nov 26, 1997",28,1.83,DR Congo,"['England', 'DR Congo']",Right-Back,"                0
0       Left-Back
1  Right Midfield",Aston Villa,,,"Aug 21, 2026","Jun 30, 2027",,"Empty DataFrame
Columns: [Season, Date, Left, Joined, MV, Fee]
Index: []"
Cody Gakpo,434675,€60.00m,"Jun 3, 2026","May 7, 1999",27,1.93,Netherlands,"['Togo', 'Netherlands']",Left Winger,"                0
0  Centre-Forward",Liverpool,,,"Jan 1, 2023","Jun 30, 2030",,"Empty DataFrame
Columns: [Season, Date, Left, Joined, MV, Fee]
Index: []"
Lamare Bogarde,645686,€18.00m,"Jun 3, 2026","Jan 5, 2004",22,1.85,Netherlands,[],Defensive Midfield,,Aston Villa,,,"Jul 1, 2024","Jun 30, 2028",,"Empty DataFrame
Columns: [Season, Date, Left, Joined, MV, Fee]
Index: []"
Giulian Biancone,536507,€2.50m,"Jun 4, 2026","Mar 31, 2000",26,1.88,France,['France'],Centre-Back,"            0
0  Right-Back
1   Left-Back",RSC Anderlecht,,,"Jul 1, 2026","Jun 30, 2029",,"Empty DataFrame
Columns: [Season, Date, Left, Joined, MV, Fee]
Index: []"
Harvey Vale,581675,€4.00m,"May 28, 2026","Sep 11, 2003",23,1.8,Ireland,[],Right Midfield,,QPR,,,"Feb 3, 2025","Jun 30, 2028",,"Empty DataFrame
Columns: [Season, Date, Left, Joined, MV, Fee]
Index: []"
Christian Nørgaard,148367,€5.00m,"Jun 3, 2026","Mar 10, 1994",32,1.88,Denmark,['Denmark'],Defensive Midfield,"                  0
0  Central Midfield",Everton,,,"Aug 5, 2026","Jun 30, 2028",,"Empty DataFrame
Columns: [Season, Date, Left, Joined, MV, Fee]
Index: []"
Kamarai Swyer,693066,€100k,"May 12, 2026","Dec 4, 2002",23,1.83,England,['England'],Attacking Midfield,"             0
0  Left Winger",Northampton,,,"Jul 1, 2025","Jun 30, 2027",,"Empty DataFrame
Columns: [Season, Date, Left, Joined, MV, Fee]
Index: []"
Virgil van Dijk,139208,€15.00m,"Jun 3, 2026","Jul 8, 1991",35,1.96,Netherlands,[],Centre-Back,,Liverpool,,,"Jan 1, 2018","Jun 30, 2027",,"Empty DataFrame
Columns: [Season, Date, Left, Joined, MV, Fee]
Index: []"
Ethan Nwaneri,890719,€35.00m,"Jun 1, 2026","Mar 21, 2007",19,1.75,England,"['England', 'Nigeria']",Attacking Midfield,"                0
0    Right Winger
1  Centre-Forward",Dortmund,,,"Sep 1, 2026","Jun 30, 2027",,"Empty DataFrame
Columns: [Season, Date, Left, Joined, MV, Fee]
Index: []"
Wout Faes,292808,€10.00m,"Jun 1, 2026","Apr 3, 1998",28,1.88,Belgium,[],Centre-Back,,Leicester,,,"Sep 1, 2022","Jun 30, 2027",,"Empty DataFrame
Columns: [Season, Date, Left, Joined, MV, Fee]
Index: []"
Ethan Wady,573132,,,"Jan 23, 2002",24,1.96,United States,"['United States', 'England']",Goalkeeper,,Retired,Millwall U21,"Jul 1, 2025",,,,"Empty DataFrame
Columns: [Season, Date, Left, Joined, MV, Fee]
Index: []"
Alex Smithies,33754,,,"Mar 5, 1990",36,1.88,England,['England'],Goalkeeper,,Retired,Leicester,"Jan 22, 2024",,,,"Empty DataFrame
Columns: [Season, Date, Left, Joined, MV, Fee]
Index: []"
Aaron Cresswell,92571,€300k,"May 28, 2026","Dec 15, 1989",36,1.7,England,['England'],Left-Back,"               0
0  Left Midfield
1    Centre-Back",Stoke City,,,"Jul 10, 2025","Jun 30, 2027",,"Empty DataFrame
Columns: [Season, Date, Left, Joined, MV, Fee]
Index: []"
Kenny Tete,206746,€8.00m,"Jun 3, 2026","Oct 9, 1995",30,1.8,Netherlands,[],Right-Back,,Fulham,,,"Sep 10, 2020","Jun 30, 2028",,"Empty DataFrame
Columns: [Season, Date, Left, Joined, MV, Fee]
Index: []"
Mark Gillespie,142389,€100k,"Jun 3, 2026","Mar 27, 1992",34,1.91,England,[],Goalkeeper,,Newcastle,,,"Jul 3, 2020","Jun 30, 2027",,"Empty DataFrame
Columns: [Season, Date, Left, Joined, MV, Fee]
Index: []"
John Stones,186590,€12.00m,"Jun 3, 2026","May 28, 1994",32,1.88,England,[],Centre-Back,,Inter,,,"Jul 30, 2026","Jun 30, 2028",,"Empty DataFrame
Columns: [Season, Date, Left, Joined, MV, Fee]
Index: []"
Rasmus Nissen Kristensen,369684,€10.00m,"May 27, 2026","Jul 11, 1997",29,1.88,Denmark,[],Right-Back,,Midtjylland,,,"Jul 1, 2026","Jun 30, 2031",,"Empty DataFrame
Columns: [Season, Date, Left, Joined, MV, Fee]
Index: []"
Nathan Patterson,424015,€10.00m,"Jun 3, 2026","Oct 16, 2001",24,1.83,Scotland,[],Right-Back,,Torino,,,"Sep 1, 2026","Jun 30, 2029",,"Empty DataFrame
Columns: [Season, Date, Left, Joined, MV, Fee]
Index: []"
Steve Cook,90836,€200k,"May 28, 2026","Apr 19, 1991",35,1.85,England,[],Centre-Back,,Wycombe,,,"Jul 3, 2026",-,,"Empty DataFrame
Columns: [Season, Date, Left, Joined, MV, Fee]
Index: []"
Bernd Leno,72476,€6.00m,"Jun 3, 2026","Mar 4, 1992",34,1.91,Germany,[],Goalkeeper,,Fulham,,,"Aug 2, 2022","Jun 30, 2027",,"Empty DataFrame
Columns: [Season, Date, Left, Joined, MV, Fee]
Index: []"
Stuart Dallas,158764,,,"Apr 19, 1991",35,1.83,Northern Ireland,['Northern Ireland'],Left Midfield,"                0
0       Left-Back
1  Right Midfield",Retired,Leeds,"Apr 10, 2024",,,,"Empty DataFrame
Columns: [Season, Date, Left, Joined, MV, Fee]
Index: []"
Darwin Núñez,546543,€20.00m,"Jun 4, 2026","Jun 24, 1999",27,1.85,Uruguay,[],Centre-Forward,,Al-Diriyah,,,"Aug 22, 2026","Jun 30, 2027",,"Empty DataFrame
Columns: [Season, Date, Left, Joined, MV, Fee]
Index: []"
Tyrell Malacia,339340,€4.00m,"Jun 3, 2026","Aug 17, 1999",27,1.7,Netherlands,[],Left-Back,,Without Club,Man Utd,"Jul 1, 2026",,,,"Empty DataFrame
Columns: [Season, Date, Left, Joined, MV, Fee]
Index: []"
Mason Mount,346483,€25.00m,"Jun 3, 2026","Jan 10, 1999",27,1.8,England,['England'],Attacking Midfield,"                  0
0  Central Midfield
1     Left Midfield",Man Utd,,,"Jul 5, 2023","Jun 30, 2028",,"Empty DataFrame
Columns: [Season, Date, Left, Joined, MV, Fee]
Index: []"
Luke Shaw,183288,€8.00m,"Jun 3, 2026","Jul 12, 1995",31,1.78,England,['England'],Left-Back,"               0
0    Centre-Back
1  Left Midfield",Man Utd,,,"Jul 1, 2014","Jun 30, 2027",,"Empty DataFrame
Columns: [Season, Date, Left, Joined, MV, Fee]
Index: []"
Yoane Wissa,388165,€25.00m,"Jun 3, 2026","Sep 3, 1996",30,1.75,DR Congo,[],Centre-Forward,,Newcastle,,,"Sep 1, 2025","Jun 30, 2029",,"Empty DataFrame
Columns: [Season, Date, Left, Joined, MV, Fee]
Index: []"
Fabinho,225693,€12.00m,"Jun 4, 2026","Oct 23, 1993",32,1.88,Brazil,['Brazil'],Defensive Midfield,"             0
0   Right-Back
1  Centre-Back",Trabzonspor,,,"Aug 24, 2026","Jun 30, 2028",,"Empty DataFrame
Columns: [Season, Date, Left, Joined, MV, Fee]
Index: []"
Shandon Baptiste,533916,€1.00m,"May 12, 2026","Apr 8, 1998",28,1.8,Grenada,[],Central Midfield,,Luton,,,"Jul 6, 2024",-,,"Empty DataFrame
Columns: [Season, Date, Left, Joined, MV, Fee]
Index: []"
Rúben Vinagre,357158,€1.50m,"Jun 4, 2026","Apr 9, 1999",27,1.75,Portugal,[],Left Midfield,,Legia Warszawa,,,"Feb 6, 2025","Jun 30, 2028",,"Empty DataFrame
Columns: [Season, Date, Left, Joined, MV, Fee]
Index: []"
Aaron Cresswell,92571,€300k,"May 28, 2026","Dec 15, 1989",36,1.7,England,[],Left-Back,,Stoke City,,,"Jul 10, 2025","Jun 30, 2027",,"Empty DataFrame
Columns: [Season, Date, Left, Joined, MV, Fee]
Index: []"
Kenny Tete,206746,€8.00m,"Jun 3, 2026","Oct 9, 1995",30,1.8,Netherlands,"['Mozambique', 'Netherlands']",Right-Back,"             0
0  Centre-Back
1    Left-Back",Fulham,,,"Sep 10, 2020","Jun 30, 2028",,"Empty DataFrame
Columns: [Season, Date, Left, Joined, MV, Fee]
Index: []"
Patson Daka,365172,€3.00m,"May 28, 2026","Oct 9, 1998",27,1.83,Zambia,[],Centre-Forward,,Hamburg,,,"Jul 22, 2026","Jun 30, 2027",,"Empty DataFrame
Columns: [Season, Date, Left, Joined, MV, Fee]
Index: []"
James Debayo,906891,,,"Aug 10, 2005",21,1.91,England,"['England', 'Nigeria']",Centre-Back,,Swindon Town,,,"Jul 2, 2026","Jun 30, 2027",,"Empty DataFrame
Columns: [Season, Date, Left, Joined, MV, Fee]
Index: []"
Filip Marschall,610863,€1.20m,"May 12, 2026","Apr 24, 2003",23,1.96,England,"['England', 'Poland']",Goalkeeper,,Millwall,,,"Sep 1, 2026",-,,"Empty DataFrame
Columns: [Season, Date, Left, Joined, MV, Fee]
Index: []"
Jacob Murphy,199527,€12.00m,"Jun 3, 2026","Feb 24, 1995",31,1.78,England,"['England', 'Ireland']",Right Winger,"                0
0     Left Winger
1  Right Midfield",Newcastle,,,"Jul 19, 2017","Jun 30, 2027",,"Empty DataFrame
Columns: [Season, Date, Left, Joined, MV, Fee]
Index: []"
Victor Lindelöf,184573,€5.00m,"Jun 3, 2026","Jul 17, 1994",32,1.88,Sweden,['Sweden'],Centre-Back,"            0
0  Right-Back
1   Left-Back",Aston Villa,,,"Sep 1, 2025","Jun 30, 2027",,"Empty DataFrame
Columns: [Season, Date, Left, Joined, MV, Fee]
Index: []"
James Justin,413220,€12.00m,"Jun 3, 2026","Feb 23, 1998",28,1.83,England,"['England', 'St. Lucia']",Right-Back,"                0
0       Left-Back
1  Right Midfield",Leeds,,,"Aug 25, 2025","Jun 30, 2029",,"Empty DataFrame
Columns: [Season, Date, Left, Joined, MV, Fee]
Index: []"
Bryan Mbeumo,413039,€75.00m,"Jun 3, 2026","Aug 7, 1999",27,1.7,Cameroon,[],Right Winger,,Man Utd,,,"Jul 21, 2025","Jun 30, 2030",,"Empty DataFrame
Columns: [Season, Date, Left, Joined, MV, Fee]
Index: []"
Adrion Pajaziti,626301,€1.50m,"May 29, 2026","Nov 16, 2002",23,1.8,Albania,"['Albania', 'England', 'Kosovo']",Defensive Midfield,"                    0
0    Central Midfield
1  Attacking Midfield",Hajduk Split,,,"Jul 8, 2025","Jun 30, 2029",,"Empty DataFrame
Columns: [Season, Date, Left, Joined, MV, Fee]
Index: []"
Maxwel Cornet,234781,€2.00m,"May 29, 2026","Sep 27, 1996",29,1.78,Cote d'Ivoire,"[""Cote d'Ivoire"", 'France']",Left Winger,"               0
0   Right Winger
1  Left Midfield",West Ham,,,"Aug 5, 2022","Jun 30, 2027",,"Empty DataFrame
Columns: [Season, Date, Left, Joined, MV, Fee]
Index: []"
Tariqe Fosu,249873,€300k,"Apr 9, 2026","Nov 5, 1995",30,1.8,Ghana,[],Left Winger,,Without Club,Northampton,"Jul 1, 2025",,,,"Empty DataFrame
Columns: [Season, Date, Left, Joined, MV, Fee]
Index: []"
Harry Maguire,177907,€8.00m,"Jun 3, 2026","Mar 5, 1993",33,1.93,England,['England'],Centre-Back,,Man Utd,,,"Aug 5, 2019","Jun 30, 2027",,"Empty DataFrame
Columns: [Season, Date, Left, Joined, MV, Fee]
Index: []"
Jean-Philippe Gbamin,182894,€2.00m,"Jun 1, 2026","Sep 25, 1995",30,1.85,Cote d'Ivoire,[],Centre-Back,,CSKA Sofia,,,"Jul 5, 2026","Jun 30, 2028",,"Empty DataFrame
Columns: [Season, Date, Left, Joined, MV, Fee]
Index: []"
George Hirst,420808,€10.00m,"May 28, 2026","Feb 15, 1999",27,1.91,Scotland,"['England', 'Scotland']",Centre-Forward,,Stoke City,,,"Aug 20, 2026","Jun 30, 2029",,"Empty DataFrame
Columns: [Season, Date, Left, Joined, MV, Fee]
Index: []"
Jesse Lingard,141660,€2.00m,"May 26, 2026","Dec 15, 1992",33,1.75,England,[],Attacking Midfield,,Corinthians,,,"Mar 2, 2026","Dec 31, 2026",,"Empty DataFrame
Columns: [Season, Date, Left, Joined, MV, Fee]
Index: []"
Loïc Badé,730581,€20.00m,"May 27, 2026","Apr 11, 2000",26,1.91,France,[],Centre-Back,,Leverkusen,,,"Aug 21, 2025","Jun 30, 2030",,"Empty DataFrame
Columns: [Season, Date, Left, Joined, MV, Fee]
Index: []"
Theo Walcott,33713,,,"Mar 16, 1989",37,1.75,England,[],Right Winger,,Retired,Southampton,"Aug 18, 2023",,,,"Empty DataFrame
Columns: [Season, Date, Left, Joined, MV, Fee]
Index: []"
Donny van de Beek,288255,€1.80m,"Jun 5, 2026","Apr 18, 1997",29,1.83,Netherlands,['Netherlands'],Central Midfield,"                    0
0  Attacking Midfield
1  Defensive Midfield",Girona,,,"Jul 11, 2024","Jun 30, 2028",,"Empty DataFrame
Columns: [Season, Date, Left, Joined, MV, Fee]
Index: []"
Arthur Melo,362842,€4.00m,"May 26, 2026","Aug 12, 1996",30,1.73,Brazil,['Brazil'],Defensive Midfield,"                  0
0  Central Midfield",Santos,,,"Aug 31, 2026","Dec 31, 2026",,"Empty DataFrame
Columns: [Season, Date, Left, Joined, MV, Fee]
Index: []"
Jamie Shackleton,534700,€1.00m,"May 28, 2026","Oct 8, 1999",26,1.68,England,['England'],Right-Back,"                    0
0    Central Midfield
1  Defensive Midfield",Sheff Utd,,,"Jul 4, 2024","Jun 30, 2027",,"Empty DataFrame
Columns: [Season, Date, Left, Joined, MV, Fee]
Index: []"
Antoine Semenyo,583255,€80.00m,"Jun 3, 2026","Jan 7, 2000",26,1.85,Ghana,[],Right Winger,,Man City,,,"Jan 9, 2026","Jun 30, 2031",,"Empty DataFrame
Columns: [Season, Date, Left, Joined, MV, Fee]
Index: []"
Elliot Anderson,567576,€110.00m,"Jul 22, 2026","Nov 6, 2002",23,1.78,England,[],Central Midfield,,Man City,,,"Jul 23, 2026","Jun 30, 2031",,"Empty DataFrame
Columns: [Season, Date, Left, Joined, MV, Fee]
Index: []"
Marcel Sabitzer,106987,€6.00m,"May 27, 2026","Mar 17, 1994",32,1.78,Austria,[],Central Midfield,,Dortmund,,,"Jul 24, 2023","Jun 30, 2027",,"Empty DataFrame
Columns: [Season, Date, Left, Joined, MV, Fee]
Index: []"
Joe Gelhardt,503980,€14.00m,"May 28, 2026","May 4, 2002",24,1.78,England,['England'],Centre-Forward,"                0
0  Second Striker
1    Right Winger",Hull City,,,"Aug 15, 2026","Jun 30, 2030",,"Empty DataFrame
Columns: [Season, Date, Left, Joined, MV, Fee]
Index: []"
Alisson,105470,€15.00m,"Jun 3, 2026","Oct 2, 1992",33,1.93,Brazil,[],Goalkeeper,,Liverpool,,,"Jul 19, 2018","Jun 30, 2027",,"Empty DataFrame
Columns: [Season, Date, Left, Joined, MV, Fee]
Index: []"
Matthew Cox,741236,€700k,"May 15, 2026","May 2, 2003",23,1.83,England,['England'],Goalkeeper,,Barnet,,,"Jul 25, 2026","May 31, 2027",,"Empty DataFrame
Columns: [Season, Date, Left, Joined, MV, Fee]
Index: []"
Jordan Smith,452707,€50k,"May 20, 2026","Dec 8, 1994",31,1.83,England,[],Goalkeeper,,Hibernian FC,,,"Jul 18, 2024","May 31, 2028",,"Empty DataFrame
Columns: [Season, Date, Left, Joined, MV, Fee]
Index: []"
Jack Stacey,249356,€1.80m,"May 28, 2026","Apr 6, 1996",30,1.8,England,['England'],Right-Back,"                0
0  Right Midfield",Norwich,,,"Jul 1, 2023","Jun 30, 2027",,"Empty DataFrame
Columns: [Season, Date, Left, Joined, MV, Fee]
Index: []"
Armstrong Oko-Flex,531461,€1.50m,"Sep 7, 2026","Mar 2, 2002",24,1.8,Ireland,[],Left Winger,,Levski Sofia,,,"Jan 14, 2026","Dec 31, 2028",,"Empty DataFrame
Columns: [Season, Date, Left, Joined, MV, Fee]
Index: []"
Ryan Fredericks,140191,,,"Oct 10, 1992",33,1.8,England,"['England', 'Scotland']",Right-Back,"                0
0  Right Midfield",Retired,Bournemouth,"Jul 1, 2024",,,,"Empty DataFrame
Columns: [Season, Date, Left, Joined, MV, Fee]
Index: []"
Joe Gomez,256178,€13.00m,"Jun 3, 2026","May 23, 1997",29,1.88,England,[],Centre-Back,,Liverpool,,,"Jul 1, 2015","Jun 30, 2027",,"Empty DataFrame
Columns: [Season, Date, Left, Joined, MV, Fee]
Index: []"
Bukayo Saka,433177,€110.00m,"Jun 3, 2026","Sep 5, 2001",25,1.78,England,"['England', 'Nigeria']",Right Winger,"                0
0     Left Winger
1  Right Midfield",Arsenal,,,"Jul 1, 2019","Jun 30, 2030",,"Empty DataFrame
Columns: [Season, Date, Left, Joined, MV, Fee]
Index: []"
Billy Fewster,746078,,,"Jul 31, 2003",23,1.78,England,['England'],Central Midfield,"                    0
0  Defensive Midfield
1      Right Midfield",Cleethorpes,,,"Jul 1, 2026","Jun 30, 2027",,"Empty DataFrame
Columns: [Season, Date, Left, Joined, MV, Fee]
Index: []"
Armel Bella-Kotchap,467563,€7.00m,"May 29, 2026","Dec 11, 2001",24,1.91,Germany,"['Germany', 'Cameroon', 'France']",Centre-Back,,Venezia,,,"Jul 1, 2026","Jun 30, 2030",,"Empty DataFrame
Columns: [Season, Date, Left, Joined, MV, Fee]
Index: []"
Deniz Undav,339314,€22.00m,"May 27, 2026","Jul 19, 1996",30,1.78,Germany,[],Centre-Forward,,Stuttgart,,,"Aug 9, 2024","Jun 30, 2029",,"Empty DataFrame
Columns: [Season, Date, Left, Joined, MV, Fee]
Index: []"
Marquinhos,668268,€2.50m,"May 26, 2026","Apr 7, 2003",23,1.75,Brazil,['Brazil'],Right Winger,"             0
0  Left Winger",Cruzeiro,,,"Jul 1, 2025","Dec 31, 2028",,"Empty DataFrame
Columns: [Season, Date, Left, Joined, MV, Fee]
Index: []"
Bradley Ibrahim,871837,€550k,"May 12, 2026","Oct 21, 2004",21,1.88,England,['England'],Defensive Midfield,"                  0
0       Centre-Back
1  Central Midfield",Plymouth,,,"Jul 1, 2025","Jun 30, 2029",,"Empty DataFrame
Columns: [Season, Date, Left, Joined, MV, Fee]
Index: []"
Mads Roerslev,391005,€4.00m,"May 28, 2026","Jun 24, 1999",27,1.83,Denmark,['Denmark'],Right-Back,"                0
0  Right Midfield",Southampton,,,"Aug 21, 2025","Jun 30, 2029",,"Empty DataFrame
Columns: [Season, Date, Left, Joined, MV, Fee]
Index: []"
Lisandro Martínez,480762,€45.00m,"Jul 22, 2026","Jan 18, 1998",28,1.75,Argentina,['Argentina'],Centre-Back,"                    0
0  Defensive Midfield
1           Left-Back",Man Utd,,,"Jul 27, 2022","Jun 30, 2027",,"Empty DataFrame
Columns: [Season, Date, Left, Joined, MV, Fee]
Index: []"
Thomas Partey,230784,€2.00m,"Jun 5, 2026","Jun 13, 1993",33,1.85,Ghana,[],Defensive Midfield,,Al-Shabab,,,"Aug 21, 2026","Jun 30, 2027",,"Empty DataFrame
Columns: [Season, Date, Left, Joined, MV, Fee]
Index: []"
Joe Aribo,468198,€1.80m,"May 28, 2026","Jul 21, 1996",30,1.83,Nigeria,"['England', 'Nigeria']",Central Midfield,"                    0
0  Attacking Midfield
1      Right Midfield",Without Club,Southampton,"Jul 1, 2026",,,,"Empty DataFrame
Columns: [Season, Date, Left, Joined, MV, Fee]
Index: []"
Connor McAvoy,565817,,,"Feb 16, 2002",24,1.91,Scotland,"['England', 'Scotland']",Centre-Back,"            0
0  Right-Back",Wealdstone,,,"Aug 1, 2025","Jun 30, 2026",,"Empty DataFrame
Columns: [Season, Date, Left, Joined, MV, Fee]
Index: []"
Paul Onuachu,272855,€6.00m,"May 21, 2026","May 28, 1994",32,2.01,Nigeria,['Nigeria'],Centre-Forward,,Trabzonspor,,,"Jul 1, 2025","Jun 30, 2028",,"Empty DataFrame
Columns: [Season, Date, Left, Joined, MV, Fee]
Index: []"
Naouirou Ahamada,538971,€3.00m,"Jun 1, 2026","Mar 29, 2002",24,1.83,France,"['Comoros', 'France']",Central Midfield,"                    0
0  Defensive Midfield",AJ Auxerre,,,"Jan 7, 2026","Jun 30, 2027",,"Empty DataFrame
Columns: [Season, Date, Left, Joined, MV, Fee]
Index: []"
Timothy Castagne,262226,€8.00m,"Jun 3, 2026","Dec 5, 1995",30,1.85,Belgium,['Belgium'],Right-Back,"                0
0  Right Midfield
1       Left-Back",Fulham,,,"Aug 29, 2023","Jun 30, 2027",,"Empty DataFrame
Columns: [Season, Date, Left, Joined, MV, Fee]
Index: []"
Álex Moreno,193098,€3.00m,"Jun 5, 2026","Jun 8, 1993",33,1.78,Spain,[],Left-Back,,Girona,,,"Aug 22, 2025","Jun 30, 2027",,"Empty DataFrame
Columns: [Season, Date, Left, Joined, MV, Fee]
Index: []"
Oliwier Zych,555074,€2.00m,"Jun 4, 2026","Jun 28, 2004",22,1.93,Poland,['Poland'],Goalkeeper,,Vit. Guimarães,,,"Jul 15, 2026","Jun 30, 2027",,"Empty DataFrame
Columns: [Season, Date, Left, Joined, MV, Fee]
Index: []"
Alfie Devine,728734,€8.00m,"May 28, 2026","Aug 1, 2004",22,1.83,England,['England'],Attacking Midfield,"                  0
0  Central Midfield
1    Second Striker",Preston,,,"Jul 7, 2026","Jun 30, 2031",,"Empty DataFrame
Columns: [Season, Date, Left, Joined, MV, Fee]
Index: []"
Erling Haaland,418560,€220.00m,"Jul 22, 2026","Jul 21, 2000",26,1.96,Norway,"['England', 'Norway']",Centre-Forward,,Man City,,,"Jul 1, 2022","Jun 30, 2034",,"Empty DataFrame
Columns: [Season, Date, Left, Joined, MV, Fee]
Index: []"
Levi Laing,586982,€100k,"May 8, 2026","Apr 12, 2003",23,1.88,England,['England'],Centre-Back,"            0
0  Right-Back",Cavalry FC,,,"Apr 15, 2025","Dec 31, 2026",,"Empty DataFrame
Columns: [Season, Date, Left, Joined, MV, Fee]
Index: []"
Jarrod Bowen,314875,€30.00m,"Jun 3, 2026","Dec 20, 1996",29,1.75,England,[],Right Winger,,West Ham,,,"Jan 31, 2020","Jun 30, 2030",,"Empty DataFrame
Columns: [Season, Date, Left, Joined, MV, Fee]
Index: []"
Trevoh Chalobah,346314,€40.00m,"Jun 3, 2026","Jul 5, 1999",27,1.93,England,[],Centre-Back,,Como,,,"Aug 9, 2026","Jun 30, 2031",,"Empty DataFrame
Columns: [Season, Date, Left, Joined, MV, Fee]
Index: []"
Pablo Sarabia,74230,€3.50m,"May 14, 2026","May 11, 1992",34,1.75,Spain,[],Attacking Midfield,,Al-Arabi SC,,,"Jul 1, 2025","Jun 30, 2027",,"Empty DataFrame
Columns: [Season, Date, Left, Joined, MV, Fee]
Index: []"
Dominic Calvert-Lewin,306024,€22.00m,"Jun 3, 2026","Mar 16, 1997",29,1.88,England,[],Centre-Forward,,Leeds,,,"Aug 15, 2025","Jun 30, 2028",,"Empty DataFrame
Columns: [Season, Date, Left, Joined, MV, Fee]
Index: []"
Roberto Firmino,131789,€4.00m,"May 14, 2026","Oct 2, 1991",34,1.8,Brazil,[],Centre-Forward,,Al-Sadd,,,"Jul 23, 2025","Jun 30, 2027",,"Empty DataFrame
Columns: [Season, Date, Left, Joined, MV, Fee]
Index: []"
Antonee Robinson,349701,€22.00m,"Jun 3, 2026","Aug 8, 1997",29,1.83,United States,"['England', 'United States']",Left-Back,"               0
0  Left Midfield",Fulham,,,"Aug 20, 2020","Jun 30, 2028",,"Empty DataFrame
Columns: [Season, Date, Left, Joined, MV, Fee]
Index: []"
Rico Lewis,701057,€28.00m,"Jun 3, 2026","Nov 21, 2004",21,1.7,England,[],Right-Back,,Man City,,,"Jul 1, 2022","Jun 30, 2030",,"Empty DataFrame
Columns: [Season, Date, Left, Joined, MV, Fee]
Index: []"
Ben Greenwood,646333,,,"Mar 26, 2002",24,1.7,Ireland,"['England', 'Ireland']",Left-Back,,Gosport Borough,,,"Nov 18, 2025",-,,"Empty DataFrame
Columns: [Season, Date, Left, Joined, MV, Fee]
Index: []"
Ollie Watkins,324358,€25.00m,"Jun 3, 2026","Dec 30, 1995",30,1.8,England,[],Centre-Forward,,Al-Hilal,,,"Aug 30, 2026","Jun 30, 2029",,"Empty DataFrame
Columns: [Season, Date, Left, Joined, MV, Fee]
Index: []"
Thiago Silva,29241,€500k,"May 28, 2026","Sep 22, 1984",41,1.8,Brazil,[],Centre-Back,,Fluminense,,,"Jul 1, 2026","Dec 31, 2026",,"Empty DataFrame
Columns: [Season, Date, Left, Joined, MV, Fee]
Index: []"
Wayne Hennessey,45494,,,"Jan 24, 1987",39,1.98,Wales,['Wales'],Goalkeeper,,Retired,Nott'm Forest,"Jul 16, 2025",,,,"Empty DataFrame
Columns: [Season, Date, Left, Joined, MV, Fee]
Index: []"
Łukasz Fabiański,29692,,,"Apr 18, 1985",41,1.91,Poland,['Poland'],Goalkeeper,,Retired,West Ham,"Jul 1, 2026",,,,"Empty DataFrame
Columns: [Season, Date, Left, Joined, MV, Fee]
Index: []"
Brooklyn Genesini,655173,,,"Nov 18, 2001",24,1.8,England,[],Right-Back,,Weymouth FC,,,"Sep 5, 2025","Jun 30, 2026",,"Empty DataFrame
Columns: [Season, Date, Left, Joined, MV, Fee]
Index: []"
Cédric Soares,112988,€500k,"May 26, 2026","Aug 31, 1991",35,1.7,Portugal,[],Right-Back,,São Paulo,,,"Jan 29, 2025","Dec 31, 2027",,"Empty DataFrame
Columns: [Season, Date, Left, Joined, MV, Fee]
Index: []"
Jorginho,102017,€4.00m,"May 26, 2026","Dec 20, 1991",34,1.8,Italy,[],Defensive Midfield,,Flamengo,,,"Jun 6, 2025","Jun 30, 2028",,"Empty DataFrame
Columns: [Season, Date, Left, Joined, MV, Fee]
Index: []"
Owen Bevan,583990,,,"Oct 26, 2003",22,1.85,Wales,"['England', 'Wales']",Centre-Back,,Dundee FC,,,"Jul 10, 2026","May 31, 2028",,"Empty DataFrame
Columns: [Season, Date, Left, Joined, MV, Fee]
Index: []"
Hee-chan Hwang,292246,€6.00m,"Jun 3, 2026","Jan 26, 1996",30,1.78,"Korea, South",[],Centre-Forward,,FC Schalke 04,,,"Sep 1, 2026","Jun 30, 2027",,"Empty DataFrame
Columns: [Season, Date, Left, Joined, MV, Fee]
Index: []"
Harvey Elliott,565822,€20.00m,"Jun 3, 2026","Apr 4, 2003",23,1.7,England,['England'],Attacking Midfield,"                  0
0  Central Midfield
1      Right Winger",Valencia,,,"Sep 1, 2026","Jun 30, 2027",,"Empty DataFrame
Columns: [Season, Date, Left, Joined, MV, Fee]
Index: []"
Rodri,357565,€55.00m,"Jul 22, 2026","Jun 22, 1996",30,1.91,Spain,[],Defensive Midfield,,Barcelona,,,"Aug 18, 2026","Jun 30, 2030",,"Empty DataFrame
Columns: [Season, Date, Left, Joined, MV, Fee]
Index: []"
Scott McKenna,255906,€4.00m,"May 29, 2026","Nov 12, 1996",29,1.88,Scotland,['Scotland'],Centre-Back,,Dinamo Zagreb,,,"Jul 16, 2025","Jun 30, 2029",,"Empty DataFrame
Columns: [Season, Date, Left, Joined, MV, Fee]
Index: []"
Christian Eriksen,69633,€2.50m,"May 27, 2026","Feb 14, 1992",34,1.83,Denmark,['Denmark'],Attacking Midfield,"                  0
0  Central Midfield",Wolfsburg,,,"Sep 10, 2025","Jun 30, 2027",,"Empty DataFrame
Columns: [Season, Date, Left, Joined, MV, Fee]
Index: []"
Jannik Vestergaard,99331,€1.00m,"May 28, 2026","Aug 3, 1992",34,1.98,Denmark,[],Centre-Back,,Without Club,Leicester,"Jul 16, 2026",,,,"Empty DataFrame
Columns: [Season, Date, Left, Joined, MV, Fee]
Index: []"
Matheus Cunha,517894,€75.00m,"Jun 3, 2026","May 27, 1999",27,1.83,Brazil,['Brazil'],Centre-Forward,"                0
0  Second Striker
1     Left Winger",Man Utd,,,"Jul 1, 2025","Jun 30, 2030",,"Empty DataFrame
Columns: [Season, Date, Left, Joined, MV, Fee]
Index: []"
Ollie Watkins,324358,€25.00m,"Jun 3, 2026","Dec 30, 1995",30,1.8,England,"['England', 'Jamaica']",Centre-Forward,"              0
0   Left Winger
1  Right Winger",Al-Hilal,,,"Aug 30, 2026","Jun 30, 2029",,"Empty DataFrame
Columns: [Season, Date, Left, Joined, MV, Fee]
Index: []"
Chris Mepham,480987,€3.00m,"May 28, 2026","Nov 5, 1997",28,1.91,Wales,[],Centre-Back,,West Brom,,,"Aug 28, 2025","Jun 30, 2028",,"Empty DataFrame
Columns: [Season, Date, Left, Joined, MV, Fee]
Index: []"
Trent Alexander-Arnold,314353,€60.00m,"Jun 5, 2026","Oct 7, 1998",27,1.8,England,[],Right-Back,,Real Madrid,,,"Jun 1, 2025","Jun 30, 2031",,"Empty DataFrame
Columns: [Season, Date, Left, Joined, MV, Fee]
Index: []"
Ashley Young,14086,,,"Jul 9, 1985",41,1.75,England,[],Right-Back,,Retired,Ipswich,"Jul 1, 2026",,,,"Empty DataFrame
Columns: [Season, Date, Left, Joined, MV, Fee]
Index: []"
Adam Armstrong,250426,€6.00m,"Jun 3, 2026","Feb 10, 1997",29,1.73,England,[],Centre-Forward,,Wolves,,,"Feb 2, 2026","Jun 30, 2029",,"Empty DataFrame
Columns: [Season, Date, Left, Joined, MV, Fee]
Index: []"
John Stones,186590,€12.00m,"Jun 3, 2026","May 28, 1994",32,1.88,England,['England'],Centre-Back,"                    0
0          Right-Back
1  Defensive Midfield",Inter,,,"Jul 30, 2026","Jun 30, 2028",,"Empty DataFrame
Columns: [Season, Date, Left, Joined, MV, Fee]
Index: []"
Vladimír Coufal,157672,€2.50m,"May 27, 2026","Aug 22, 1992",34,1.75,Czech Republic,[],Right-Back,,Hoffenheim,,,"Aug 5, 2025","Jun 30, 2028",,"Empty DataFrame
Columns: [Season, Date, Left, Joined, MV, Fee]
Index: []"
Maximilian Kilman,525247,€13.00m,"Jun 3, 2026","May 23, 1997",29,1.93,England,"['England', 'Ukraine']",Centre-Back,"           0
0  Left-Back",West Ham,,,"Jul 6, 2024","Jun 30, 2031",,"Empty DataFrame
Columns: [Season, Date, Left, Joined, MV, Fee]
Index: []"
Antef Tsoungui,503858,€1.00m,"May 28, 2026","Dec 30, 2002",23,1.85,Belgium,[],Defensive Midfield,,Estoril,,,"Sep 1, 2025","Jun 30, 2029",,"Empty DataFrame
Columns: [Season, Date, Left, Joined, MV, Fee]
Index: []"
Cristiano Ronaldo,8198,€10.00m,"Jun 4, 2026","Feb 5, 1985",41,1.85,Portugal,['Portugal'],Centre-Forward,"              0
0   Left Winger
1  Right Winger",Al-Nassr,,,"Jan 1, 2023","Jun 30, 2027",,"Empty DataFrame
Columns: [Season, Date, Left, Joined, MV, Fee]
Index: []"
Pablo Fornals,357885,€8.00m,"Jun 5, 2026","Feb 22, 1996",30,1.78,Spain,['Spain'],Central Midfield,"                    0
0  Attacking Midfield
1        Right Winger",Real Betis,,,"Feb 1, 2024","Jun 30, 2029",,"Empty DataFrame
Columns: [Season, Date, Left, Joined, MV, Fee]
Index: []"
Granit Xhaka,111455,€8.00m,"Jun 3, 2026","Sep 27, 1992",33,1.83,Switzerland,['Switzerland'],Defensive Midfield,"                  0
0  Central Midfield",Sunderland,,,"Jul 30, 2025","Jun 30, 2028",,"Empty DataFrame
Columns: [Season, Date, Left, Joined, MV, Fee]
Index: []"
Ed Turns,580809,€450k,"May 12, 2026","Oct 18, 2002",23,1.85,Wales,"['England', 'Wales']",Centre-Back,,Exeter City,,,"Feb 3, 2025","Jun 30, 2027",,"Empty DataFrame
Columns: [Season, Date, Left, Joined, MV, Fee]
Index: []"
David Datro Fofana,787232,€4.00m,"Jun 1, 2026","Dec 22, 2002",23,1.83,Cote d'Ivoire,[],Centre-Forward,,Servette FC,,,"Aug 31, 2026","Jun 30, 2030",,"Empty DataFrame
Columns: [Season, Date, Left, Joined, MV, Fee]
Index: []"
Junior Firpo,374139,€3.50m,"Jun 5, 2026","Aug 22, 1996",30,1.83,Dominican Republic,"['Dominican Republic', 'Spain']",Left-Back,"               0
0  Left Midfield",Real Betis,,,"Jul 17, 2025","Jun 30, 2028",,"Empty DataFrame
Columns: [Season, Date, Left, Joined, MV, Fee]
Index: []"
Sean Longstaff,346707,€15.00m,"Jun 3, 2026","Oct 30, 1997",28,1.88,England,['England'],Central Midfield,"                    0
0  Attacking Midfield
1  Defensive Midfield",Leeds,,,"Jul 18, 2025","Jun 30, 2029",,"Empty DataFrame
Columns: [Season, Date, Left, Joined, MV, Fee]
Index: []"
Joe Worrall,415970,€2.00m,"Jun 3, 2026","Jan 10, 1997",29,1.91,England,['England'],Centre-Back,,Wrexham,,,"Sep 1, 2026","Jun 30, 2028",,"Empty DataFrame
Columns: [Season, Date, Left, Joined, MV, Fee]
Index: []"
Josh Bowler,506470,€600k,"May 12, 2026","Mar 5, 1999",27,1.83,England,['England'],Right Winger,"                0
0     Left Winger
1  Right Midfield",Blackpool,,,"Sep 1, 2025","Jun 30, 2027",,"Empty DataFrame
Columns: [Season, Date, Left, Joined, MV, Fee]
Index: []"
Jamal Lewis,346018,€1.50m,"May 28, 2026","Jan 25, 1998",28,1.78,Northern Ireland,[],Left-Back,,Without Club,Preston,"Jul 1, 2026",,,,"Empty DataFrame
Columns: [Season, Date, Left, Joined, MV, Fee]
Index: []"
Emile Smith Rowe,392765,€20.00m,"Jun 3, 2026","Jul 28, 2000",26,1.83,England,['England'],Attacking Midfield,"                  0
0  Central Midfield
1     Left Midfield",Fulham,,,"Aug 2, 2024","Jun 30, 2029",,"Empty DataFrame
Columns: [Season, Date, Left, Joined, MV, Fee]
Index: []"
Tyrone Mings,253677,€3.00m,"Jun 3, 2026","Mar 13, 1993",33,1.96,England,[],Centre-Back,,Aston Villa,,,"Jul 8, 2019","Jun 30, 2027",,"Empty DataFrame
Columns: [Season, Date, Left, Joined, MV, Fee]
Index: []"
Jeffrey Schlupp,157506,€800k,"May 28, 2026","Dec 23, 1992",33,1.78,Ghana,"['Germany', 'Ghana']",Left Midfield,"                  0
0         Left-Back
1  Central Midfield",Without Club,Norwich,"Jul 1, 2026",,,,"Empty DataFrame
Columns: [Season, Date, Left, Joined, MV, Fee]
Index: []"
Mauro Bandeira,745846,,,"Nov 18, 2003",22,1.78,Portugal,"['England', 'Portugal']",Central Midfield,"                    0
0  Defensive Midfield
1          Right-Back",Without Club,Tabor Sezana,"Jul 1, 2025",,,,"Empty DataFrame
Columns: [Season, Date, Left, Joined, MV, Fee]
Index: []"
Tim Iroegbunam,696589,€18.00m,"Jun 3, 2026","Jun 30, 2003",23,1.83,England,"['England', 'Nigeria']",Central Midfield,"                    0
0  Defensive Midfield",Hull City,,,"Sep 1, 2026","Jun 30, 2031",,"Empty DataFrame
Columns: [Season, Date, Left, Joined, MV, Fee]
Index: []"
Reece Welch,655986,€250k,"Jun 3, 2026","Sep 19, 2003",22,1.98,England,"['England', 'Jamaica']",Centre-Back,,Bradford,,,"Aug 5, 2026","Jun 30, 2028",,"Empty DataFrame
Columns: [Season, Date, Left, Joined, MV, Fee]
Index: []"
Kieran Tierney,300716,€8.00m,"May 20, 2026","Jun 5, 1997",29,1.8,Scotland,"['Scotland', 'Isle of Man']",Left-Back,"               0
0    Centre-Back
1  Left Midfield",Celtic,,,"Jul 1, 2025","Jun 30, 2030",,"Empty DataFrame
Columns: [Season, Date, Left, Joined, MV, Fee]
Index: []"
Abdul Rahman Baba,224884,€2.00m,"Jun 4, 2026","Jul 2, 1994",32,1.78,Ghana,['Ghana'],Left-Back,"               0
0  Left Midfield",PAOK,,,"Jul 10, 2023","Jun 30, 2027",,"Empty DataFrame
Columns: [Season, Date, Left, Joined, MV, Fee]
Index: []"
Máximo Perrone,668547,€35.00m,"May 29, 2026","Jan 7, 2003",23,1.78,Argentina,[],Defensive Midfield,,Como,,,"Jul 18, 2025","Jun 30, 2029",,"Empty DataFrame
Columns: [Season, Date, Left, Joined, MV, Fee]
Index: []"
Jacob Ramsey,503749,€35.00m,"Jun 3, 2026","May 28, 2001",25,1.8,England,['England'],Central Midfield,"                    0
0  Attacking Midfield
1       Left Midfield",Newcastle,,,"Aug 17, 2025","Jun 30, 2030",,"Empty DataFrame
Columns: [Season, Date, Left, Joined, MV, Fee]
Index: []"
Raúl Jiménez,206040,€3.00m,"Jun 3, 2026","May 5, 1991",35,1.88,Mexico,[],Centre-Forward,,Wolves,,,"Jul 1, 2026","Jun 30, 2028",,"Empty DataFrame
Columns: [Season, Date, Left, Joined, MV, Fee]
Index: []"
Alexis Mac Allister,534033,€70.00m,"Jun 3, 2026","Dec 24, 1998",27,1.75,Argentina,"['Argentina', 'Italy']",Central Midfield,"                    0
0  Attacking Midfield
1  Defensive Midfield",Liverpool,,,"Jul 1, 2023","Jun 30, 2028",,"Empty DataFrame
Columns: [Season, Date, Left, Joined, MV, Fee]
Index: []"
Wilfried Gnonto,627626,€16.00m,"Jun 3, 2026","Nov 5, 2003",22,1.7,Italy,[],Right Winger,,Fiorentina,,,"Sep 1, 2026","Jun 30, 2027",,"Empty DataFrame
Columns: [Season, Date, Left, Joined, MV, Fee]
Index: []"
Isaac Price,612749,€12.00m,"May 28, 2026","Sep 26, 2003",22,1.88,Northern Ireland,"['England', 'Northern Ireland']",Central Midfield,"                    0
0  Defensive Midfield
1  Attacking Midfield",West Brom,,,"Jan 22, 2025","Jun 30, 2029",,"Empty DataFrame
Columns: [Season, Date, Left, Joined, MV, Fee]
Index: []"
Reiss Nelson,340325,€8.00m,"Jun 3, 2026","Dec 10, 1999",26,1.75,England,"['England', 'Jamaica']",Left Winger,"                    0
0        Right Winger
1  Attacking Midfield",Feyenoord,,,"Sep 2, 2026","Jun 30, 2027",,"Empty DataFrame
Columns: [Season, Date, Left, Joined, MV, Fee]
Index: []"
Lamare Bogarde,645686,€18.00m,"Jun 3, 2026","Jan 5, 2004",22,1.85,Netherlands,"['Suriname', 'Netherlands']",Defensive Midfield,"             0
0  Centre-Back
1   Right-Back",Aston Villa,,,"Jul 1, 2024","Jun 30, 2028",,"Empty DataFrame
Columns: [Season, Date, Left, Joined, MV, Fee]
Index: []"
Ryan Fredericks,140191,,,"Oct 10, 1992",33,1.8,England,[],Right-Back,,Retired,Bournemouth,"Jul 1, 2024",,,,"Empty DataFrame
Columns: [Season, Date, Left, Joined, MV, Fee]
Index: []"
Ciaran Clark,98240,,,"Sep 26, 1989",36,1.85,Ireland,"['England', 'Ireland']",Centre-Back,"                    0
0           Left-Back
1  Defensive Midfield",Retired,Stoke City,"Jul 1, 2024",,,,"Empty DataFrame
Columns: [Season, Date, Left, Joined, MV, Fee]
Index: []"
Matthew Cox,741236,€700k,"May 15, 2026","May 2, 2003",23,1.83,England,[],Goalkeeper,,Barnet,,,"Jul 25, 2026","May 31, 2027",,"Empty DataFrame
Columns: [Season, Date, Left, Joined, MV, Fee]
Index: []"
Dan Chesters,561452,€75k,"May 15, 2026","Apr 4, 2002",24,1.78,England,[],Right Midfield,,Wealdstone,,,"Jul 22, 2026",-,,"Empty DataFrame
Columns: [Season, Date, Left, Joined, MV, Fee]
Index: []"
Mislav Orsic,119150,€900k,"Jun 2, 2026","Dec 29, 1992",33,1.78,Croatia,['Croatia'],Left Winger,"                0
0    Right Winger
1  Centre-Forward",Dinamo Zagreb,,,"Jul 1, 2026",-,,"Empty DataFrame
Columns: [Season, Date, Left, Joined, MV, Fee]
Index: []"
Fraser Forster,52570,€400k,"Jun 3, 2026","Mar 17, 1988",38,2.01,England,['England'],Goalkeeper,,Bournemouth,,,"Jan 2, 2026","Jun 30, 2027",,"Empty DataFrame
Columns: [Season, Date, Left, Joined, MV, Fee]
Index: []"
Victor Kristiansen,564529,€9.00m,"May 28, 2026","Dec 16, 2002",23,1.8,Denmark,['Denmark'],Left-Back,"               0
0  Left Midfield",Panathinaikos,,,"Jul 13, 2026","Jun 30, 2027",,"Empty DataFrame
Columns: [Season, Date, Left, Joined, MV, Fee]
Index: []"
Theo Walcott,33713,,,"Mar 16, 1989",37,1.75,England,['England'],Right Winger,"                0
0  Centre-Forward
1     Left Winger",Retired,Southampton,"Aug 18, 2023",,,,"Empty DataFrame
Columns: [Season, Date, Left, Joined, MV, Fee]
Index: []"
Adam Smith,61841,€300k,"Jun 3, 2026","Apr 29, 1991",35,1.75,England,[],Right-Back,,Bournemouth,,,"Jan 28, 2014","Jun 30, 2027",,"Empty DataFrame
Columns: [Season, Date, Left, Joined, MV, Fee]
Index: []"
Conor Coventry,419025,€2.00m,"May 28, 2026","Mar 25, 2000",26,1.78,Ireland,[],Defensive Midfield,,Charlton,,,"Jan 12, 2024","Jun 30, 2027",,"Empty DataFrame
Columns: [Season, Date, Left, Joined, MV, Fee]
Index: []"
Nathan Fraser,863741,€600k,"Jun 3, 2026","Feb 22, 2005",21,1.88,Ireland,"['England', 'Ireland']",Centre-Forward,,Wolves,,,"Jan 1, 2024","Jun 30, 2028",,"Empty DataFrame
Columns: [Season, Date, Left, Joined, MV, Fee]
Index: []"
Sékou Mara,557612,€4.00m,"Jun 1, 2026","Jul 30, 2002",24,1.83,France,[],Centre-Forward,,R. Strasbourg,,,"Aug 21, 2024","Jun 30, 2029",,"Empty DataFrame
Columns: [Season, Date, Left, Joined, MV, Fee]
Index: []"
Luke Thomas,505194,€5.00m,"May 28, 2026","Jun 10, 2001",25,1.8,England,[],Left-Back,,Leicester,,,"Jul 1, 2020","Jun 30, 2029",,"Empty DataFrame
Columns: [Season, Date, Left, Joined, MV, Fee]
Index: []"
Dominic Solanke,258889,€28.00m,"Jun 3, 2026","Sep 14, 1997",28,1.85,England,"['England', 'Nigeria']",Centre-Forward,,Tottenham,,,"Aug 10, 2024","Jun 30, 2030",,"Empty DataFrame
Columns: [Season, Date, Left, Joined, MV, Fee]
Index: []"
Fraser Forster,52570,€400k,"Jun 3, 2026","Mar 17, 1988",38,2.01,England,[],Goalkeeper,,Bournemouth,,,"Jan 2, 2026","Jun 30, 2027",,"Empty DataFrame
Columns: [Season, Date, Left, Joined, MV, Fee]
Index: []"
Amadou Onana,485706,€45.00m,"Jun 3, 2026","Aug 16, 2001",25,1.96,Belgium,[],Defensive Midfield,,Aston Villa,,,"Jul 22, 2024","Jun 30, 2029",,"Empty DataFrame
Columns: [Season, Date, Left, Joined, MV, Fee]
Index: []"
Keenan Appiah-Forson,554098,,,"Oct 16, 2001",24,1.75,England,"['England', 'Ghana']",Defensive Midfield,"                  0
0  Central Midfield",Oldham Athletic,,,"Jul 1, 2026","Jun 30, 2028",,"Empty DataFrame
Columns: [Season, Date, Left, Joined, MV, Fee]
Index: []"
Kai Havertz,309400,€55.00m,"Jun 3, 2026","Jun 11, 1999",27,1.93,Germany,['Germany'],Centre-Forward,"                    0
0  Attacking Midfield
1        Right Winger",Arsenal,,,"Jul 1, 2023","Jun 30, 2028",,"Empty DataFrame
Columns: [Season, Date, Left, Joined, MV, Fee]
Index: []"
Jakub Moder,384461,€10.00m,"May 28, 2026","Apr 7, 1999",27,1.91,Poland,['Poland'],Central Midfield,"                    0
0  Defensive Midfield
1  Attacking Midfield",Feyenoord,,,"Jan 20, 2025","Jun 30, 2028",,"Empty DataFrame
Columns: [Season, Date, Left, Joined, MV, Fee]
Index: []"
Haydon Roberts,533523,€1.00m,"May 12, 2026","May 10, 2002",24,1.83,England,['England'],Left-Back,"                    0
0         Centre-Back
1  Defensive Midfield",Reading,,,"Jan 21, 2026","Jun 30, 2028",,"Empty DataFrame
Columns: [Season, Date, Left, Joined, MV, Fee]
Index: []"
João Gomes,735570,€40.00m,"Jun 3, 2026","Feb 12, 2001",25,1.75,Brazil,['Brazil'],Central Midfield,"                    0
0  Defensive Midfield",Aston Villa,,,"Jul 20, 2026","Jun 30, 2031",,"Empty DataFrame
Columns: [Season, Date, Left, Joined, MV, Fee]
Index: []"
Lewis Payne,744131,,,"May 30, 2004",22,1.78,England,[],Right-Back,,Harrogate Town,,,"Jul 2, 2026",-,,"Empty DataFrame
Columns: [Season, Date, Left, Joined, MV, Fee]
Index: []"
Pascal Groß,82873,€2.50m,"Jun 3, 2026","Jun 15, 1991",35,1.8,Germany,[],Central Midfield,,Brighton,,,"Jan 2, 2026","Jun 30, 2027",,"Empty DataFrame
Columns: [Season, Date, Left, Joined, MV, Fee]
Index: []"
Taylor Richards,484551,€200k,"May 15, 2026","Dec 4, 2000",25,1.8,England,['England'],Central Midfield,"                    0
0  Attacking Midfield",Without Club,Crawley Town,"Jul 1, 2026",,,,"Empty DataFrame
Columns: [Season, Date, Left, Joined, MV, Fee]
Index: []"
Steve Cook,90836,€200k,"May 28, 2026","Apr 19, 1991",35,1.85,England,['England'],Centre-Back,,Wycombe,,,"Jul 3, 2026",-,,"Empty DataFrame
Columns: [Season, Date, Left, Joined, MV, Fee]
Index: []"
Georginio Rutter,538977,€30.00m,"Jun 3, 2026","Apr 20, 2002",24,1.83,France,"['Martinique', 'France']",Centre-Forward,"                0
0  Second Striker
1    Right Winger",Brighton,,,"Aug 19, 2024","Jun 30, 2028",,"Empty DataFrame
Columns: [Season, Date, Left, Joined, MV, Fee]
Index: []"
Josh Onomah,243589,€250k,"Jun 10, 2026","Apr 27, 1997",29,1.85,England,"['England', 'Nigeria']",Central Midfield,"                    0
0  Attacking Midfield
1         Left Winger",Without Club,Dinamo Tbilisi,"Jul 1, 2026",,,,"Empty DataFrame
Columns: [Season, Date, Left, Joined, MV, Fee]
Index: []"
Kamari Doyle,864480,€500k,"May 12, 2026","Aug 1, 2005",21,1.78,England,"['England', 'Jamaica']",Attacking Midfield,"                  0
0  Central Midfield
1    Right Midfield",Leicester,,,"Sep 1, 2026","May 31, 2027",,"Empty DataFrame
Columns: [Season, Date, Left, Joined, MV, Fee]
Index: []"
Renan Lodi,476352,€11.00m,"May 26, 2026","Apr 8, 1998",28,1.73,Brazil,"['Italy', 'Brazil']",Left-Back,"               0
0  Left Midfield",Atlético-MG,,,"Jan 1, 2026","Dec 31, 2030",,"Empty DataFrame
Columns: [Season, Date, Left, Joined, MV, Fee]
Index: []"
Tyrese Francois,528888,€300k,"May 12, 2026","Jul 16, 2000",26,1.73,Australia,"['England', 'Australia']",Central Midfield,"                    0
0  Defensive Midfield
1  Attacking Midfield",Brisbane Roar,,,"Aug 28, 2026",-,,"Empty DataFrame
Columns: [Season, Date, Left, Joined, MV, Fee]
Index: []"
Angelo Ogbonna,48002,,,"May 23, 1988",38,1.91,Italy,"['Italy', 'Nigeria']",Centre-Back,,Retired,Watford,"Jul 1, 2025",,,,"Empty DataFrame
Columns: [Season, Date, Left, Joined, MV, Fee]
Index: []"
Mark Gillespie,142389,€100k,"Jun 3, 2026","Mar 27, 1992",34,1.91,England,['England'],Goalkeeper,,Newcastle,,,"Jul 3, 2020","Jun 30, 2027",,"Empty DataFrame
Columns: [Season, Date, Left, Joined, MV, Fee]
Index: []"
Jamaal Lascelles,183318,€800k,"May 28, 2026","Nov 11, 1993",32,1.88,England,"['England', 'Barbados']",Centre-Back,,Without Club,Leicester,"Jul 1, 2026",,,,"Empty DataFrame
Columns: [Season, Date, Left, Joined, MV, Fee]
Index: []"
Sven Botman,361093,€35.00m,"Jun 3, 2026","Jan 12, 2000",26,1.93,Netherlands,['Netherlands'],Centre-Back,,Newcastle,,,"Jul 1, 2022","Jun 30, 2030",,"Empty DataFrame
Columns: [Season, Date, Left, Joined, MV, Fee]
Index: []"
Robert Sánchez,403151,€22.00m,"Jun 3, 2026","Nov 18, 1997",28,1.98,Spain,[],Goalkeeper,,Como,,,"Sep 1, 2026","Jun 30, 2027",,"Empty DataFrame
Columns: [Season, Date, Left, Joined, MV, Fee]
Index: []"
Aaron Wan-Bissaka,477758,€15.00m,"Jun 3, 2026","Nov 26, 1997",28,1.83,DR Congo,[],Right-Back,,Aston Villa,,,"Aug 21, 2026","Jun 30, 2027",,"Empty DataFrame
Columns: [Season, Date, Left, Joined, MV, Fee]
Index: []"
Charlie Goode,376856,€300k,"May 12, 2026","Aug 3, 1995",31,1.96,England,[],Centre-Back,,MK Dons,,,"Jul 1, 2026",-,,"Empty DataFrame
Columns: [Season, Date, Left, Joined, MV, Fee]
Index: []"
Ellery Balcombe,456292,€400k,"Jun 3, 2026","Oct 15, 1999",26,1.91,England,"['England', 'St. Vincent & Grenadinen']",Goalkeeper,,Brentford,,,"Jul 1, 2018","Jun 30, 2029",,"Empty DataFrame
Columns: [Season, Date, Left, Joined, MV, Fee]
Index: []"
Marlon Fossey,408562,€3.50m,"Jun 4, 2026","Sep 9, 1998",28,1.78,United States,"['United States', 'Jersey']",Right-Back,"                0
0       Left-Back
1  Right Midfield",Standard Liège,,,"Sep 6, 2022","Jun 30, 2027",,"Empty DataFrame
Columns: [Season, Date, Left, Joined, MV, Fee]
Index: []"
Sean McAllister,720720,€225k,"May 11, 2026","Sep 15, 2002",23,1.85,Northern Ireland,['Northern Ireland'],Centre-Forward,"                    0
0  Attacking Midfield
1        Right Winger",Dungannon,,,"Jul 1, 2025","May 31, 2027",,"Empty DataFrame
Columns: [Season, Date, Left, Joined, MV, Fee]
Index: []"
Dwight McNeil,584769,€18.00m,"Jun 3, 2026","Nov 22, 1999",26,1.83,England,"['England', 'Jamaica']",Left Winger,"                    0
0  Attacking Midfield
1        Right Winger",Crystal Palace,,,"Aug 11, 2026","Jun 30, 2030",,"Empty DataFrame
Columns: [Season, Date, Left, Joined, MV, Fee]
Index: []"
Sam Greenwood,532178,€2.00m,"Jun 4, 2026","Jan 26, 2002",24,1.8,England,['England'],Attacking Midfield,"                0
0     Left Winger
1  Centre-Forward",Bristol City,,,"Jul 1, 2026","Jun 30, 2030",,"Empty DataFrame
Columns: [Season, Date, Left, Joined, MV, Fee]
Index: []"
Thomas Partey,230784,€2.00m,"Jun 5, 2026","Jun 13, 1993",33,1.85,Ghana,['Ghana'],Defensive Midfield,"                  0
0  Central Midfield
1        Right-Back",Al-Shabab,,,"Aug 21, 2026","Jun 30, 2027",,"Empty DataFrame
Columns: [Season, Date, Left, Joined, MV, Fee]
Index: []"
Matías Viña,439072,€3.50m,"May 22, 2026","Nov 9, 1997",28,1.8,Uruguay,[],Left-Back,,River Plate,,,"Jan 14, 2026","Dec 31, 2026",,"Empty DataFrame
Columns: [Season, Date, Left, Joined, MV, Fee]
Index: []"
Mark Travers,357658,€3.00m,"Jun 3, 2026","May 18, 1999",27,1.91,Ireland,['Ireland'],Goalkeeper,,Everton,,,"Jul 15, 2025","Jun 30, 2029",,"Empty DataFrame
Columns: [Season, Date, Left, Joined, MV, Fee]
Index: []"
Séamus Coleman,68390,€200k,"Jun 3, 2026","Oct 11, 1988",37,1.78,Ireland,['Ireland'],Right-Back,"                0
0  Right Midfield",Without Club,Everton,"Jul 1, 2026",,,,"Empty DataFrame
Columns: [Season, Date, Left, Joined, MV, Fee]
Index: []"
Ben Pearson,183302,€700k,"May 28, 2026","Jan 4, 1995",31,1.75,England,[],Defensive Midfield,,Stoke City,,,"Jul 8, 2023","Jun 30, 2027",,"Empty DataFrame
Columns: [Season, Date, Left, Joined, MV, Fee]
Index: []"
Mason Holgate,348623,€2.00m,"May 14, 2026","Oct 22, 1996",29,1.88,Jamaica,"['England', 'Jamaica']",Centre-Back,"            0
0  Right-Back",Al-Gharafa,,,"Jul 12, 2025","Jun 30, 2027",,"Empty DataFrame
Columns: [Season, Date, Left, Joined, MV, Fee]
Index: []"
Ben Knight,568007,€250k,"May 15, 2026","Jun 14, 2002",24,1.7,England,['England'],Attacking Midfield,"                0
0  Right Midfield
1    Right Winger",Cambridge Utd.,,,"Jul 1, 2025","Jun 30, 2028",,"Empty DataFrame
Columns: [Season, Date, Left, Joined, MV, Fee]
Index: []"
Halil Dervişoğlu,465606,€700k,"May 21, 2026","Dec 8, 1999",26,1.83,Türkiye,"['Türkiye', 'Netherlands']",Centre-Forward,"                0
0  Second Striker
1     Left Winger",Gaziantep FK,,,"Aug 13, 2026","Jun 30, 2027",,"Empty DataFrame
Columns: [Season, Date, Left, Joined, MV, Fee]
Index: []"
Levi Colwill,614258,€50.00m,"Jun 3, 2026","Feb 26, 2003",23,1.88,England,[],Centre-Back,,Chelsea,,,"Jul 1, 2022","Jun 30, 2029",,"Empty DataFrame
Columns: [Season, Date, Left, Joined, MV, Fee]
Index: []"
Kevin De Bruyne,88755,€8.00m,"May 29, 2026","Jun 28, 1991",35,1.8,Belgium,"['Burundi', 'Belgium']",Attacking Midfield,"                  0
0  Central Midfield",Napoli,,,"Jul 1, 2025","Jun 30, 2027",,"Empty DataFrame
Columns: [Season, Date, Left, Joined, MV, Fee]
Index: []"
Cole Palmer,568177,€100.00m,"Jun 3, 2026","May 6, 2002",24,1.85,England,"['England', 'St. Kitts & Nevis']",Attacking Midfield,"                0
0    Right Winger
1  Centre-Forward",Chelsea,,,"Sep 1, 2023","Jun 30, 2033",,"Empty DataFrame
Columns: [Season, Date, Left, Joined, MV, Fee]
Index: []"
Ciaran Clark,98240,,,"Sep 26, 1989",36,1.85,Ireland,[],Centre-Back,,Retired,Stoke City,"Jul 1, 2024",,,,"Empty DataFrame
Columns: [Season, Date, Left, Joined, MV, Fee]
Index: []"
Leander Dendoncker,168157,€1.80m,"Jun 5, 2026","Apr 15, 1995",31,1.88,Belgium,[],Defensive Midfield,,Hajduk Split,,,"Sep 3, 2026","Jun 30, 2028",,"Empty DataFrame
Columns: [Season, Date, Left, Joined, MV, Fee]
Index: []"
Teden Mengi,548470,€3.00m,"May 12, 2026","Apr 30, 2002",24,1.85,England,[],Centre-Back,,Luton,,,"Aug 31, 2023",-,,"Empty DataFrame
Columns: [Season, Date, Left, Joined, MV, Fee]
Index: []"
Remi Matthews,196722,€200k,"Jun 3, 2026","Feb 10, 1994",32,1.83,England,['England'],Goalkeeper,,Crystal Palace,,,"Jul 12, 2021","Jun 30, 2027",,"Empty DataFrame
Columns: [Season, Date, Left, Joined, MV, Fee]
Index: []"
Ellery Balcombe,456292,€400k,"Jun 3, 2026","Oct 15, 1999",26,1.91,England,[],Goalkeeper,,Brentford,,,"Jul 1, 2018","Jun 30, 2029",,"Empty DataFrame
Columns: [Season, Date, Left, Joined, MV, Fee]
Index: []"
Kadan Young,887433,€200k,"May 12, 2026","Jan 19, 2006",20,1.75,England,"['England', 'Jamaica']",Left Winger,"              0
0  Right Winger",FC Annecy,,,"Jul 8, 2026","Jun 30, 2027",,"Empty DataFrame
Columns: [Season, Date, Left, Joined, MV, Fee]
Index: []"
Ayoze Pérez,246968,€5.00m,"Jun 5, 2026","Jul 29, 1993",33,1.78,Spain,[],Centre-Forward,,Villarreal,,,"Aug 13, 2024","Jun 30, 2028",,"Empty DataFrame
Columns: [Season, Date, Left, Joined, MV, Fee]
Index: []"
James Furlong,580030,€100k,"May 26, 2026","Jun 7, 2002",24,1.78,Ireland,[],Left-Back,,Walsall,,,"Aug 24, 2026","Jun 30, 2027",,"Empty DataFrame
Columns: [Season, Date, Left, Joined, MV, Fee]
Index: []"
Emerson Royal,476344,€5.00m,"May 26, 2026","Jan 14, 1999",27,1.83,Brazil,['Brazil'],Right-Back,"                0
0  Right Midfield
1     Centre-Back",Flamengo,,,"Jul 26, 2025","Dec 31, 2028",,"Empty DataFrame
Columns: [Season, Date, Left, Joined, MV, Fee]
Index: []"
Aaron Donnelly,624243,€300k,"May 20, 2026","Jun 8, 2003",23,1.85,Northern Ireland,"['Ireland', 'Northern Ireland']",Centre-Back,"           0
0  Left-Back",Dunfermline A.,,,"Jul 30, 2026","May 31, 2027",,"Empty DataFrame
Columns: [Season, Date, Left, Joined, MV, Fee]
Index: []"
Hakim Ziyech,217111,€2.20m,"Jun 22, 2026","Mar 19, 1993",33,1.8,Morocco,[],Right Winger,,Botafogo,,,"Sep 10, 2026","Dec 31, 2028",,"Empty DataFrame
Columns: [Season, Date, Left, Joined, MV, Fee]
Index: []"
Jacob Ramsey,503749,€35.00m,"Jun 3, 2026","May 28, 2001",25,1.8,England,[],Central Midfield,,Newcastle,,,"Aug 17, 2025","Jun 30, 2030",,"Empty DataFrame
Columns: [Season, Date, Left, Joined, MV, Fee]
Index: []"
Jean-Philippe Mateta,420002,€30.00m,"Jun 3, 2026","Jun 28, 1997",29,1.93,France,[],Centre-Forward,,Crystal Palace,,,"Jan 31, 2022","Jun 30, 2027",,"Empty DataFrame
Columns: [Season, Date, Left, Joined, MV, Fee]
Index: []"
Hamed Traoré,391065,€15.00m,"Jun 1, 2026","Feb 16, 2000",26,1.78,Cote d'Ivoire,"[""Cote d'Ivoire""]",Left Winger,"                    0
0    Central Midfield
1  Attacking Midfield",Genoa,,,"Jul 17, 2026","Jun 30, 2027",,"Empty DataFrame
Columns: [Season, Date, Left, Joined, MV, Fee]
Index: []"
Saïd Benrahma,290532,€8.50m,"Jun 4, 2026","Aug 10, 1995",31,1.73,Algeria,"['Algeria', 'France']",Left Winger,"                    0
0        Right Winger
1  Attacking Midfield",NEOM SC,,,"Jul 3, 2025","Jun 30, 2027",,"Empty DataFrame
Columns: [Season, Date, Left, Joined, MV, Fee]
Index: []"
Trevoh Chalobah,346314,€40.00m,"Jun 3, 2026","Jul 5, 1999",27,1.93,England,"['England', 'Sierra Leone']",Centre-Back,"                    0
0  Defensive Midfield
1          Right-Back",Como,,,"Aug 9, 2026","Jun 30, 2031",,"Empty DataFrame
Columns: [Season, Date, Left, Joined, MV, Fee]
Index: []"
Casemiro,16306,€6.00m,"Jun 3, 2026","Feb 23, 1992",34,1.85,Brazil,[],Defensive Midfield,,Miami,,,"Jul 22, 2026","Jun 30, 2027",,"Empty DataFrame
Columns: [Season, Date, Left, Joined, MV, Fee]
Index: []"
Calum Chambers,215118,€900k,"May 12, 2026","Jan 20, 1995",31,1.83,England,[],Centre-Back,,Cardiff,,,"Jul 14, 2024","Jun 30, 2027",,"Empty DataFrame
Columns: [Season, Date, Left, Joined, MV, Fee]
Index: []"
Marc Albrighton,61560,,,"Nov 18, 1989",36,1.75,England,[],Right Midfield,,Retired,Leicester,"Aug 29, 2024",,,,"Empty DataFrame
Columns: [Season, Date, Left, Joined, MV, Fee]
Index: []"
Brandon Williams,507700,€800k,"Apr 9, 2026","Sep 3, 2000",26,1.8,England,['England'],Left-Back,"            0
0  Right-Back",Without Club,Hull City,"Feb 3, 2026",,,,"Empty DataFrame
Columns: [Season, Date, Left, Joined, MV, Fee]
Index: []"
Cédric Soares,112988,€500k,"May 26, 2026","Aug 31, 1991",35,1.7,Portugal,"['Germany', 'Portugal']",Right-Back,"                0
0  Right Midfield
1       Left-Back",São Paulo,,,"Jan 29, 2025","Dec 31, 2027",,"Empty DataFrame
Columns: [Season, Date, Left, Joined, MV, Fee]
Index: []"
Nathan Collins,469050,€30.00m,"Jun 3, 2026","Apr 30, 2001",25,1.93,Ireland,['Ireland'],Centre-Back,,Brentford,,,"Jul 4, 2023","Jun 30, 2029",,"Empty DataFrame
Columns: [Season, Date, Left, Joined, MV, Fee]
Index: []"
Paul Onuachu,272855,€6.00m,"May 21, 2026","May 28, 1994",32,2.01,Nigeria,[],Centre-Forward,,Trabzonspor,,,"Jul 1, 2025","Jun 30, 2028",,"Empty DataFrame
Columns: [Season, Date, Left, Joined, MV, Fee]
Index: []"
Mohamed Salah,148455,€22.00m,"Jun 3, 2026","Jun 15, 1992",34,1.75,Egypt,['Egypt'],Right Winger,"                0
0  Second Striker
1  Centre-Forward",Trabzonspor,,,"Aug 5, 2026","Jun 30, 2028",,"Empty DataFrame
Columns: [Season, Date, Left, Joined, MV, Fee]
Index: []"
Adler Nascimento,879766,,,"Nov 25, 2004",21,1.83,Portugal,"['Portugal', 'Guinea-Bissau']",Left Winger,"              0
0  Right Winger",Palace U21,,,"Jul 1, 2023",-,,"Empty DataFrame
Columns: [Season, Date, Left, Joined, MV, Fee]
Index: []"
Alex McCarthy,95976,€200k,"May 28, 2026","Dec 3, 1989",36,1.93,England,[],Goalkeeper,,Leicester,,,"Jul 16, 2026","Jun 30, 2028",,"Empty DataFrame
Columns: [Season, Date, Left, Joined, MV, Fee]
Index: []"
Liam Delap,610849,€28.00m,"Jun 3, 2026","Feb 8, 2003",23,1.85,England,[],Centre-Forward,,Nott'm Forest,,,"Aug 27, 2026","Jun 30, 2031",,"Empty DataFrame
Columns: [Season, Date, Left, Joined, MV, Fee]
Index: []"
Keinan Davis,412660,€10.00m,"May 29, 2026","Feb 13, 1998",28,1.88,England,[],Centre-Forward,,Udinese,,,"Sep 1, 2023","Jun 30, 2031",,"Empty DataFrame
Columns: [Season, Date, Left, Joined, MV, Fee]
Index: []"
Allan,126422,€1.00m,"May 26, 2026","Jan 8, 1991",35,1.75,Brazil,[],Defensive Midfield,,Botafogo,,,"Jul 10, 2024","Dec 31, 2026",,"Empty DataFrame
Columns: [Season, Date, Left, Joined, MV, Fee]
Index: []"
David Brooks,277033,€12.00m,"Jun 3, 2026","Jul 8, 1997",29,1.73,Wales,"['England', 'Wales']",Right Winger,"                    0
0  Attacking Midfield
1      Second Striker",Bournemouth,,,"Jul 1, 2018","Jun 30, 2029",,"Empty DataFrame
Columns: [Season, Date, Left, Joined, MV, Fee]
Index: []"
Jason Steele,73564,€500k,"Jun 3, 2026","Aug 18, 1990",36,1.88,England,[],Goalkeeper,,Brighton,,,"Jul 1, 2018","Jun 30, 2027",,"Empty DataFrame
Columns: [Season, Date, Left, Joined, MV, Fee]
Index: []"
Dejan Kulusevski,431755,€17.00m,"Jun 3, 2026","Apr 25, 2000",26,1.85,Sweden,"['North Macedonia', 'Sweden']",Attacking Midfield,"                  0
0      Right Winger
1  Central Midfield",Tottenham,,,"Jul 1, 2023","Jun 30, 2028",,"Empty DataFrame
Columns: [Season, Date, Left, Joined, MV, Fee]
Index: []"
João Gomes,735570,€40.00m,"Jun 3, 2026","Feb 12, 2001",25,1.75,Brazil,[],Central Midfield,,Aston Villa,,,"Jul 20, 2026","Jun 30, 2031",,"Empty DataFrame
Columns: [Season, Date, Left, Joined, MV, Fee]
Index: []"
Granit Xhaka,111455,€8.00m,"Jun 3, 2026","Sep 27, 1992",33,1.83,Switzerland,[],Defensive Midfield,,Sunderland,,,"Jul 30, 2025","Jun 30, 2028",,"Empty DataFrame
Columns: [Season, Date, Left, Joined, MV, Fee]
Index: []"
Ryan Yates,425902,€7.00m,"Jun 3, 2026","Nov 21, 1997",28,1.91,England,['England'],Central Midfield,"                    0
0  Defensive Midfield",Nott'm Forest,,,"Jul 1, 2016","Jun 30, 2028",,"Empty DataFrame
Columns: [Season, Date, Left, Joined, MV, Fee]
Index: []"
